business_date,hall,machine,machine_number,difference,games,payout_rate,source_url
2026-09-17,ライオン田中前店,沖ドキ！ＧＯＬＤ,610,,151,,https://min-repo.com/3357472/?kishu=all
2026-09-17,ライオン田中前店,沖ドキ！ＧＯＬＤ,608,1359,2526,117.9,https://min-repo.com/3357472/?kishu=all
2026-09-17,ライオン田中前店,沖ドキ！ＧＯＬＤ,607,,83,,https://min-repo.com/3357472/?kishu=all
2026-09-17,ライオン田中前店,沖ドキ！ＧＯＬＤ,606,,83,,https://min-repo.com/3357472/?kishu=all
2026-09-17,ライオン田中前店,沖ドキ！ＧＯＬＤ,605,,5620,,https://min-repo.com/3357472/?kishu=all
2026-09-17,ライオン田中前店,沖ドキ！ＧＯＬＤ,603,,88,,https://min-repo.com/3357472/?kishu=all
2026-09-17,ライオン田中前店,沖ドキ！ＧＯＬＤ,602,,146,,https://min-repo.com/3357472/?kishu=all
2026-09-17,ライオン田中前店,沖ドキ！ＧＯＬＤ,601,,63,,https://min-repo.com/3357472/?kishu=all
2026-09-17,ライオン田中前店,沖ドキ！ＧＯＬＤ,600,,94,,https://min-repo.com/3357472/?kishu=all
2026-09-17,ライオン田中前店,沖ドキ！DUO,612,0,0,,https://min-repo.com/3357472/?kishu=all
2026-09-17,ライオン田中前店,沖ドキ！DUO,611,,162,,https://min-repo.com/3357472/?kishu=all
2026-09-17,ライオン田中前店,機動戦士ガンダムユニコーン,581,0,0,,https://min-repo.com/3357472/?kishu=all
2026-09-17,ライオン田中前店,新ハナビ,651,984,3243,110.1,https://min-repo.com/3357472/?kishu=all
2026-09-17,ライオン田中前店,新ハナビ,650,51,479,103.5,https://min-repo.com/3357472/?kishu=all
2026-09-17,ライオン田中前店,回胴式遊技機グランベルム,583,0,0,,https://min-repo.com/3357472/?kishu=all
2026-09-17,ライオン田中前店,吉宗,668,45,571,102.6,https://min-repo.com/3357472/?kishu=all
2026-09-17,ライオン田中前店,交響詩篇エウレカセブン HI-EVOLUTION ZERO TYPE-ART,655,40,929,101.4,https://min-repo.com/3357472/?kishu=all
2026-09-17,ライオン田中前店,マイジャグラーV,626,,1922,,https://min-repo.com/3357472/?kishu=all
2026-09-17,ライオン田中前店,マイジャグラーV,625,,289,,https://min-repo.com/3357472/?kishu=all
2026-09-17,ライオン田中前店,マイジャグラーV,623,,315,,https://min-repo.com/3357472/?kishu=all
2026-09-17,ライオン田中前店,マイジャグラーV,622,,1730,,https://min-repo.com/3357472/?kishu=all
2026-09-17,ライオン田中前店,ファンキージャグラー２ＫＴ,633,1126,1631,123.0,https://min-repo.com/3357472/?kishu=all
2026-09-17,ライオン田中前店,ファンキージャグラー２ＫＴ,632,,112,,https://min-repo.com/3357472/?kishu=all
2026-09-17,ライオン田中前店,ファンキージャグラー２ＫＴ,631,,576,,https://min-repo.com/3357472/?kishu=all
2026-09-17,ライオン田中前店,ファンキージャグラー２ＫＴ,630,,137,,https://min-repo.com/3357472/?kishu=all
2026-09-17,ライオン田中前店,ファンキージャグラー２ＫＴ,628,,282,,https://min-repo.com/3357472/?kishu=all
2026-09-17,ライオン田中前店,ファンキージャグラー２ＫＴ,627,,247,,https://min-repo.com/3357472/?kishu=all
2026-09-17,ライオン田中前店,ファミスタ回胴版！！,653,0,0,,https://min-repo.com/3357472/?kishu=all
2026-09-17,ライオン田中前店,パチスロ炎炎ノ消防隊,580,0,0,,https://min-repo.com/3357472/?kishu=all
2026-09-17,ライオン田中前店,パチスロ　甲鉄城のカバネリ,588,0,0,,https://min-repo.com/3357472/?kishu=all
2026-09-17,ライオン田中前店,パチスロ　甲鉄城のカバネリ,587,0,0,,https://min-repo.com/3357472/?kishu=all
2026-09-17,ライオン田中前店,パチスロ　甲鉄城のカバネリ,586,0,0,,https://min-repo.com/3357472/?kishu=all
2026-09-17,ライオン田中前店,パチスロ　新世紀エヴァンゲリオン　魂の共鳴,582,0,0,,https://min-repo.com/3357472/?kishu=all
2026-09-17,ライオン田中前店,パチスロ　バイオハザード　ＲＥ：２,585,0,0,,https://min-repo.com/3357472/?kishu=all
2026-09-17,ライオン田中前店,パチスロ　ディスクアップ２,652,,560,,https://min-repo.com/3357472/?kishu=all
2026-09-17,ライオン田中前店,ハナハナホウオウ～天翔～,638,0,0,,https://min-repo.com/3357472/?kishu=all
2026-09-17,ライオン田中前店,ハナハナホウオウ～天翔～,637,0,0,,https://min-repo.com/3357472/?kishu=all
2026-09-17,ライオン田中前店,ハナハナホウオウ～天翔～,636,,250,,https://min-repo.com/3357472/?kishu=all
2026-09-17,ライオン田中前店,ハナハナホウオウ～天翔～,635,0,0,,https://min-repo.com/3357472/?kishu=all
2026-09-17,ライオン田中前店,ハッピージャグラーＶＩＩＩ,620,358,1154,110.3,https://min-repo.com/3357472/?kishu=all
2026-09-17,ライオン田中前店,ハッピージャグラーＶＩＩＩ,618,,102,,https://min-repo.com/3357472/?kishu=all
2026-09-17,ライオン田中前店,ニューパルサーSP4 with 太鼓の達人,613,0,0,,https://min-repo.com/3357472/?kishu=all
2026-09-17,ライオン田中前店,チバリヨ2,658,,469,,https://min-repo.com/3357472/?kishu=all
2026-09-17,ライオン田中前店,スマスロ頭文字D 2nd,660,0,0,,https://min-repo.com/3357472/?kishu=all
2026-09-17,ライオン田中前店,スマスロ鉄拳6,672,0,0,,https://min-repo.com/3357472/?kishu=all
2026-09-17,ライオン田中前店,スマスロ痛いのは嫌なので防御力に極振りしたいと思います。,666,0,0,,https://min-repo.com/3357472/?kishu=all
2026-09-17,ライオン田中前店,スマスロ新鬼武者3,665,0,0,,https://min-repo.com/3357472/?kishu=all
2026-09-17,ライオン田中前店,スマスロ北斗の拳 転生の章2,575,,239,,https://min-repo.com/3357472/?kishu=all
2026-09-17,ライオン田中前店,スマスロ化物語,670,0,0,,https://min-repo.com/3357472/?kishu=all
2026-09-17,ライオン田中前店,スマスロモンキーターンV,676,,4060,,https://min-repo.com/3357472/?kishu=all
2026-09-17,ライオン田中前店,スマスロニューパルサーBT,656,0,0,,https://min-repo.com/3357472/?kishu=all
2026-09-17,ライオン田中前店,スマスロ 甲鉄城のカバネリ 海門決戦,573,464,477,132.4,https://min-repo.com/3357472/?kishu=all
2026-09-17,ライオン田中前店,スマスロ 甲鉄城のカバネリ 海門決戦,572,0,0,,https://min-repo.com/3357472/?kishu=all
2026-09-17,ライオン田中前店,スマスロ 東京リベンジャーズ,667,0,0,,https://min-repo.com/3357472/?kishu=all
2026-09-17,ライオン田中前店,スマスロ リコリス・リコイル,677,,1514,,https://min-repo.com/3357472/?kishu=all
2026-09-17,ライオン田中前店,スマスロ ゴッドイーター リザレクション,675,0,0,,https://min-repo.com/3357472/?kishu=all
2026-09-17,ライオン田中前店,スマスロ ゴッドイーター リザレクション,673,0,0,,https://min-repo.com/3357472/?kishu=all
2026-09-17,ライオン田中前店,ゴーゴージャグラー３,621,,393,,https://min-repo.com/3357472/?kishu=all
2026-09-17,ライオン田中前店,SアイムジャグラーＥＸ,617,,156,,https://min-repo.com/3357472/?kishu=all
2026-09-17,ライオン田中前店,SアイムジャグラーＥＸ,616,0,0,,https://min-repo.com/3357472/?kishu=all
2026-09-17,ライオン田中前店,SアイムジャグラーＥＸ,615,0,0,,https://min-repo.com/3357472/?kishu=all
2026-09-17,ライオン田中前店,L東京喰種,571,,295,,https://min-repo.com/3357472/?kishu=all
2026-09-17,ライオン田中前店,L東京喰種,570,,895,,https://min-repo.com/3357472/?kishu=all
2026-09-17,ライオン田中前店,L戦国乙女４　戦乱に閃く炯眼の軍師,663,0,0,,https://min-repo.com/3357472/?kishu=all
2026-09-17,ライオン田中前店,Lラブ嬢3～Wご指名はいかがですか?～,662,0,0,,https://min-repo.com/3357472/?kishu=all
2026-09-17,ライオン田中前店,Lパチスロ革命機ヴァルヴレイヴ2,566,,314,,https://min-repo.com/3357472/?kishu=all
2026-09-17,ライオン田中前店,Lパチスロ革命機ヴァルヴレイヴ2,565,1975,1363,148.3,https://min-repo.com/3357472/?kishu=all
2026-09-17,ライオン田中前店,Lパチスロ炎炎ノ消防隊,661,0,0,,https://min-repo.com/3357472/?kishu=all
2026-09-17,ライオン田中前店,Lパチスロ戦姫絶唱シンフォギア 正義の歌,563,0,0,,https://min-repo.com/3357472/?kishu=all
2026-09-17,ライオン田中前店,Lパチスロからくりサーカス,562,0,0,,https://min-repo.com/3357472/?kishu=all
2026-09-17,ライオン田中前店,Lパチスロからくりサーカス,561,5329,1000,277.6,https://min-repo.com/3357472/?kishu=all
2026-09-17,ライオン田中前店,Lパチスロ かぐや様は告らせたい,568,0,0,,https://min-repo.com/3357472/?kishu=all
2026-09-17,ライオン田中前店,Lパチスロ かぐや様は告らせたい,567,0,0,,https://min-repo.com/3357472/?kishu=all
2026-09-17,ライオン田中前店,Lスマスロ北斗の拳,578,,62,,https://min-repo.com/3357472/?kishu=all
2026-09-17,ライオン田中前店,Lスマスロ北斗の拳,577,640,1881,111.3,https://min-repo.com/3357472/?kishu=all
2026-09-17,ライオン田中前店,Lスマスロ北斗の拳,576,218,668,110.9,https://min-repo.com/3357472/?kishu=all
2026-09-17,ライオン田中前店,LBパチスロ ヱヴァンゲリヲン～約束の扉～,657,0,0,,https://min-repo.com/3357472/?kishu=all
2026-09-17,ライオン田中前店,L ToLOVEるダークネス,671,0,0,,https://min-repo.com/3357472/?kishu=all
2026-09-17,ユニオンザプライム太子堂店,真打 吉宗,606,0,195,100.0,https://min-repo.com/3357351/?kishu=all
2026-09-17,ユニオンザプライム太子堂店,沖ドキ！BLACK,710,,349,,https://min-repo.com/3357351/?kishu=all
2026-09-17,ユニオンザプライム太子堂店,沖ドキ！BLACK,709,1,196,100.2,https://min-repo.com/3357351/?kishu=all
2026-09-17,ユニオンザプライム太子堂店,沖ドキ！BLACK,708,,157,,https://min-repo.com/3357351/?kishu=all
2026-09-17,ユニオンザプライム太子堂店,沖ドキ！BLACK,707,,1249,,https://min-repo.com/3357351/?kishu=all
2026-09-17,ユニオンザプライム太子堂店,沖ドキ！BLACK,706,,268,,https://min-repo.com/3357351/?kishu=all
2026-09-17,ユニオンザプライム太子堂店,沖ドキ！BLACK,655,,213,,https://min-repo.com/3357351/?kishu=all
2026-09-17,ユニオンザプライム太子堂店,沖ドキ！BLACK,654,,516,,https://min-repo.com/3357351/?kishu=all
2026-09-17,ユニオンザプライム太子堂店,沖ドキ！BLACK,653,,295,,https://min-repo.com/3357351/?kishu=all
2026-09-17,ユニオンザプライム太子堂店,沖ドキ！BLACK,652,1,113,100.3,https://min-repo.com/3357351/?kishu=all
2026-09-17,ユニオンザプライム太子堂店,沖ドキ！BLACK,651,,1085,,https://min-repo.com/3357351/?kishu=all
2026-09-17,ユニオンザプライム太子堂店,新ハナビ,600,1,1088,100.0,https://min-repo.com/3357351/?kishu=all
2026-09-17,ユニオンザプライム太子堂店,新ハナビ,597,,1548,,https://min-repo.com/3357351/?kishu=all
2026-09-17,ユニオンザプライム太子堂店,押忍！番長ＺＥＲＯ,591,0,0,,https://min-repo.com/3357351/?kishu=all
2026-09-17,ユニオンザプライム太子堂店,戦国コレクション6,524,1,484,100.1,https://min-repo.com/3357351/?kishu=all
2026-09-17,ユニオンザプライム太子堂店,戦国コレクション6,523,0,0,,https://min-repo.com/3357351/?kishu=all
2026-09-17,ユニオンザプライム太子堂店,マジカルハロウィン　～Trick or Treat!～,551,,265,,https://min-repo.com/3357351/?kishu=all
2026-09-17,ユニオンザプライム太子堂店,マイジャグラーV,628,,3155,,https://min-repo.com/3357351/?kishu=all
2026-09-17,ユニオンザプライム太子堂店,マイジャグラーV,627,,977,,https://min-repo.com/3357351/?kishu=all
2026-09-17,ユニオンザプライム太子堂店,マイジャグラーV,626,1,1179,100.0,https://min-repo.com/3357351/?kishu=all
2026-09-17,ユニオンザプライム太子堂店,マイジャグラーV,625,,1725,,https://min-repo.com/3357351/?kishu=all
2026-09-17,ユニオンザプライム太子堂店,マイジャグラーV,624,,2112,,https://min-repo.com/3357351/?kishu=all
2026-09-17,ユニオンザプライム太子堂店,マイジャグラーV,623,,3392,,https://min-repo.com/3357351/?kishu=all
2026-09-17,ユニオンザプライム太子堂店,マイジャグラーV,622,1,624,100.1,https://min-repo.com/3357351/?kishu=all
2026-09-17,ユニオンザプライム太子堂店,マイジャグラーV,621,,4212,,https://min-repo.com/3357351/?kishu=all
2026-09-17,ユニオンザプライム太子堂店,ファミスタ回胴版！！,598,1,522,100.1,https://min-repo.com/3357351/?kishu=all
2026-09-17,ユニオンザプライム太子堂店,パチスロ見える子ちゃん,608,,5639,,https://min-repo.com/3357351/?kishu=all
2026-09-17,ユニオンザプライム太子堂店,パチスロ炎炎ノ消防隊,596,,104,,https://min-repo.com/3357351/?kishu=all
2026-09-17,ユニオンザプライム太子堂店,パチスロ炎炎ノ消防隊,593,0,0,,https://min-repo.com/3357351/?kishu=all
2026-09-17,ユニオンザプライム太子堂店,パチスロ傷物語,594,,6840,,https://min-repo.com/3357351/?kishu=all
2026-09-17,ユニオンザプライム太子堂店,パチスロ　新鬼武者２,605,0,0,,https://min-repo.com/3357351/?kishu=all
2026-09-17,ユニオンザプライム太子堂店,パチスロ　新鬼武者２,604,0,0,,https://min-repo.com/3357351/?kishu=all
2026-09-17,ユニオンザプライム太子堂店,パチスロ　新鬼武者２,603,0,0,,https://min-repo.com/3357351/?kishu=all
2026-09-17,ユニオンザプライム太子堂店,パチスロ　戦姫絶唱シンフォギア　勇気の歌,592,,1023,,https://min-repo.com/3357351/?kishu=all
2026-09-17,ユニオンザプライム太子堂店,ハッピージャグラーＶＩＩＩ,632,,2457,,https://min-repo.com/3357351/?kishu=all
2026-09-17,ユニオンザプライム太子堂店,ハッピージャグラーＶＩＩＩ,631,,282,,https://min-repo.com/3357351/?kishu=all
2026-09-17,ユニオンザプライム太子堂店,ハッピージャグラーＶＩＩＩ,630,,4789,,https://min-repo.com/3357351/?kishu=all
2026-09-17,ユニオンザプライム太子堂店,ハッピージャグラーＶＩＩＩ,629,,351,,https://min-repo.com/3357351/?kishu=all
2026-09-17,ユニオンザプライム太子堂店,ハイビリターン-30,660,,1429,,https://min-repo.com/3357351/?kishu=all
2026-09-17,ユニオンザプライム太子堂店,ハイビリターン-30,659,1,801,100.0,https://min-repo.com/3357351/?kishu=all
2026-09-17,ユニオンザプライム太子堂店,ハイビリターン-30,658,,33,,https://min-repo.com/3357351/?kishu=all
2026-09-17,ユニオンザプライム太子堂店,ハイビリターン-30,657,,3571,,https://min-repo.com/3357351/?kishu=all
2026-09-17,ユニオンザプライム太子堂店,ハイビリターン-30,656,1,1647,100.0,https://min-repo.com/3357351/?kishu=all
2026-09-17,ユニオンザプライム太子堂店,ネオアイムジャグラーEX,640,,1263,,https://min-repo.com/3357351/?kishu=all
2026-09-17,ユニオンザプライム太子堂店,ネオアイムジャグラーEX,639,,89,,https://min-repo.com/3357351/?kishu=all
2026-09-17,ユニオンザプライム太子堂店,ネオアイムジャグラーEX,638,1,4989,100.0,https://min-repo.com/3357351/?kishu=all
2026-09-17,ユニオンザプライム太子堂店,ニューキングハナハナV‐30,720,,202,,https://min-repo.com/3357351/?kishu=all
2026-09-17,ユニオンザプライム太子堂店,ニューキングハナハナV‐30,719,,1214,,https://min-repo.com/3357351/?kishu=all
2026-09-17,ユニオンザプライム太子堂店,ニューキングハナハナV‐30,718,,456,,https://min-repo.com/3357351/?kishu=all
2026-09-17,ユニオンザプライム太子堂店,ニューキングハナハナV‐30,717,,517,,https://min-repo.com/3357351/?kishu=all
2026-09-17,ユニオンザプライム太子堂店,ニューキングハナハナV‐30,716,,406,,https://min-repo.com/3357351/?kishu=all
2026-09-17,ユニオンザプライム太子堂店,ニューキングハナハナV‐30,715,,688,,https://min-repo.com/3357351/?kishu=all
2026-09-17,ユニオンザプライム太子堂店,ニューキングハナハナV‐30,714,,95,,https://min-repo.com/3357351/?kishu=all
2026-09-17,ユニオンザプライム太子堂店,ニューキングハナハナV‐30,713,,119,,https://min-repo.com/3357351/?kishu=all
2026-09-17,ユニオンザプライム太子堂店,ドラゴンハナハナ～閃光～‐30,712,1,342,100.1,https://min-repo.com/3357351/?kishu=all
2026-09-17,ユニオンザプライム太子堂店,ドラゴンハナハナ～閃光～‐30,711,,39,,https://min-repo.com/3357351/?kishu=all
2026-09-17,ユニオンザプライム太子堂店,ドラゴンハナハナ～閃光～‐30,650,0,0,,https://min-repo.com/3357351/?kishu=all
2026-09-17,ユニオンザプライム太子堂店,ドラゴンハナハナ～閃光～‐30,649,0,0,,https://min-repo.com/3357351/?kishu=all
2026-09-17,ユニオンザプライム太子堂店,ドラゴンハナハナ～閃光～‐30,648,0,0,,https://min-repo.com/3357351/?kishu=all
2026-09-17,ユニオンザプライム太子堂店,スマート沖スロ ダークハイビ,702,,469,,https://min-repo.com/3357351/?kishu=all
2026-09-17,ユニオンザプライム太子堂店,スマート沖スロ ダークハイビ,701,,373,,https://min-repo.com/3357351/?kishu=all
2026-09-17,ユニオンザプライム太子堂店,スマスロ鉄拳6,488,,687,,https://min-repo.com/3357351/?kishu=all
2026-09-17,ユニオンザプライム太子堂店,スマスロ鉄拳6,487,1,332,100.1,https://min-repo.com/3357351/?kishu=all
2026-09-17,ユニオンザプライム太子堂店,スマスロ秘宝伝,507,0,0,,https://min-repo.com/3357351/?kishu=all
2026-09-17,ユニオンザプライム太子堂店,スマスロ秘宝伝,506,0,0,,https://min-repo.com/3357351/?kishu=all
2026-09-17,ユニオンザプライム太子堂店,スマスロ北斗の拳 転生の章2,533,1,997,100.0,https://min-repo.com/3357351/?kishu=all
2026-09-17,ユニオンザプライム太子堂店,スマスロ北斗の拳 転生の章2,532,1,1704,100.0,https://min-repo.com/3357351/?kishu=all
2026-09-17,ユニオンザプライム太子堂店,スマスロ北斗の拳 転生の章2,531,,1571,,https://min-repo.com/3357351/?kishu=all
2026-09-17,ユニオンザプライム太子堂店,スマスロ北斗の拳 転生の章2,510,,803,,https://min-repo.com/3357351/?kishu=all
2026-09-17,ユニオンザプライム太子堂店,スマスロ北斗の拳 転生の章2,509,1,1960,100.0,https://min-repo.com/3357351/?kishu=all
2026-09-17,ユニオンザプライム太子堂店,スマスロ北斗の拳 転生の章2,508,,215,,https://min-repo.com/3357351/?kishu=all
2026-09-17,ユニオンザプライム太子堂店,スマスロ化物語,517,,386,,https://min-repo.com/3357351/?kishu=all
2026-09-17,ユニオンザプライム太子堂店,スマスロ化物語,516,,572,,https://min-repo.com/3357351/?kishu=all
2026-09-17,ユニオンザプライム太子堂店,スマスロ化物語,515,0,0,,https://min-repo.com/3357351/?kishu=all
2026-09-17,ユニオンザプライム太子堂店,スマスロ化物語,514,0,0,,https://min-repo.com/3357351/?kishu=all
2026-09-17,ユニオンザプライム太子堂店,スマスロ化物語,513,0,0,,https://min-repo.com/3357351/?kishu=all
2026-09-17,ユニオンザプライム太子堂店,スマスロモンキーターンV,615,,668,,https://min-repo.com/3357351/?kishu=all
2026-09-17,ユニオンザプライム太子堂店,スマスロモンキーターンV,614,,1158,,https://min-repo.com/3357351/?kishu=all
2026-09-17,ユニオンザプライム太子堂店,スマスロモンキーターンV,613,,474,,https://min-repo.com/3357351/?kishu=all
2026-09-17,ユニオンザプライム太子堂店,スマスロモンキーターンV,612,0,0,,https://min-repo.com/3357351/?kishu=all
2026-09-17,ユニオンザプライム太子堂店,スマスロモンキーターンV,611,,680,,https://min-repo.com/3357351/?kishu=all
2026-09-17,ユニオンザプライム太子堂店,スマスロモンキーターンV,590,,124,,https://min-repo.com/3357351/?kishu=all
2026-09-17,ユニオンザプライム太子堂店,スマスロモンキーターンV,589,,786,,https://min-repo.com/3357351/?kishu=all
2026-09-17,ユニオンザプライム太子堂店,スマスロモンキーターンV,588,,1102,,https://min-repo.com/3357351/?kishu=all
2026-09-17,ユニオンザプライム太子堂店,スマスロモンキーターンV,587,,1598,,https://min-repo.com/3357351/?kishu=all
2026-09-17,ユニオンザプライム太子堂店,スマスロモンキーターンV,586,1,122,100.3,https://min-repo.com/3357351/?kishu=all
2026-09-17,ユニオンザプライム太子堂店,スマスロ 甲鉄城のカバネリ 海門決戦,486,0,0,,https://min-repo.com/3357351/?kishu=all
2026-09-17,ユニオンザプライム太子堂店,スマスロ 甲鉄城のカバネリ 海門決戦,485,0,0,,https://min-repo.com/3357351/?kishu=all
2026-09-17,ユニオンザプライム太子堂店,スマスロ 甲鉄城のカバネリ 海門決戦,484,,1007,,https://min-repo.com/3357351/?kishu=all
2026-09-17,ユニオンザプライム太子堂店,スマスロ 甲鉄城のカバネリ 海門決戦,483,,1059,,https://min-repo.com/3357351/?kishu=all
2026-09-17,ユニオンザプライム太子堂店,スマスロ 甲鉄城のカバネリ 海門決戦,482,0,0,,https://min-repo.com/3357351/?kishu=all
2026-09-17,ユニオンザプライム太子堂店,スマスロ 甲鉄城のカバネリ 海門決戦,481,0,0,,https://min-repo.com/3357351/?kishu=all
2026-09-17,ユニオンザプライム太子堂店,スマスロ 沖ドキ!DUO アンコール,705,0,0,,https://min-repo.com/3357351/?kishu=all
2026-09-17,ユニオンザプライム太子堂店,スマスロ 沖ドキ!DUO アンコール,704,,1688,,https://min-repo.com/3357351/?kishu=all
2026-09-17,ユニオンザプライム太子堂店,スマスロ 東京リベンジャーズ,530,0,0,,https://min-repo.com/3357351/?kishu=all
2026-09-17,ユニオンザプライム太子堂店,スマスロ 東京リベンジャーズ,529,1,3519,100.0,https://min-repo.com/3357351/?kishu=all
2026-09-17,ユニオンザプライム太子堂店,スマスロ 東京リベンジャーズ,528,1,1941,100.0,https://min-repo.com/3357351/?kishu=all
2026-09-17,ユニオンザプライム太子堂店,スマスロ 攻殻機動隊,512,1,133,100.3,https://min-repo.com/3357351/?kishu=all
2026-09-17,ユニオンザプライム太子堂店,スマスロ 攻殻機動隊,511,,415,,https://min-repo.com/3357351/?kishu=all
2026-09-17,ユニオンザプライム太子堂店,スマスロ リコリス・リコイル,505,1,2545,100.0,https://min-repo.com/3357351/?kishu=all
2026-09-17,ユニオンザプライム太子堂店,スマスロ リコリス・リコイル,504,1,4948,100.0,https://min-repo.com/3357351/?kishu=all
2026-09-17,ユニオンザプライム太子堂店,スマスロ リコリス・リコイル,503,,4303,,https://min-repo.com/3357351/?kishu=all
2026-09-17,ユニオンザプライム太子堂店,スマスロ リコリス・リコイル,502,,1924,,https://min-repo.com/3357351/?kishu=all
2026-09-17,ユニオンザプライム太子堂店,スマスロ リコリス・リコイル,501,,2179,,https://min-repo.com/3357351/?kishu=all
2026-09-17,ユニオンザプライム太子堂店,スマスロ ミリオンゴッド-神々の軌跡-,540,,2758,,https://min-repo.com/3357351/?kishu=all
2026-09-17,ユニオンザプライム太子堂店,スマスロ ミリオンゴッド-神々の軌跡-,539,,2814,,https://min-repo.com/3357351/?kishu=all
2026-09-17,ユニオンザプライム太子堂店,スマスロ ミリオンゴッド-神々の軌跡-,538,,3656,,https://min-repo.com/3357351/?kishu=all
2026-09-17,ユニオンザプライム太子堂店,スマスロ バイオハザードRE:3,602,0,0,,https://min-repo.com/3357351/?kishu=all
2026-09-17,ユニオンザプライム太子堂店,スマスロ バイオハザードRE:3,601,,1353,,https://min-repo.com/3357351/?kishu=all
2026-09-17,ユニオンザプライム太子堂店,スマスロ ハナビ,560,,4238,,https://min-repo.com/3357351/?kishu=all
2026-09-17,ユニオンザプライム太子堂店,スマスロ ハナビ,559,,114,,https://min-repo.com/3357351/?kishu=all
2026-09-17,ユニオンザプライム太子堂店,スマスロ ハナビ,558,1,4465,100.0,https://min-repo.com/3357351/?kishu=all
2026-09-17,ユニオンザプライム太子堂店,スマスロ スーパーブラックジャック,556,0,0,,https://min-repo.com/3357351/?kishu=all
2026-09-17,ユニオンザプライム太子堂店,スマスロ ストリートファイター6,520,1,841,100.0,https://min-repo.com/3357351/?kishu=all
2026-09-17,ユニオンザプライム太子堂店,スマスロ ストリートファイター6,519,0,0,,https://min-repo.com/3357351/?kishu=all
2026-09-17,ユニオンザプライム太子堂店,スマスロ ストリートファイター6,518,,351,,https://min-repo.com/3357351/?kishu=all
2026-09-17,ユニオンザプライム太子堂店,スマスロ ゴッドイーター リザレクション,492,,286,,https://min-repo.com/3357351/?kishu=all
2026-09-17,ユニオンザプライム太子堂店,スマスロ ゴッドイーター リザレクション,491,1,752,100.0,https://min-repo.com/3357351/?kishu=all
2026-09-17,ユニオンザプライム太子堂店,スマスロ ゴッドイーター リザレクション,490,0,0,,https://min-repo.com/3357351/?kishu=all
2026-09-17,ユニオンザプライム太子堂店,スマスロ ゴッドイーター リザレクション,489,0,0,,https://min-repo.com/3357351/?kishu=all
2026-09-17,ユニオンザプライム太子堂店,スマスロ やじきた道中記参る！,546,1,1165,100.0,https://min-repo.com/3357351/?kishu=all
2026-09-17,ユニオンザプライム太子堂店,スターハナハナ-30,644,1,183,100.2,https://min-repo.com/3357351/?kishu=all
2026-09-17,ユニオンザプライム太子堂店,スターハナハナ-30,643,1,837,100.0,https://min-repo.com/3357351/?kishu=all
2026-09-17,ユニオンザプライム太子堂店,スターハナハナ-30,642,,29,,https://min-repo.com/3357351/?kishu=all
2026-09-17,ユニオンザプライム太子堂店,スターハナハナ-30,641,1,3709,100.0,https://min-repo.com/3357351/?kishu=all
2026-09-17,ユニオンザプライム太子堂店,ジャグラーガールズSS,572,1,259,100.1,https://min-repo.com/3357351/?kishu=all
2026-09-17,ユニオンザプライム太子堂店,ジャグラーガールズSS,571,1,3144,100.0,https://min-repo.com/3357351/?kishu=all
2026-09-17,ユニオンザプライム太子堂店,ジャグラーガールズSS,570,,228,,https://min-repo.com/3357351/?kishu=all
2026-09-17,ユニオンザプライム太子堂店,ジャグラーガールズSS,569,1,197,100.2,https://min-repo.com/3357351/?kishu=all
2026-09-17,ユニオンザプライム太子堂店,ジャグラーガールズSS,568,,533,,https://min-repo.com/3357351/?kishu=all
2026-09-17,ユニオンザプライム太子堂店,シャア専用パチスロ　逆襲の赤い彗星,595,0,0,,https://min-repo.com/3357351/?kishu=all
2026-09-17,ユニオンザプライム太子堂店,サンダーＶライトニング,599,,1063,,https://min-repo.com/3357351/?kishu=all
2026-09-17,ユニオンザプライム太子堂店,ゴーゴージャグラー３,580,,673,,https://min-repo.com/3357351/?kishu=all
2026-09-17,ユニオンザプライム太子堂店,ゴーゴージャグラー３,579,1,2407,100.0,https://min-repo.com/3357351/?kishu=all
2026-09-17,ユニオンザプライム太子堂店,ゴーゴージャグラー３,578,1,2712,100.0,https://min-repo.com/3357351/?kishu=all
2026-09-17,ユニオンザプライム太子堂店,ゴーゴージャグラー３,577,,1276,,https://min-repo.com/3357351/?kishu=all
2026-09-17,ユニオンザプライム太子堂店,ゴーゴージャグラー３,576,,316,,https://min-repo.com/3357351/?kishu=all
2026-09-17,ユニオンザプライム太子堂店,ゴーゴージャグラー３,575,,1318,,https://min-repo.com/3357351/?kishu=all
2026-09-17,ユニオンザプライム太子堂店,ゴーゴージャグラー３,574,,346,,https://min-repo.com/3357351/?kishu=all
2026-09-17,ユニオンザプライム太子堂店,ゴーゴージャグラー３,573,1,3425,100.0,https://min-repo.com/3357351/?kishu=all
2026-09-17,ユニオンザプライム太子堂店,クレアの秘宝伝～はじまりの扉と太陽の石～ボーナストリガーver.,550,,530,,https://min-repo.com/3357351/?kishu=all
2026-09-17,ユニオンザプライム太子堂店,キングハナハナ-30,647,,37,,https://min-repo.com/3357351/?kishu=all
2026-09-17,ユニオンザプライム太子堂店,キングハナハナ-30,646,,34,,https://min-repo.com/3357351/?kishu=all
2026-09-17,ユニオンザプライム太子堂店,キングハナハナ-30,645,1,297,100.1,https://min-repo.com/3357351/?kishu=all
2026-09-17,ユニオンザプライム太子堂店,アレックス ブライト,548,,678,,https://min-repo.com/3357351/?kishu=all
2026-09-17,ユニオンザプライム太子堂店,アレックス ブライト,547,,25,,https://min-repo.com/3357351/?kishu=all
2026-09-17,ユニオンザプライム太子堂店,SアイムジャグラーＥＸ,637,,439,,https://min-repo.com/3357351/?kishu=all
2026-09-17,ユニオンザプライム太子堂店,SアイムジャグラーＥＸ,636,,1227,,https://min-repo.com/3357351/?kishu=all
2026-09-17,ユニオンザプライム太子堂店,SアイムジャグラーＥＸ,635,1,1993,100.0,https://min-repo.com/3357351/?kishu=all
2026-09-17,ユニオンザプライム太子堂店,SアイムジャグラーＥＸ,634,,359,,https://min-repo.com/3357351/?kishu=all
2026-09-17,ユニオンザプライム太子堂店,SアイムジャグラーＥＸ,633,,215,,https://min-repo.com/3357351/?kishu=all
2026-09-17,ユニオンザプライム太子堂店,SアイムジャグラーＥＸ,567,,3123,,https://min-repo.com/3357351/?kishu=all
2026-09-17,ユニオンザプライム太子堂店,SアイムジャグラーＥＸ,566,,235,,https://min-repo.com/3357351/?kishu=all
2026-09-17,ユニオンザプライム太子堂店,SアイムジャグラーＥＸ,565,,518,,https://min-repo.com/3357351/?kishu=all
2026-09-17,ユニオンザプライム太子堂店,SアイムジャグラーＥＸ,564,1,1604,100.0,https://min-repo.com/3357351/?kishu=all
2026-09-17,ユニオンザプライム太子堂店,SアイムジャグラーＥＸ,563,,851,,https://min-repo.com/3357351/?kishu=all
2026-09-17,ユニオンザプライム太子堂店,SアイムジャグラーＥＸ,562,1,491,100.1,https://min-repo.com/3357351/?kishu=all
2026-09-17,ユニオンザプライム太子堂店,SアイムジャグラーＥＸ,561,,1278,,https://min-repo.com/3357351/?kishu=all
2026-09-17,ユニオンザプライム太子堂店,SHAKE BONUS TRIGGER,549,1,2663,100.0,https://min-repo.com/3357351/?kishu=all
2026-09-17,ユニオンザプライム太子堂店,L青春ブタ野郎はバニーガール先輩の夢を見ない,522,,2425,,https://min-repo.com/3357351/?kishu=all
2026-09-17,ユニオンザプライム太子堂店,L青春ブタ野郎はバニーガール先輩の夢を見ない,521,1,1496,100.0,https://min-repo.com/3357351/?kishu=all
2026-09-17,ユニオンザプライム太子堂店,L絶対衝激IV,554,0,0,,https://min-repo.com/3357351/?kishu=all
2026-09-17,ユニオンザプライム太子堂店,L範馬刃牙,557,0,0,,https://min-repo.com/3357351/?kishu=all
2026-09-17,ユニオンザプライム太子堂店,L東京喰種,620,,1665,,https://min-repo.com/3357351/?kishu=all
2026-09-17,ユニオンザプライム太子堂店,L東京喰種,619,,253,,https://min-repo.com/3357351/?kishu=all
2026-09-17,ユニオンザプライム太子堂店,L東京喰種,618,,510,,https://min-repo.com/3357351/?kishu=all
2026-09-17,ユニオンザプライム太子堂店,L東京喰種,617,1,602,100.1,https://min-repo.com/3357351/?kishu=all
2026-09-17,ユニオンザプライム太子堂店,L東京喰種,616,,134,,https://min-repo.com/3357351/?kishu=all
2026-09-17,ユニオンザプライム太子堂店,L東京喰種,585,,215,,https://min-repo.com/3357351/?kishu=all
2026-09-17,ユニオンザプライム太子堂店,L東京喰種,584,,2678,,https://min-repo.com/3357351/?kishu=all
2026-09-17,ユニオンザプライム太子堂店,L東京喰種,583,,626,,https://min-repo.com/3357351/?kishu=all
2026-09-17,ユニオンザプライム太子堂店,L東京喰種,582,,696,,https://min-repo.com/3357351/?kishu=all
2026-09-17,ユニオンザプライム太子堂店,L東京喰種,581,,787,,https://min-repo.com/3357351/?kishu=all
2026-09-17,ユニオンザプライム太子堂店,L戦国乙女5 業火を穿つ宿焔の双刃,545,0,0,,https://min-repo.com/3357351/?kishu=all
2026-09-17,ユニオンザプライム太子堂店,L戦国乙女5 業火を穿つ宿焔の双刃,544,0,0,,https://min-repo.com/3357351/?kishu=all
2026-09-17,ユニオンザプライム太子堂店,L戦国乙女5 業火を穿つ宿焔の双刃,543,,2028,,https://min-repo.com/3357351/?kishu=all
2026-09-17,ユニオンザプライム太子堂店,L戦国乙女5 業火を穿つ宿焔の双刃,542,0,0,,https://min-repo.com/3357351/?kishu=all
2026-09-17,ユニオンザプライム太子堂店,L戦国乙女5 業火を穿つ宿焔の双刃,541,0,0,,https://min-repo.com/3357351/?kishu=all
2026-09-17,ユニオンザプライム太子堂店,L戦国乙女5 業火を穿つ宿焔の双刃,500,0,0,,https://min-repo.com/3357351/?kishu=all
2026-09-17,ユニオンザプライム太子堂店,L戦国乙女5 業火を穿つ宿焔の双刃,499,0,0,,https://min-repo.com/3357351/?kishu=all
2026-09-17,ユニオンザプライム太子堂店,L戦国乙女5 業火を穿つ宿焔の双刃,498,,1739,,https://min-repo.com/3357351/?kishu=all
2026-09-17,ユニオンザプライム太子堂店,L戦国乙女5 業火を穿つ宿焔の双刃,497,0,0,,https://min-repo.com/3357351/?kishu=all
2026-09-17,ユニオンザプライム太子堂店,L戦国乙女5 業火を穿つ宿焔の双刃,496,,1954,,https://min-repo.com/3357351/?kishu=all
2026-09-17,ユニオンザプライム太子堂店,L南国育ち SPECIAL,703,,250,,https://min-repo.com/3357351/?kishu=all
2026-09-17,ユニオンザプライム太子堂店,Lパチスロ革命機ヴァルヴレイヴ2,537,1,2101,100.0,https://min-repo.com/3357351/?kishu=all
2026-09-17,ユニオンザプライム太子堂店,Lパチスロ革命機ヴァルヴレイヴ2,536,1,1018,100.0,https://min-repo.com/3357351/?kishu=all
2026-09-17,ユニオンザプライム太子堂店,Lパチスロ革命機ヴァルヴレイヴ2,535,,428,,https://min-repo.com/3357351/?kishu=all
2026-09-17,ユニオンザプライム太子堂店,Lパチスロ革命機ヴァルヴレイヴ2,534,,4300,,https://min-repo.com/3357351/?kishu=all
2026-09-17,ユニオンザプライム太子堂店,Lパチスロからくりサーカス2,495,,58,,https://min-repo.com/3357351/?kishu=all
2026-09-17,ユニオンザプライム太子堂店,Lパチスロからくりサーカス2,494,,117,,https://min-repo.com/3357351/?kishu=all
2026-09-17,ユニオンザプライム太子堂店,Lパチスロからくりサーカス2,493,1,1432,100.0,https://min-repo.com/3357351/?kishu=all
2026-09-17,ユニオンザプライム太子堂店,Lパチスロからくりサーカス,527,0,0,,https://min-repo.com/3357351/?kishu=all
2026-09-17,ユニオンザプライム太子堂店,Lパチスロからくりサーカス,526,0,0,,https://min-repo.com/3357351/?kishu=all
2026-09-17,ユニオンザプライム太子堂店,Lパチスロ 機動戦士ガンダムユニコーン 覚醒DRIVE,525,,120,,https://min-repo.com/3357351/?kishu=all
2026-09-17,ユニオンザプライム太子堂店,Lタクトオーパス デスティニー,607,1,1146,100.0,https://min-repo.com/3357351/?kishu=all
2026-09-17,ユニオンザプライム太子堂店,Lアズールレーン THE ANIMATION,610,0,0,,https://min-repo.com/3357351/?kishu=all
2026-09-17,ユニオンザプライム太子堂店,Lアズールレーン THE ANIMATION,609,0,0,,https://min-repo.com/3357351/?kishu=all
2026-09-17,ユニオンザプライム太子堂店,A-SLOT+異世界かるてっとBT,555,,1151,,https://min-repo.com/3357351/?kishu=all
2026-09-17,ユニオンザプライム太子堂店,A-SLOT+ ディスクアップ ULTRAREMIX,553,1,2819,100.0,https://min-repo.com/3357351/?kishu=all
2026-09-17,ユニオンザプライム太子堂店,A-SLOT+ ディスクアップ ULTRAREMIX,552,0,0,,https://min-repo.com/3357351/?kishu=all
2026-09-17,マルハン名取店,真打 吉宗,923,0,5066,100.0,https://min-repo.com/3356896/?kishu=all
2026-09-17,マルハン名取店,真打 吉宗,922,0,1593,100.0,https://min-repo.com/3356896/?kishu=all
2026-09-17,マルハン名取店,真打 吉宗,921,0,3331,100.0,https://min-repo.com/3356896/?kishu=all
2026-09-17,マルハン名取店,真打 吉宗,920,0,5204,100.0,https://min-repo.com/3356896/?kishu=all
2026-09-17,マルハン名取店,真打 吉宗,919,0,1699,100.0,https://min-repo.com/3356896/?kishu=all
2026-09-17,マルハン名取店,真打 吉宗,918,0,2378,100.0,https://min-repo.com/3356896/?kishu=all
2026-09-17,マルハン名取店,真打 吉宗,917,0,5545,100.0,https://min-repo.com/3356896/?kishu=all
2026-09-17,マルハン名取店,真打 吉宗,916,0,3191,100.0,https://min-repo.com/3356896/?kishu=all
2026-09-17,マルハン名取店,真打 吉宗,915,0,3592,100.0,https://min-repo.com/3356896/?kishu=all
2026-09-17,マルハン名取店,沖ドキ！ＧＯＬＤ-30,866,0,7408,100.0,https://min-repo.com/3356896/?kishu=all
2026-09-17,マルハン名取店,沖ドキ！ＧＯＬＤ-30,865,0,4148,100.0,https://min-repo.com/3356896/?kishu=all
2026-09-17,マルハン名取店,沖ドキ！ＧＯＬＤ-30,864,0,4203,100.0,https://min-repo.com/3356896/?kishu=all
2026-09-17,マルハン名取店,沖ドキ！ＧＯＬＤ-30,863,0,1336,100.0,https://min-repo.com/3356896/?kishu=all
2026-09-17,マルハン名取店,沖ドキ！ＧＯＬＤ-30,862,0,1471,100.0,https://min-repo.com/3356896/?kishu=all
2026-09-17,マルハン名取店,沖ドキ！ＧＯＬＤ-30,861,0,4728,100.0,https://min-repo.com/3356896/?kishu=all
2026-09-17,マルハン名取店,沖ドキ！ＧＯＬＤ-30,860,0,2590,100.0,https://min-repo.com/3356896/?kishu=all
2026-09-17,マルハン名取店,沖ドキ！ＧＯＬＤ-30,859,0,1174,100.0,https://min-repo.com/3356896/?kishu=all
2026-09-17,マルハン名取店,沖ドキ！ＧＯＬＤ-30,858,0,2144,100.0,https://min-repo.com/3356896/?kishu=all
2026-09-17,マルハン名取店,沖ドキ！ＧＯＬＤ-30,857,0,3733,100.0,https://min-repo.com/3356896/?kishu=all
2026-09-17,マルハン名取店,沖ドキ！ＧＯＬＤ-30,856,0,3185,100.0,https://min-repo.com/3356896/?kishu=all
2026-09-17,マルハン名取店,沖ドキ！ＧＯＬＤ-30,855,0,5757,100.0,https://min-repo.com/3356896/?kishu=all
2026-09-17,マルハン名取店,沖ドキ！ＧＯＬＤ-30,854,0,4754,100.0,https://min-repo.com/3356896/?kishu=all
2026-09-17,マルハン名取店,沖ドキ！ＧＯＬＤ-30,853,0,3030,100.0,https://min-repo.com/3356896/?kishu=all
2026-09-17,マルハン名取店,沖ドキ！ＧＯＬＤ-30,852,0,2031,100.0,https://min-repo.com/3356896/?kishu=all
2026-09-17,マルハン名取店,沖ドキ！ＧＯＬＤ-30,851,0,3111,100.0,https://min-repo.com/3356896/?kishu=all
2026-09-17,マルハン名取店,沖ドキ！ＧＯＬＤ-30,850,0,1546,100.0,https://min-repo.com/3356896/?kishu=all
2026-09-17,マルハン名取店,沖ドキ！ＧＯＬＤ-30,849,0,2361,100.0,https://min-repo.com/3356896/?kishu=all
2026-09-17,マルハン名取店,沖ドキ！ＧＯＬＤ-30,848,0,5190,100.0,https://min-repo.com/3356896/?kishu=all
2026-09-17,マルハン名取店,沖ドキ！ＧＯＬＤ-30,847,0,1830,100.0,https://min-repo.com/3356896/?kishu=all
2026-09-17,マルハン名取店,沖ドキ！ＧＯＬＤ-30,846,0,2460,100.0,https://min-repo.com/3356896/?kishu=all
2026-09-17,マルハン名取店,沖ドキ！ＧＯＬＤ-30,845,0,1885,100.0,https://min-repo.com/3356896/?kishu=all
2026-09-17,マルハン名取店,沖ドキ！ＧＯＬＤ-30,844,0,482,100.0,https://min-repo.com/3356896/?kishu=all
2026-09-17,マルハン名取店,沖ドキ！ＧＯＬＤ-30,843,0,2740,100.0,https://min-repo.com/3356896/?kishu=all
2026-09-17,マルハン名取店,沖ドキ！ＧＯＬＤ-30,842,0,3672,100.0,https://min-repo.com/3356896/?kishu=all
2026-09-17,マルハン名取店,沖ドキ！ＧＯＬＤ-30,841,0,2098,100.0,https://min-repo.com/3356896/?kishu=all
2026-09-17,マルハン名取店,沖ドキ！ＧＯＬＤ-30,840,0,3013,100.0,https://min-repo.com/3356896/?kishu=all
2026-09-17,マルハン名取店,沖ドキ！ＧＯＬＤ-30,839,0,2906,100.0,https://min-repo.com/3356896/?kishu=all
2026-09-17,マルハン名取店,沖ドキ！ＧＯＬＤ-30,838,0,3921,100.0,https://min-repo.com/3356896/?kishu=all
2026-09-17,マルハン名取店,沖ドキ！ＧＯＬＤ-30,837,0,4612,100.0,https://min-repo.com/3356896/?kishu=all
2026-09-17,マルハン名取店,沖ドキ！ＧＯＬＤ-30,836,0,5431,100.0,https://min-repo.com/3356896/?kishu=all
2026-09-17,マルハン名取店,沖ドキ！ＧＯＬＤ-30,835,0,4974,100.0,https://min-repo.com/3356896/?kishu=all
2026-09-17,マルハン名取店,戦国コレクション6,913,0,3795,100.0,https://min-repo.com/3356896/?kishu=all
2026-09-17,マルハン名取店,戦国コレクション6,912,0,2752,100.0,https://min-repo.com/3356896/?kishu=all
2026-09-17,マルハン名取店,戦国コレクション6,911,0,640,100.0,https://min-repo.com/3356896/?kishu=all
2026-09-17,マルハン名取店,戦国コレクション6,910,0,3357,100.0,https://min-repo.com/3356896/?kishu=all
2026-09-17,マルハン名取店,戦国コレクション6,909,0,4414,100.0,https://min-repo.com/3356896/?kishu=all
2026-09-17,マルハン名取店,吉宗,883,0,1326,100.0,https://min-repo.com/3356896/?kishu=all
2026-09-17,マルハン名取店,吉宗,882,0,2858,100.0,https://min-repo.com/3356896/?kishu=all
2026-09-17,マルハン名取店,ヤバチバ,718,0,3520,100.0,https://min-repo.com/3356896/?kishu=all
2026-09-17,マルハン名取店,ヤバチバ,717,0,4940,100.0,https://min-repo.com/3356896/?kishu=all
2026-09-17,マルハン名取店,ヤバチバ,716,0,1189,100.0,https://min-repo.com/3356896/?kishu=all
2026-09-17,マルハン名取店,ヤバチバ,715,0,2639,100.0,https://min-repo.com/3356896/?kishu=all
2026-09-17,マルハン名取店,モグモグ風林火山 大海戦の巻,1005,0,1668,100.0,https://min-repo.com/3356896/?kishu=all
2026-09-17,マルハン名取店,モグモグ風林火山 大海戦の巻,1004,0,3025,100.0,https://min-repo.com/3356896/?kishu=all
2026-09-17,マルハン名取店,モグモグ風林火山 大海戦の巻,1003,0,2600,100.0,https://min-repo.com/3356896/?kishu=all
2026-09-17,マルハン名取店,モグモグ風林火山 大海戦の巻,1002,0,2646,100.0,https://min-repo.com/3356896/?kishu=all
2026-09-17,マルハン名取店,モグモグ風林火山 大海戦の巻,1001,0,2204,100.0,https://min-repo.com/3356896/?kishu=all
2026-09-17,マルハン名取店,マイジャグラーV,834,0,8666,100.0,https://min-repo.com/3356896/?kishu=all
2026-09-17,マルハン名取店,マイジャグラーV,833,0,8925,100.0,https://min-repo.com/3356896/?kishu=all
2026-09-17,マルハン名取店,マイジャグラーV,832,0,7058,100.0,https://min-repo.com/3356896/?kishu=all
2026-09-17,マルハン名取店,マイジャグラーV,831,0,8993,100.0,https://min-repo.com/3356896/?kishu=all
2026-09-17,マルハン名取店,マイジャグラーV,830,0,8967,100.0,https://min-repo.com/3356896/?kishu=all
2026-09-17,マルハン名取店,マイジャグラーV,829,0,8377,100.0,https://min-repo.com/3356896/?kishu=all
2026-09-17,マルハン名取店,マイジャグラーV,828,0,9121,100.0,https://min-repo.com/3356896/?kishu=all
2026-09-17,マルハン名取店,マイジャグラーV,827,0,7838,100.0,https://min-repo.com/3356896/?kishu=all
2026-09-17,マルハン名取店,マイジャグラーV,826,0,7023,100.0,https://min-repo.com/3356896/?kishu=all
2026-09-17,マルハン名取店,マイジャグラーV,825,0,8181,100.0,https://min-repo.com/3356896/?kishu=all
2026-09-17,マルハン名取店,マイジャグラーV,824,0,8248,100.0,https://min-repo.com/3356896/?kishu=all
2026-09-17,マルハン名取店,マイジャグラーV,823,0,8800,100.0,https://min-repo.com/3356896/?kishu=all
2026-09-17,マルハン名取店,マイジャグラーV,822,0,8318,100.0,https://min-repo.com/3356896/?kishu=all
2026-09-17,マルハン名取店,マイジャグラーV,821,0,8030,100.0,https://min-repo.com/3356896/?kishu=all
2026-09-17,マルハン名取店,ファンキージャグラー２ＫＴ,680,0,4805,100.0,https://min-repo.com/3356896/?kishu=all
2026-09-17,マルハン名取店,ファンキージャグラー２ＫＴ,679,0,4165,100.0,https://min-repo.com/3356896/?kishu=all
2026-09-17,マルハン名取店,ファンキージャグラー２ＫＴ,678,0,4832,100.0,https://min-repo.com/3356896/?kishu=all
2026-09-17,マルハン名取店,ファンキージャグラー２ＫＴ,677,0,4863,100.0,https://min-repo.com/3356896/?kishu=all
2026-09-17,マルハン名取店,ファンキージャグラー２ＫＴ,676,0,4634,100.0,https://min-repo.com/3356896/?kishu=all
2026-09-17,マルハン名取店,ファンキージャグラー２ＫＴ,675,0,8679,100.0,https://min-repo.com/3356896/?kishu=all
2026-09-17,マルハン名取店,ファンキージャグラー２ＫＴ,674,0,4969,100.0,https://min-repo.com/3356896/?kishu=all
2026-09-17,マルハン名取店,ファンキージャグラー２ＫＴ,673,0,7466,100.0,https://min-repo.com/3356896/?kishu=all
2026-09-17,マルハン名取店,パチスロ見える子ちゃん,722,0,3612,100.0,https://min-repo.com/3356896/?kishu=all
2026-09-17,マルハン名取店,パチスロ見える子ちゃん,721,0,5678,100.0,https://min-repo.com/3356896/?kishu=all
2026-09-17,マルハン名取店,ネオアイムジャグラーEX,788,0,6666,100.0,https://min-repo.com/3356896/?kishu=all
2026-09-17,マルハン名取店,ネオアイムジャグラーEX,787,0,6132,100.0,https://min-repo.com/3356896/?kishu=all
2026-09-17,マルハン名取店,ネオアイムジャグラーEX,786,0,9365,100.0,https://min-repo.com/3356896/?kishu=all
2026-09-17,マルハン名取店,ネオアイムジャグラーEX,785,0,8833,100.0,https://min-repo.com/3356896/?kishu=all
2026-09-17,マルハン名取店,ネオアイムジャグラーEX,784,0,6823,100.0,https://min-repo.com/3356896/?kishu=all
2026-09-17,マルハン名取店,ネオアイムジャグラーEX,783,0,7799,100.0,https://min-repo.com/3356896/?kishu=all
2026-09-17,マルハン名取店,ネオアイムジャグラーEX,782,0,6591,100.0,https://min-repo.com/3356896/?kishu=all
2026-09-17,マルハン名取店,ネオアイムジャグラーEX,781,0,5672,100.0,https://min-repo.com/3356896/?kishu=all
2026-09-17,マルハン名取店,ネオアイムジャグラーEX,780,0,7847,100.0,https://min-repo.com/3356896/?kishu=all
2026-09-17,マルハン名取店,ネオアイムジャグラーEX,779,0,9722,100.0,https://min-repo.com/3356896/?kishu=all
2026-09-17,マルハン名取店,ネオアイムジャグラーEX,778,0,9249,100.0,https://min-repo.com/3356896/?kishu=all
2026-09-17,マルハン名取店,ネオアイムジャグラーEX,777,0,6347,100.0,https://min-repo.com/3356896/?kishu=all
2026-09-17,マルハン名取店,ネオアイムジャグラーEX,776,0,7233,100.0,https://min-repo.com/3356896/?kishu=all
2026-09-17,マルハン名取店,ネオアイムジャグラーEX,775,0,7340,100.0,https://min-repo.com/3356896/?kishu=all
2026-09-17,マルハン名取店,ネオアイムジャグラーEX,774,0,7806,100.0,https://min-repo.com/3356896/?kishu=all
2026-09-17,マルハン名取店,ネオアイムジャグラーEX,773,0,8662,100.0,https://min-repo.com/3356896/?kishu=all
2026-09-17,マルハン名取店,ネオアイムジャグラーEX,772,0,6917,100.0,https://min-repo.com/3356896/?kishu=all
2026-09-17,マルハン名取店,ネオアイムジャグラーEX,771,0,7369,100.0,https://min-repo.com/3356896/?kishu=all
2026-09-17,マルハン名取店,ネオアイムジャグラーEX,770,0,5300,100.0,https://min-repo.com/3356896/?kishu=all
2026-09-17,マルハン名取店,ネオアイムジャグラーEX,769,0,7140,100.0,https://min-repo.com/3356896/?kishu=all
2026-09-17,マルハン名取店,ネオアイムジャグラーEX,768,0,7186,100.0,https://min-repo.com/3356896/?kishu=all
2026-09-17,マルハン名取店,ネオアイムジャグラーEX,767,0,8511,100.0,https://min-repo.com/3356896/?kishu=all
2026-09-17,マルハン名取店,ネオアイムジャグラーEX,766,0,6330,100.0,https://min-repo.com/3356896/?kishu=all
2026-09-17,マルハン名取店,ネオアイムジャグラーEX,765,0,7587,100.0,https://min-repo.com/3356896/?kishu=all
2026-09-17,マルハン名取店,ネオアイムジャグラーEX,764,0,6384,100.0,https://min-repo.com/3356896/?kishu=all
2026-09-17,マルハン名取店,ネオアイムジャグラーEX,763,0,10035,100.0,https://min-repo.com/3356896/?kishu=all
2026-09-17,マルハン名取店,ネオアイムジャグラーEX,762,0,9211,100.0,https://min-repo.com/3356896/?kishu=all
2026-09-17,マルハン名取店,ネオアイムジャグラーEX,761,0,9288,100.0,https://min-repo.com/3356896/?kishu=all
2026-09-17,マルハン名取店,ネオアイムジャグラーEX,760,0,5523,100.0,https://min-repo.com/3356896/?kishu=all
2026-09-17,マルハン名取店,ネオアイムジャグラーEX,759,0,7667,100.0,https://min-repo.com/3356896/?kishu=all
2026-09-17,マルハン名取店,ネオアイムジャグラーEX,758,0,7101,100.0,https://min-repo.com/3356896/?kishu=all
2026-09-17,マルハン名取店,ネオアイムジャグラーEX,757,0,6212,100.0,https://min-repo.com/3356896/?kishu=all
2026-09-17,マルハン名取店,ネオアイムジャグラーEX,756,0,5964,100.0,https://min-repo.com/3356896/?kishu=all
2026-09-17,マルハン名取店,ネオアイムジャグラーEX,755,0,7974,100.0,https://min-repo.com/3356896/?kishu=all
2026-09-17,マルハン名取店,ネオアイムジャグラーEX,754,0,6064,100.0,https://min-repo.com/3356896/?kishu=all
2026-09-17,マルハン名取店,ネオアイムジャグラーEX,753,0,9369,100.0,https://min-repo.com/3356896/?kishu=all
2026-09-17,マルハン名取店,ネオアイムジャグラーEX,752,0,9709,100.0,https://min-repo.com/3356896/?kishu=all
2026-09-17,マルハン名取店,ネオアイムジャグラーEX,751,0,10300,100.0,https://min-repo.com/3356896/?kishu=all
2026-09-17,マルハン名取店,ネオアイムジャグラーEX,750,0,5843,100.0,https://min-repo.com/3356896/?kishu=all
2026-09-17,マルハン名取店,ネオアイムジャグラーEX,749,0,6424,100.0,https://min-repo.com/3356896/?kishu=all
2026-09-17,マルハン名取店,ネオアイムジャグラーEX,748,0,8473,100.0,https://min-repo.com/3356896/?kishu=all
2026-09-17,マルハン名取店,ネオアイムジャグラーEX,747,0,7649,100.0,https://min-repo.com/3356896/?kishu=all
2026-09-17,マルハン名取店,ネオアイムジャグラーEX,746,0,6006,100.0,https://min-repo.com/3356896/?kishu=all
2026-09-17,マルハン名取店,ネオアイムジャグラーEX,745,0,5202,100.0,https://min-repo.com/3356896/?kishu=all
2026-09-17,マルハン名取店,ネオアイムジャグラーEX,744,0,6858,100.0,https://min-repo.com/3356896/?kishu=all
2026-09-17,マルハン名取店,ネオアイムジャグラーEX,743,0,7928,100.0,https://min-repo.com/3356896/?kishu=all
2026-09-17,マルハン名取店,ネオアイムジャグラーEX,742,0,7748,100.0,https://min-repo.com/3356896/?kishu=all
2026-09-17,マルハン名取店,ネオアイムジャグラーEX,741,0,8140,100.0,https://min-repo.com/3356896/?kishu=all
2026-09-17,マルハン名取店,ネオアイムジャグラーEX,740,0,10578,100.0,https://min-repo.com/3356896/?kishu=all
2026-09-17,マルハン名取店,ネオアイムジャグラーEX,739,0,6699,100.0,https://min-repo.com/3356896/?kishu=all
2026-09-17,マルハン名取店,ネオアイムジャグラーEX,700,0,4552,100.0,https://min-repo.com/3356896/?kishu=all
2026-09-17,マルハン名取店,ネオアイムジャグラーEX,661,0,7879,100.0,https://min-repo.com/3356896/?kishu=all
2026-09-17,マルハン名取店,スロット ワールドダイスター,997,0,3507,100.0,https://min-repo.com/3356896/?kishu=all
2026-09-17,マルハン名取店,スロット ワールドダイスター,996,0,1023,100.0,https://min-repo.com/3356896/?kishu=all
2026-09-17,マルハン名取店,スロット ワールドダイスター,995,0,1057,100.0,https://min-repo.com/3356896/?kishu=all
2026-09-17,マルハン名取店,スロット ソードアート・オンラインⅡ,640,0,11178,100.0,https://min-repo.com/3356896/?kishu=all
2026-09-17,マルハン名取店,スロット ソードアート・オンラインⅡ,639,0,7379,100.0,https://min-repo.com/3356896/?kishu=all
2026-09-17,マルハン名取店,スロット ソードアート・オンラインⅡ,638,0,7364,100.0,https://min-repo.com/3356896/?kishu=all
2026-09-17,マルハン名取店,スロット ソードアート・オンラインⅡ,637,0,10183,100.0,https://min-repo.com/3356896/?kishu=all
2026-09-17,マルハン名取店,スロット ソードアート・オンラインⅡ,636,0,5511,100.0,https://min-repo.com/3356896/?kishu=all
2026-09-17,マルハン名取店,スロット ソードアート・オンラインⅡ,635,0,9014,100.0,https://min-repo.com/3356896/?kishu=all
2026-09-17,マルハン名取店,スロット ソードアート・オンラインⅡ,634,0,7468,100.0,https://min-repo.com/3356896/?kishu=all
2026-09-17,マルハン名取店,スロット ソードアート・オンラインⅡ,633,0,7291,100.0,https://min-repo.com/3356896/?kishu=all
2026-09-17,マルハン名取店,スロット ソードアート・オンラインⅡ,632,0,9274,100.0,https://min-repo.com/3356896/?kishu=all
2026-09-17,マルハン名取店,スマスロ鉄拳6,644,0,1189,100.0,https://min-repo.com/3356896/?kishu=all
2026-09-17,マルハン名取店,スマスロ鉄拳6,643,0,1114,100.0,https://min-repo.com/3356896/?kishu=all
2026-09-17,マルハン名取店,スマスロ鉄拳6,642,0,636,100.0,https://min-repo.com/3356896/?kishu=all
2026-09-17,マルハン名取店,スマスロ鉄拳6,641,0,2566,100.0,https://min-repo.com/3356896/?kishu=all
2026-09-17,マルハン名取店,スマスロ新鬼武者3,881,0,3675,100.0,https://min-repo.com/3356896/?kishu=all
2026-09-17,マルハン名取店,スマスロ新鬼武者3,880,0,752,100.0,https://min-repo.com/3356896/?kishu=all
2026-09-17,マルハン名取店,スマスロ新鬼武者3,879,0,3832,100.0,https://min-repo.com/3356896/?kishu=all
2026-09-17,マルハン名取店,スマスロ新鬼武者3,878,0,4843,100.0,https://min-repo.com/3356896/?kishu=all
2026-09-17,マルハン名取店,スマスロ化物語,1007,0,1801,100.0,https://min-repo.com/3356896/?kishu=all
2026-09-17,マルハン名取店,スマスロ化物語,1006,0,1058,100.0,https://min-repo.com/3356896/?kishu=all
2026-09-17,マルハン名取店,スマスロヨルムンガンド,885,0,333,100.0,https://min-repo.com/3356896/?kishu=all
2026-09-17,マルハン名取店,スマスロモンキーターンV,709,0,5484,100.0,https://min-repo.com/3356896/?kishu=all
2026-09-17,マルハン名取店,スマスロモンキーターンV,708,0,5463,100.0,https://min-repo.com/3356896/?kishu=all
2026-09-17,マルハン名取店,スマスロモンキーターンV,707,0,3170,100.0,https://min-repo.com/3356896/?kishu=all
2026-09-17,マルハン名取店,スマスロモンキーターンV,706,0,1765,100.0,https://min-repo.com/3356896/?kishu=all
2026-09-17,マルハン名取店,スマスロモンキーターンV,705,0,3178,100.0,https://min-repo.com/3356896/?kishu=all
2026-09-17,マルハン名取店,スマスロモンキーターンV,704,0,4671,100.0,https://min-repo.com/3356896/?kishu=all
2026-09-17,マルハン名取店,スマスロモンキーターンV,703,0,1396,100.0,https://min-repo.com/3356896/?kishu=all
2026-09-17,マルハン名取店,スマスロモンキーターンV,702,0,2580,100.0,https://min-repo.com/3356896/?kishu=all
2026-09-17,マルハン名取店,スマスロモンキーターンV,701,0,3038,100.0,https://min-repo.com/3356896/?kishu=all
2026-09-17,マルハン名取店,スマスロモンキーターンV,660,0,3099,100.0,https://min-repo.com/3356896/?kishu=all
2026-09-17,マルハン名取店,スマスロモンキーターンV,659,0,4756,100.0,https://min-repo.com/3356896/?kishu=all
2026-09-17,マルハン名取店,スマスロモンキーターンV,658,0,1235,100.0,https://min-repo.com/3356896/?kishu=all
2026-09-17,マルハン名取店,スマスロモンキーターンV,657,0,4895,100.0,https://min-repo.com/3356896/?kishu=all
2026-09-17,マルハン名取店,スマスロモンキーターンV,656,0,2112,100.0,https://min-repo.com/3356896/?kishu=all
2026-09-17,マルハン名取店,スマスロモンキーターンV,655,0,1905,100.0,https://min-repo.com/3356896/?kishu=all
2026-09-17,マルハン名取店,スマスロモンキーターンV,654,0,4389,100.0,https://min-repo.com/3356896/?kishu=all
2026-09-17,マルハン名取店,スマスロモンキーターンV,653,0,4387,100.0,https://min-repo.com/3356896/?kishu=all
2026-09-17,マルハン名取店,スマスロモンキーターンV,652,0,2476,100.0,https://min-repo.com/3356896/?kishu=all
2026-09-17,マルハン名取店,スマスロケロット5BT,990,0,2818,100.0,https://min-repo.com/3356896/?kishu=all
2026-09-17,マルハン名取店,スマスロケロット5BT,989,0,5284,100.0,https://min-repo.com/3356896/?kishu=all
2026-09-17,マルハン名取店,スマスロ 甲鉄城のカバネリ 海門決戦,952,0,6923,100.0,https://min-repo.com/3356896/?kishu=all
2026-09-17,マルハン名取店,スマスロ 甲鉄城のカバネリ 海門決戦,951,0,5261,100.0,https://min-repo.com/3356896/?kishu=all
2026-09-17,マルハン名取店,スマスロ 甲鉄城のカバネリ 海門決戦,950,0,4359,100.0,https://min-repo.com/3356896/?kishu=all
2026-09-17,マルハン名取店,スマスロ 甲鉄城のカバネリ 海門決戦,949,0,4957,100.0,https://min-repo.com/3356896/?kishu=all
2026-09-17,マルハン名取店,スマスロ 甲鉄城のカバネリ 海門決戦,948,0,5251,100.0,https://min-repo.com/3356896/?kishu=all
2026-09-17,マルハン名取店,スマスロ 甲鉄城のカバネリ 海門決戦,947,0,5567,100.0,https://min-repo.com/3356896/?kishu=all
2026-09-17,マルハン名取店,スマスロ 甲鉄城のカバネリ 海門決戦,946,0,5487,100.0,https://min-repo.com/3356896/?kishu=all
2026-09-17,マルハン名取店,スマスロ 甲鉄城のカバネリ 海門決戦,945,0,4084,100.0,https://min-repo.com/3356896/?kishu=all
2026-09-17,マルハン名取店,スマスロ 甲鉄城のカバネリ 海門決戦,944,0,4853,100.0,https://min-repo.com/3356896/?kishu=all
2026-09-17,マルハン名取店,スマスロ 甲鉄城のカバネリ 海門決戦,943,0,5056,100.0,https://min-repo.com/3356896/?kishu=all
2026-09-17,マルハン名取店,スマスロ 甲鉄城のカバネリ 海門決戦,942,0,6446,100.0,https://min-repo.com/3356896/?kishu=all
2026-09-17,マルハン名取店,スマスロ 甲鉄城のカバネリ 海門決戦,941,0,6416,100.0,https://min-repo.com/3356896/?kishu=all
2026-09-17,マルハン名取店,スマスロ 甲鉄城のカバネリ 海門決戦,940,0,4434,100.0,https://min-repo.com/3356896/?kishu=all
2026-09-17,マルハン名取店,スマスロ 甲鉄城のカバネリ 海門決戦,939,0,5008,100.0,https://min-repo.com/3356896/?kishu=all
2026-09-17,マルハン名取店,スマスロ 甲鉄城のカバネリ 海門決戦,938,0,5247,100.0,https://min-repo.com/3356896/?kishu=all
2026-09-17,マルハン名取店,スマスロ 甲鉄城のカバネリ 海門決戦,937,0,4486,100.0,https://min-repo.com/3356896/?kishu=all
2026-09-17,マルハン名取店,スマスロ 甲鉄城のカバネリ 海門決戦,936,0,6425,100.0,https://min-repo.com/3356896/?kishu=all
2026-09-17,マルハン名取店,スマスロ 甲鉄城のカバネリ 海門決戦,935,0,3985,100.0,https://min-repo.com/3356896/?kishu=all
2026-09-17,マルハン名取店,スマスロ 甲鉄城のカバネリ 海門決戦,934,0,4717,100.0,https://min-repo.com/3356896/?kishu=all
2026-09-17,マルハン名取店,スマスロ 甲鉄城のカバネリ 海門決戦,877,0,5441,100.0,https://min-repo.com/3356896/?kishu=all
2026-09-17,マルハン名取店,スマスロ 甲鉄城のカバネリ 海門決戦,876,0,5260,100.0,https://min-repo.com/3356896/?kishu=all
2026-09-17,マルハン名取店,スマスロ 甲鉄城のカバネリ 海門決戦,875,0,4540,100.0,https://min-repo.com/3356896/?kishu=all
2026-09-17,マルハン名取店,スマスロ 甲鉄城のカバネリ 海門決戦,874,0,3061,100.0,https://min-repo.com/3356896/?kishu=all
2026-09-17,マルハン名取店,スマスロ 甲鉄城のカバネリ 海門決戦,873,0,5219,100.0,https://min-repo.com/3356896/?kishu=all
2026-09-17,マルハン名取店,スマスロ 甲鉄城のカバネリ 海門決戦,872,0,3818,100.0,https://min-repo.com/3356896/?kishu=all
2026-09-17,マルハン名取店,スマスロ 甲鉄城のカバネリ 海門決戦,871,0,4615,100.0,https://min-repo.com/3356896/?kishu=all
2026-09-17,マルハン名取店,スマスロ 甲鉄城のカバネリ 海門決戦,870,0,2984,100.0,https://min-repo.com/3356896/?kishu=all
2026-09-17,マルハン名取店,スマスロ 甲鉄城のカバネリ 海門決戦,869,0,4373,100.0,https://min-repo.com/3356896/?kishu=all
2026-09-17,マルハン名取店,スマスロ 甲鉄城のカバネリ 海門決戦,868,0,6696,100.0,https://min-repo.com/3356896/?kishu=all
2026-09-17,マルハン名取店,スマスロ 甲鉄城のカバネリ 海門決戦,867,0,4754,100.0,https://min-repo.com/3356896/?kishu=all
2026-09-17,マルハン名取店,スマスロ 東京リベンジャーズ,884,0,3409,100.0,https://min-repo.com/3356896/?kishu=all
2026-09-17,マルハン名取店,スマスロ 攻殻機動隊,888,0,5042,100.0,https://min-repo.com/3356896/?kishu=all
2026-09-17,マルハン名取店,スマスロ 攻殻機動隊,887,0,2772,100.0,https://min-repo.com/3356896/?kishu=all
2026-09-17,マルハン名取店,スマスロ 攻殻機動隊,886,0,3163,100.0,https://min-repo.com/3356896/?kishu=all
2026-09-17,マルハン名取店,スマスロ リコリス・リコイル,738,0,6125,100.0,https://min-repo.com/3356896/?kishu=all
2026-09-17,マルハン名取店,スマスロ リコリス・リコイル,737,0,6107,100.0,https://min-repo.com/3356896/?kishu=all
2026-09-17,マルハン名取店,スマスロ リコリス・リコイル,736,0,7650,100.0,https://min-repo.com/3356896/?kishu=all
2026-09-17,マルハン名取店,スマスロ リコリス・リコイル,735,0,7849,100.0,https://min-repo.com/3356896/?kishu=all
2026-09-17,マルハン名取店,スマスロ リコリス・リコイル,734,0,10075,100.0,https://min-repo.com/3356896/?kishu=all
2026-09-17,マルハン名取店,スマスロ リコリス・リコイル,733,0,5158,100.0,https://min-repo.com/3356896/?kishu=all
2026-09-17,マルハン名取店,スマスロ リコリス・リコイル,732,0,6743,100.0,https://min-repo.com/3356896/?kishu=all
2026-09-17,マルハン名取店,スマスロ リコリス・リコイル,731,0,6576,100.0,https://min-repo.com/3356896/?kishu=all
2026-09-17,マルハン名取店,スマスロ リコリス・リコイル,730,0,9310,100.0,https://min-repo.com/3356896/?kishu=all
2026-09-17,マルハン名取店,スマスロ リコリス・リコイル,729,0,9449,100.0,https://min-repo.com/3356896/?kishu=all
2026-09-17,マルハン名取店,スマスロ リコリス・リコイル,728,0,5025,100.0,https://min-repo.com/3356896/?kishu=all
2026-09-17,マルハン名取店,スマスロ リコリス・リコイル,727,0,6218,100.0,https://min-repo.com/3356896/?kishu=all
2026-09-17,マルハン名取店,スマスロ リコリス・リコイル,726,0,9007,100.0,https://min-repo.com/3356896/?kishu=all
2026-09-17,マルハン名取店,スマスロ リコリス・リコイル,725,0,6575,100.0,https://min-repo.com/3356896/?kishu=all
2026-09-17,マルハン名取店,スマスロ リコリス・リコイル,724,0,9059,100.0,https://min-repo.com/3356896/?kishu=all
2026-09-17,マルハン名取店,スマスロ リコリス・リコイル,723,0,7478,100.0,https://min-repo.com/3356896/?kishu=all
2026-09-17,マルハン名取店,スマスロ ミリオンゴッド-神々の軌跡-,976,0,4005,100.0,https://min-repo.com/3356896/?kishu=all
2026-09-17,マルハン名取店,スマスロ ミリオンゴッド-神々の軌跡-,975,0,5652,100.0,https://min-repo.com/3356896/?kishu=all
2026-09-17,マルハン名取店,スマスロ ミリオンゴッド-神々の軌跡-,974,0,4817,100.0,https://min-repo.com/3356896/?kishu=all
2026-09-17,マルハン名取店,スマスロ ミリオンゴッド-神々の軌跡-,973,0,4633,100.0,https://min-repo.com/3356896/?kishu=all
2026-09-17,マルハン名取店,スマスロ ミリオンゴッド-神々の軌跡-,972,0,4100,100.0,https://min-repo.com/3356896/?kishu=all
2026-09-17,マルハン名取店,スマスロ ミリオンゴッド-神々の軌跡-,971,0,7271,100.0,https://min-repo.com/3356896/?kishu=all
2026-09-17,マルハン名取店,スマスロ ミリオンゴッド-神々の軌跡-,970,0,3791,100.0,https://min-repo.com/3356896/?kishu=all
2026-09-17,マルハン名取店,スマスロ ミリオンゴッド-神々の軌跡-,969,0,7572,100.0,https://min-repo.com/3356896/?kishu=all
2026-09-17,マルハン名取店,スマスロ ミリオンゴッド-神々の軌跡-,968,0,7036,100.0,https://min-repo.com/3356896/?kishu=all
2026-09-17,マルハン名取店,スマスロ ミリオンゴッド-神々の軌跡-,967,0,3243,100.0,https://min-repo.com/3356896/?kishu=all
2026-09-17,マルハン名取店,スマスロ ミリオンゴッド-神々の軌跡-,966,0,4880,100.0,https://min-repo.com/3356896/?kishu=all
2026-09-17,マルハン名取店,スマスロ ミリオンゴッド-神々の軌跡-,965,0,7469,100.0,https://min-repo.com/3356896/?kishu=all
2026-09-17,マルハン名取店,スマスロ ミリオンゴッド-神々の軌跡-,964,0,5846,100.0,https://min-repo.com/3356896/?kishu=all
2026-09-17,マルハン名取店,スマスロ ミリオンゴッド-神々の軌跡-,963,0,5341,100.0,https://min-repo.com/3356896/?kishu=all
2026-09-17,マルハン名取店,スマスロ ミリオンゴッド-神々の軌跡-,962,0,6492,100.0,https://min-repo.com/3356896/?kishu=all
2026-09-17,マルハン名取店,スマスロ ミリオンゴッド-神々の軌跡-,961,0,3306,100.0,https://min-repo.com/3356896/?kishu=all
2026-09-17,マルハン名取店,スマスロ ミリオンゴッド-神々の軌跡-,960,0,5543,100.0,https://min-repo.com/3356896/?kishu=all
2026-09-17,マルハン名取店,スマスロ ミリオンゴッド-神々の軌跡-,959,0,7327,100.0,https://min-repo.com/3356896/?kishu=all
2026-09-17,マルハン名取店,スマスロ ミリオンゴッド-神々の軌跡-,958,0,4541,100.0,https://min-repo.com/3356896/?kishu=all
2026-09-17,マルハン名取店,スマスロ ミリオンゴッド-神々の軌跡-,957,0,5623,100.0,https://min-repo.com/3356896/?kishu=all
2026-09-17,マルハン名取店,スマスロ ミリオンゴッド-神々の軌跡-,956,0,5622,100.0,https://min-repo.com/3356896/?kishu=all
2026-09-17,マルハン名取店,スマスロ ミリオンゴッド-神々の軌跡-,955,0,2647,100.0,https://min-repo.com/3356896/?kishu=all
2026-09-17,マルハン名取店,スマスロ ミリオンゴッド-神々の軌跡-,954,0,3992,100.0,https://min-repo.com/3356896/?kishu=all
2026-09-17,マルハン名取店,スマスロ ミリオンゴッド-神々の軌跡-,953,0,3762,100.0,https://min-repo.com/3356896/?kishu=all
2026-09-17,マルハン名取店,スマスロ ミリオンゴッド-神々の軌跡-,931,0,2866,100.0,https://min-repo.com/3356896/?kishu=all
2026-09-17,マルハン名取店,スマスロ ミリオンゴッド-神々の軌跡-,930,0,4613,100.0,https://min-repo.com/3356896/?kishu=all
2026-09-17,マルハン名取店,スマスロ ミリオンゴッド-神々の軌跡-,929,0,4410,100.0,https://min-repo.com/3356896/?kishu=all
2026-09-17,マルハン名取店,スマスロ ミリオンゴッド-神々の軌跡-,928,0,2282,100.0,https://min-repo.com/3356896/?kishu=all
2026-09-17,マルハン名取店,スマスロ ミリオンゴッド-神々の軌跡-,927,0,5125,100.0,https://min-repo.com/3356896/?kishu=all
2026-09-17,マルハン名取店,スマスロ ミリオンゴッド-神々の軌跡-,926,0,5345,100.0,https://min-repo.com/3356896/?kishu=all
2026-09-17,マルハン名取店,スマスロ ミリオンゴッド-神々の軌跡-,925,0,6296,100.0,https://min-repo.com/3356896/?kishu=all
2026-09-17,マルハン名取店,スマスロ ミリオンゴッド-神々の軌跡-,924,0,2748,100.0,https://min-repo.com/3356896/?kishu=all
2026-09-17,マルハン名取店,スマスロ マギアレコード 魔法少女まどか☆マギカ外伝,908,0,950,100.0,https://min-repo.com/3356896/?kishu=all
2026-09-17,マルハン名取店,スマスロ マギアレコード 魔法少女まどか☆マギカ外伝,907,0,3835,100.0,https://min-repo.com/3356896/?kishu=all
2026-09-17,マルハン名取店,スマスロ マギアレコード 魔法少女まどか☆マギカ外伝,906,0,836,100.0,https://min-repo.com/3356896/?kishu=all
2026-09-17,マルハン名取店,スマスロ バイオハザードRE:3,648,0,531,100.0,https://min-repo.com/3356896/?kishu=all
2026-09-17,マルハン名取店,スマスロ バイオハザードRE:3,647,0,0,,https://min-repo.com/3356896/?kishu=all
2026-09-17,マルハン名取店,スマスロ バイオハザードRE:3,646,0,736,100.0,https://min-repo.com/3356896/?kishu=all
2026-09-17,マルハン名取店,スマスロ バイオハザードRE:3,645,0,125,100.0,https://min-repo.com/3356896/?kishu=all
2026-09-17,マルハン名取店,スマスロ ハナビ,980,0,5105,100.0,https://min-repo.com/3356896/?kishu=all
2026-09-17,マルハン名取店,スマスロ ハナビ,979,0,7048,100.0,https://min-repo.com/3356896/?kishu=all
2026-09-17,マルハン名取店,スマスロ ハナビ,978,0,1002,100.0,https://min-repo.com/3356896/?kishu=all
2026-09-17,マルハン名取店,スマスロ ハナビ,977,0,2078,100.0,https://min-repo.com/3356896/?kishu=all
2026-09-17,マルハン名取店,スマスロ タコスロ,983,0,5932,100.0,https://min-repo.com/3356896/?kishu=all
2026-09-17,マルハン名取店,スマスロ タコスロ,982,0,5580,100.0,https://min-repo.com/3356896/?kishu=all
2026-09-17,マルハン名取店,スマスロ タコスロ,981,0,3678,100.0,https://min-repo.com/3356896/?kishu=all
2026-09-17,マルハン名取店,スマスロ スーパーリオエース2,905,0,555,100.0,https://min-repo.com/3356896/?kishu=all
2026-09-17,マルハン名取店,スマスロ スーパーリオエース2,904,0,376,100.0,https://min-repo.com/3356896/?kishu=all
2026-09-17,マルハン名取店,スマスロ スーパーブラックジャック,889,0,2139,100.0,https://min-repo.com/3356896/?kishu=all
2026-09-17,マルハン名取店,スマスロ ストリートファイター6,1032,0,351,100.0,https://min-repo.com/3356896/?kishu=all
2026-09-17,マルハン名取店,スマスロ ストリートファイター6,1031,0,617,100.0,https://min-repo.com/3356896/?kishu=all
2026-09-17,マルハン名取店,スマスロ ストリートファイター6,1030,0,648,100.0,https://min-repo.com/3356896/?kishu=all
2026-09-17,マルハン名取店,スマスロ ストリートファイター6,1029,0,1750,100.0,https://min-repo.com/3356896/?kishu=all
2026-09-17,マルハン名取店,スマスロ ストリートファイター6,1028,0,561,100.0,https://min-repo.com/3356896/?kishu=all
2026-09-17,マルハン名取店,スマスロ サンダーV,985,0,2119,100.0,https://min-repo.com/3356896/?kishu=all
2026-09-17,マルハン名取店,スマスロ サンダーV,984,0,3065,100.0,https://min-repo.com/3356896/?kishu=all
2026-09-17,マルハン名取店,スマスロ ゴッドイーター リザレクション,933,0,4045,100.0,https://min-repo.com/3356896/?kishu=all
2026-09-17,マルハン名取店,スマスロ ゴッドイーター リザレクション,932,0,2977,100.0,https://min-repo.com/3356896/?kishu=all
2026-09-17,マルハン名取店,スマスロ やじきた道中記参る！,1012,0,4161,100.0,https://min-repo.com/3356896/?kishu=all
2026-09-17,マルハン名取店,スマスロ やじきた道中記参る！,1011,0,4267,100.0,https://min-repo.com/3356896/?kishu=all
2026-09-17,マルハン名取店,スマスロ やじきた道中記参る！,1010,0,5026,100.0,https://min-repo.com/3356896/?kishu=all
2026-09-17,マルハン名取店,スマスロ やじきた道中記参る！,1009,0,3930,100.0,https://min-repo.com/3356896/?kishu=all
2026-09-17,マルハン名取店,スマスロ やじきた道中記参る！,1008,0,1595,100.0,https://min-repo.com/3356896/?kishu=all
2026-09-17,マルハン名取店,スマスロ とんでもスキルで異世界放浪メシ,999,0,1001,100.0,https://min-repo.com/3356896/?kishu=all
2026-09-17,マルハン名取店,スマスロ とんでもスキルで異世界放浪メシ,998,0,2083,100.0,https://min-repo.com/3356896/?kishu=all
2026-09-17,マルハン名取店,スマスロ とんでもスキルで異世界放浪メシ,1000,0,2766,100.0,https://min-repo.com/3356896/?kishu=all
2026-09-17,マルハン名取店,スマスロ とある魔術の禁書目録2,570,0,2468,100.0,https://min-repo.com/3356896/?kishu=all
2026-09-17,マルハン名取店,スマスロ とある魔術の禁書目録2,569,0,1708,100.0,https://min-repo.com/3356896/?kishu=all
2026-09-17,マルハン名取店,スマスロ とある魔術の禁書目録2,568,0,339,100.0,https://min-repo.com/3356896/?kishu=all
2026-09-17,マルハン名取店,スマスロ とある魔術の禁書目録2,567,0,3009,100.0,https://min-repo.com/3356896/?kishu=all
2026-09-17,マルハン名取店,スマスロ とある魔術の禁書目録2,566,0,827,100.0,https://min-repo.com/3356896/?kishu=all
2026-09-17,マルハン名取店,スマスロ とある魔術の禁書目録2,565,0,2765,100.0,https://min-repo.com/3356896/?kishu=all
2026-09-17,マルハン名取店,スマスロ とある魔術の禁書目録2,564,0,1558,100.0,https://min-repo.com/3356896/?kishu=all
2026-09-17,マルハン名取店,ジャグラーガールズSS,690,0,1593,100.0,https://min-repo.com/3356896/?kishu=all
2026-09-17,マルハン名取店,ジャグラーガールズSS,689,0,4680,100.0,https://min-repo.com/3356896/?kishu=all
2026-09-17,マルハン名取店,ジャグラーガールズSS,688,0,8331,100.0,https://min-repo.com/3356896/?kishu=all
2026-09-17,マルハン名取店,ジャグラーガールズSS,687,0,5973,100.0,https://min-repo.com/3356896/?kishu=all
2026-09-17,マルハン名取店,ジャグラーガールズSS,686,0,901,100.0,https://min-repo.com/3356896/?kishu=all
2026-09-17,マルハン名取店,ジャグラーガールズSS,685,0,3736,100.0,https://min-repo.com/3356896/?kishu=all
2026-09-17,マルハン名取店,ジャグラーガールズSS,684,0,895,100.0,https://min-repo.com/3356896/?kishu=all
2026-09-17,マルハン名取店,ジャグラーガールズSS,683,0,6905,100.0,https://min-repo.com/3356896/?kishu=all
2026-09-17,マルハン名取店,ジャグラーガールズSS,682,0,2025,100.0,https://min-repo.com/3356896/?kishu=all
2026-09-17,マルハン名取店,ジャグラーガールズSS,681,0,4538,100.0,https://min-repo.com/3356896/?kishu=all
2026-09-17,マルハン名取店,ゴーゴージャグラー３,820,0,8683,100.0,https://min-repo.com/3356896/?kishu=all
2026-09-17,マルハン名取店,ゴーゴージャグラー３,819,0,5294,100.0,https://min-repo.com/3356896/?kishu=all
2026-09-17,マルハン名取店,ゴーゴージャグラー３,818,0,7686,100.0,https://min-repo.com/3356896/?kishu=all
2026-09-17,マルハン名取店,ゴーゴージャグラー３,817,0,7140,100.0,https://min-repo.com/3356896/?kishu=all
2026-09-17,マルハン名取店,ゴーゴージャグラー３,816,0,7710,100.0,https://min-repo.com/3356896/?kishu=all
2026-09-17,マルハン名取店,ゴーゴージャグラー３,815,0,7397,100.0,https://min-repo.com/3356896/?kishu=all
2026-09-17,マルハン名取店,ゴーゴージャグラー３,814,0,8393,100.0,https://min-repo.com/3356896/?kishu=all
2026-09-17,マルハン名取店,ゴーゴージャグラー３,813,0,7436,100.0,https://min-repo.com/3356896/?kishu=all
2026-09-17,マルハン名取店,ゴーゴージャグラー３,812,0,6248,100.0,https://min-repo.com/3356896/?kishu=all
2026-09-17,マルハン名取店,ゴーゴージャグラー３,811,0,6445,100.0,https://min-repo.com/3356896/?kishu=all
2026-09-17,マルハン名取店,ゴーゴージャグラー３,810,0,6957,100.0,https://min-repo.com/3356896/?kishu=all
2026-09-17,マルハン名取店,ゴーゴージャグラー３,809,0,7436,100.0,https://min-repo.com/3356896/?kishu=all
2026-09-17,マルハン名取店,ゴーゴージャグラー３,808,0,7516,100.0,https://min-repo.com/3356896/?kishu=all
2026-09-17,マルハン名取店,ゴーゴージャグラー３,807,0,7664,100.0,https://min-repo.com/3356896/?kishu=all
2026-09-17,マルハン名取店,ゴーゴージャグラー３,806,0,6484,100.0,https://min-repo.com/3356896/?kishu=all
2026-09-17,マルハン名取店,ゴーゴージャグラー３,805,0,9016,100.0,https://min-repo.com/3356896/?kishu=all
2026-09-17,マルハン名取店,ゴーゴージャグラー３,804,0,6053,100.0,https://min-repo.com/3356896/?kishu=all
2026-09-17,マルハン名取店,ゴーゴージャグラー３,803,0,9589,100.0,https://min-repo.com/3356896/?kishu=all
2026-09-17,マルハン名取店,ゴーゴージャグラー３,802,0,7263,100.0,https://min-repo.com/3356896/?kishu=all
2026-09-17,マルハン名取店,ゴーゴージャグラー３,801,0,8541,100.0,https://min-repo.com/3356896/?kishu=all
2026-09-17,マルハン名取店,ゴーゴージャグラー３,800,0,7725,100.0,https://min-repo.com/3356896/?kishu=all
2026-09-17,マルハン名取店,ゴーゴージャグラー３,799,0,8162,100.0,https://min-repo.com/3356896/?kishu=all
2026-09-17,マルハン名取店,ゴーゴージャグラー３,798,0,5368,100.0,https://min-repo.com/3356896/?kishu=all
2026-09-17,マルハン名取店,ゴーゴージャグラー３,797,0,7448,100.0,https://min-repo.com/3356896/?kishu=all
2026-09-17,マルハン名取店,ゴーゴージャグラー３,796,0,9824,100.0,https://min-repo.com/3356896/?kishu=all
2026-09-17,マルハン名取店,ゴーゴージャグラー３,795,0,5361,100.0,https://min-repo.com/3356896/?kishu=all
2026-09-17,マルハン名取店,ゴーゴージャグラー３,794,0,7877,100.0,https://min-repo.com/3356896/?kishu=all
2026-09-17,マルハン名取店,ゴーゴージャグラー３,793,0,7987,100.0,https://min-repo.com/3356896/?kishu=all
2026-09-17,マルハン名取店,ゴーゴージャグラー３,792,0,7091,100.0,https://min-repo.com/3356896/?kishu=all
2026-09-17,マルハン名取店,ゴーゴージャグラー３,791,0,8943,100.0,https://min-repo.com/3356896/?kishu=all
2026-09-17,マルハン名取店,ゴーゴージャグラー３,790,0,7245,100.0,https://min-repo.com/3356896/?kishu=all
2026-09-17,マルハン名取店,ゴーゴージャグラー３,789,0,6584,100.0,https://min-repo.com/3356896/?kishu=all
2026-09-17,マルハン名取店,ウルトラミラクルジャグラー,699,0,8363,100.0,https://min-repo.com/3356896/?kishu=all
2026-09-17,マルハン名取店,ウルトラミラクルジャグラー,698,0,930,100.0,https://min-repo.com/3356896/?kishu=all
2026-09-17,マルハン名取店,ウルトラミラクルジャグラー,697,0,3231,100.0,https://min-repo.com/3356896/?kishu=all
2026-09-17,マルハン名取店,ウルトラミラクルジャグラー,696,0,4038,100.0,https://min-repo.com/3356896/?kishu=all
2026-09-17,マルハン名取店,ウルトラミラクルジャグラー,695,0,1916,100.0,https://min-repo.com/3356896/?kishu=all
2026-09-17,マルハン名取店,ウルトラミラクルジャグラー,694,0,6377,100.0,https://min-repo.com/3356896/?kishu=all
2026-09-17,マルハン名取店,ウルトラミラクルジャグラー,693,0,2017,100.0,https://min-repo.com/3356896/?kishu=all
2026-09-17,マルハン名取店,ウルトラミラクルジャグラー,692,0,4463,100.0,https://min-repo.com/3356896/?kishu=all
2026-09-17,マルハン名取店,ウルトラミラクルジャグラー,691,0,3850,100.0,https://min-repo.com/3356896/?kishu=all
2026-09-17,マルハン名取店,ウルトラミラクルジャグラー,672,0,2327,100.0,https://min-repo.com/3356896/?kishu=all
2026-09-17,マルハン名取店,ウルトラミラクルジャグラー,671,0,3001,100.0,https://min-repo.com/3356896/?kishu=all
2026-09-17,マルハン名取店,ウルトラミラクルジャグラー,670,0,3339,100.0,https://min-repo.com/3356896/?kishu=all
2026-09-17,マルハン名取店,ウルトラミラクルジャグラー,669,0,3605,100.0,https://min-repo.com/3356896/?kishu=all
2026-09-17,マルハン名取店,ウルトラミラクルジャグラー,668,0,1311,100.0,https://min-repo.com/3356896/?kishu=all
2026-09-17,マルハン名取店,ウルトラミラクルジャグラー,667,0,6366,100.0,https://min-repo.com/3356896/?kishu=all
2026-09-17,マルハン名取店,ウルトラミラクルジャグラー,666,0,1958,100.0,https://min-repo.com/3356896/?kishu=all
2026-09-17,マルハン名取店,ウルトラミラクルジャグラー,665,0,8626,100.0,https://min-repo.com/3356896/?kishu=all
2026-09-17,マルハン名取店,ウルトラミラクルジャグラー,664,0,2311,100.0,https://min-repo.com/3356896/?kishu=all
2026-09-17,マルハン名取店,ウルトラミラクルジャグラー,663,0,5107,100.0,https://min-repo.com/3356896/?kishu=all
2026-09-17,マルハン名取店,ウルトラミラクルジャグラー,662,0,6845,100.0,https://min-repo.com/3356896/?kishu=all
2026-09-17,マルハン名取店,アニマルスロット ドッチ,994,0,2714,100.0,https://min-repo.com/3356896/?kishu=all
2026-09-17,マルハン名取店,いざ！番長,914,0,3991,100.0,https://min-repo.com/3356896/?kishu=all
2026-09-17,マルハン名取店,SHAKE BONUS TRIGGER,986,0,3178,100.0,https://min-repo.com/3356896/?kishu=all
2026-09-17,マルハン名取店,L青春ブタ野郎はバニーガール先輩の夢を見ない,1017,0,3504,100.0,https://min-repo.com/3356896/?kishu=all
2026-09-17,マルハン名取店,L青春ブタ野郎はバニーガール先輩の夢を見ない,1016,0,5527,100.0,https://min-repo.com/3356896/?kishu=all
2026-09-17,マルハン名取店,L青春ブタ野郎はバニーガール先輩の夢を見ない,1015,0,3929,100.0,https://min-repo.com/3356896/?kishu=all
2026-09-17,マルハン名取店,L青春ブタ野郎はバニーガール先輩の夢を見ない,1014,0,5394,100.0,https://min-repo.com/3356896/?kishu=all
2026-09-17,マルハン名取店,L青春ブタ野郎はバニーガール先輩の夢を見ない,1013,0,5529,100.0,https://min-repo.com/3356896/?kishu=all
2026-09-17,マルハン名取店,L邪神ちゃんドロップキック,563,0,2350,100.0,https://min-repo.com/3356896/?kishu=all
2026-09-17,マルハン名取店,L邪神ちゃんドロップキック,562,0,412,100.0,https://min-repo.com/3356896/?kishu=all
2026-09-17,マルハン名取店,L邪神ちゃんドロップキック,561,0,2280,100.0,https://min-repo.com/3356896/?kishu=all
2026-09-17,マルハン名取店,L虚構推理,992,0,1024,100.0,https://min-repo.com/3356896/?kishu=all
2026-09-17,マルハン名取店,L東京喰種,1054,0,4744,100.0,https://min-repo.com/3356896/?kishu=all
2026-09-17,マルハン名取店,L東京喰種,1053,0,6551,100.0,https://min-repo.com/3356896/?kishu=all
2026-09-17,マルハン名取店,L東京喰種,1052,0,5577,100.0,https://min-repo.com/3356896/?kishu=all
2026-09-17,マルハン名取店,L東京喰種,1051,0,7226,100.0,https://min-repo.com/3356896/?kishu=all
2026-09-17,マルハン名取店,L東京喰種,1050,0,4800,100.0,https://min-repo.com/3356896/?kishu=all
2026-09-17,マルハン名取店,L東京喰種,1049,0,5783,100.0,https://min-repo.com/3356896/?kishu=all
2026-09-17,マルハン名取店,L東京喰種,1048,0,6883,100.0,https://min-repo.com/3356896/?kishu=all
2026-09-17,マルハン名取店,L東京喰種,1047,0,3926,100.0,https://min-repo.com/3356896/?kishu=all
2026-09-17,マルハン名取店,L東京喰種,1046,0,3672,100.0,https://min-repo.com/3356896/?kishu=all
2026-09-17,マルハン名取店,L東京喰種,1045,0,5975,100.0,https://min-repo.com/3356896/?kishu=all
2026-09-17,マルハン名取店,L東京喰種,1044,0,5672,100.0,https://min-repo.com/3356896/?kishu=all
2026-09-17,マルハン名取店,L東京喰種,1043,0,2760,100.0,https://min-repo.com/3356896/?kishu=all
2026-09-17,マルハン名取店,L東京喰種,1042,0,4388,100.0,https://min-repo.com/3356896/?kishu=all
2026-09-17,マルハン名取店,L東京喰種,1041,0,4958,100.0,https://min-repo.com/3356896/?kishu=all
2026-09-17,マルハン名取店,L東京喰種,1040,0,5641,100.0,https://min-repo.com/3356896/?kishu=all
2026-09-17,マルハン名取店,L東京喰種,1039,0,6617,100.0,https://min-repo.com/3356896/?kishu=all
2026-09-17,マルハン名取店,L東京喰種,1038,0,4565,100.0,https://min-repo.com/3356896/?kishu=all
2026-09-17,マルハン名取店,L東京喰種,1037,0,6681,100.0,https://min-repo.com/3356896/?kishu=all
2026-09-17,マルハン名取店,L東京喰種,1036,0,4806,100.0,https://min-repo.com/3356896/?kishu=all
2026-09-17,マルハン名取店,L東京喰種,1035,0,5750,100.0,https://min-repo.com/3356896/?kishu=all
2026-09-17,マルハン名取店,L東京喰種,1034,0,4776,100.0,https://min-repo.com/3356896/?kishu=all
2026-09-17,マルハン名取店,L東京喰種,1033,0,5940,100.0,https://min-repo.com/3356896/?kishu=all
2026-09-17,マルハン名取店,L戦国乙女４　戦乱に閃く炯眼の軍師,631,0,2773,100.0,https://min-repo.com/3356896/?kishu=all
2026-09-17,マルハン名取店,L戦国乙女5 業火を穿つ宿焔の双刃,630,0,3462,100.0,https://min-repo.com/3356896/?kishu=all
2026-09-17,マルハン名取店,L戦国乙女5 業火を穿つ宿焔の双刃,629,0,3617,100.0,https://min-repo.com/3356896/?kishu=all
2026-09-17,マルハン名取店,L戦国乙女5 業火を穿つ宿焔の双刃,628,0,1394,100.0,https://min-repo.com/3356896/?kishu=all
2026-09-17,マルハン名取店,L戦国乙女5 業火を穿つ宿焔の双刃,627,0,5316,100.0,https://min-repo.com/3356896/?kishu=all
2026-09-17,マルハン名取店,L戦国乙女5 業火を穿つ宿焔の双刃,626,0,3229,100.0,https://min-repo.com/3356896/?kishu=all
2026-09-17,マルハン名取店,L戦国乙女5 業火を穿つ宿焔の双刃,625,0,2849,100.0,https://min-repo.com/3356896/?kishu=all
2026-09-17,マルハン名取店,L戦国乙女5 業火を穿つ宿焔の双刃,624,0,3857,100.0,https://min-repo.com/3356896/?kishu=all
2026-09-17,マルハン名取店,L戦国乙女5 業火を穿つ宿焔の双刃,623,0,1739,100.0,https://min-repo.com/3356896/?kishu=all
2026-09-17,マルハン名取店,L戦国乙女5 業火を穿つ宿焔の双刃,622,0,5753,100.0,https://min-repo.com/3356896/?kishu=all
2026-09-17,マルハン名取店,L戦国乙女5 業火を穿つ宿焔の双刃,621,0,4015,100.0,https://min-repo.com/3356896/?kishu=all
2026-09-17,マルハン名取店,L南国育ち SPECIAL,993,0,5055,100.0,https://min-repo.com/3356896/?kishu=all
2026-09-17,マルハン名取店,L主役は銭形5,890,0,2412,100.0,https://min-repo.com/3356896/?kishu=all
2026-09-17,マルハン名取店,Lパチスロ革命機ヴァルヴレイヴ2,714,0,3066,100.0,https://min-repo.com/3356896/?kishu=all
2026-09-17,マルハン名取店,Lパチスロ革命機ヴァルヴレイヴ2,713,0,4308,100.0,https://min-repo.com/3356896/?kishu=all
2026-09-17,マルハン名取店,Lパチスロ革命機ヴァルヴレイヴ2,712,0,4344,100.0,https://min-repo.com/3356896/?kishu=all
2026-09-17,マルハン名取店,Lパチスロ革命機ヴァルヴレイヴ2,711,0,5570,100.0,https://min-repo.com/3356896/?kishu=all
2026-09-17,マルハン名取店,Lパチスロ革命機ヴァルヴレイヴ2,710,0,4691,100.0,https://min-repo.com/3356896/?kishu=all
2026-09-17,マルハン名取店,Lパチスロ革命機ヴァルヴレイヴ2,651,0,6850,100.0,https://min-repo.com/3356896/?kishu=all
2026-09-17,マルハン名取店,Lパチスロ革命機ヴァルヴレイヴ2,650,0,3432,100.0,https://min-repo.com/3356896/?kishu=all
2026-09-17,マルハン名取店,Lパチスロ革命機ヴァルヴレイヴ2,649,0,4941,100.0,https://min-repo.com/3356896/?kishu=all
2026-09-17,マルハン名取店,Lパチスロ炎炎ノ消防隊2,1027,0,2600,100.0,https://min-repo.com/3356896/?kishu=all
2026-09-17,マルハン名取店,Lパチスロ炎炎ノ消防隊2,1026,0,2023,100.0,https://min-repo.com/3356896/?kishu=all
2026-09-17,マルハン名取店,Lパチスロ炎炎ノ消防隊2,1025,0,3029,100.0,https://min-repo.com/3356896/?kishu=all
2026-09-17,マルハン名取店,Lパチスロ炎炎ノ消防隊2,1024,0,2854,100.0,https://min-repo.com/3356896/?kishu=all
2026-09-17,マルハン名取店,Lパチスロ炎炎ノ消防隊2,1023,0,2032,100.0,https://min-repo.com/3356896/?kishu=all
2026-09-17,マルハン名取店,Lパチスロ炎炎ノ消防隊2,1022,0,1034,100.0,https://min-repo.com/3356896/?kishu=all
2026-09-17,マルハン名取店,Lパチスロ炎炎ノ消防隊2,1021,0,2683,100.0,https://min-repo.com/3356896/?kishu=all
2026-09-17,マルハン名取店,Lパチスロ炎炎ノ消防隊2,1020,0,2638,100.0,https://min-repo.com/3356896/?kishu=all
2026-09-17,マルハン名取店,Lパチスロ炎炎ノ消防隊2,1019,0,2831,100.0,https://min-repo.com/3356896/?kishu=all
2026-09-17,マルハン名取店,Lパチスロ炎炎ノ消防隊2,1018,0,1704,100.0,https://min-repo.com/3356896/?kishu=all
2026-09-17,マルハン名取店,Lパチスロ彼女、お借りします,903,0,5303,100.0,https://min-repo.com/3356896/?kishu=all
2026-09-17,マルハン名取店,Lパチスロ彼女、お借りします,902,0,2684,100.0,https://min-repo.com/3356896/?kishu=all
2026-09-17,マルハン名取店,Lパチスロ彼女、お借りします,901,0,5787,100.0,https://min-repo.com/3356896/?kishu=all
2026-09-17,マルハン名取店,Lパチスロ喰霊-零-Re,991,0,4942,100.0,https://min-repo.com/3356896/?kishu=all
2026-09-17,マルハン名取店,Lパチスロからくりサーカス2,580,0,666,100.0,https://min-repo.com/3356896/?kishu=all
2026-09-17,マルハン名取店,Lパチスロからくりサーカス2,579,0,885,100.0,https://min-repo.com/3356896/?kishu=all
2026-09-17,マルハン名取店,Lパチスロからくりサーカス2,578,0,99,,https://min-repo.com/3356896/?kishu=all
2026-09-17,マルハン名取店,Lパチスロからくりサーカス2,577,0,2250,100.0,https://min-repo.com/3356896/?kishu=all
2026-09-17,マルハン名取店,Lパチスロからくりサーカス2,576,0,364,100.0,https://min-repo.com/3356896/?kishu=all
2026-09-17,マルハン名取店,Lパチスロからくりサーカス2,575,0,208,100.0,https://min-repo.com/3356896/?kishu=all
2026-09-17,マルハン名取店,Lパチスロからくりサーカス2,574,0,2414,100.0,https://min-repo.com/3356896/?kishu=all
2026-09-17,マルハン名取店,Lパチスロからくりサーカス2,573,0,77,,https://min-repo.com/3356896/?kishu=all
2026-09-17,マルハン名取店,Lパチスロからくりサーカス2,572,0,508,100.0,https://min-repo.com/3356896/?kishu=all
2026-09-17,マルハン名取店,Lパチスロからくりサーカス2,571,0,685,100.0,https://min-repo.com/3356896/?kishu=all
2026-09-17,マルハン名取店,Lパチスロうみねこのなく頃に2,988,0,1867,100.0,https://min-repo.com/3356896/?kishu=all
2026-09-17,マルハン名取店,Lパチスロうみねこのなく頃に2,987,0,5681,100.0,https://min-repo.com/3356896/?kishu=all
2026-09-17,マルハン名取店,Lパチスロ かぐや様は告らせたい,720,0,2085,100.0,https://min-repo.com/3356896/?kishu=all
2026-09-17,マルハン名取店,Lパチスロ かぐや様は告らせたい,719,0,2325,100.0,https://min-repo.com/3356896/?kishu=all
2026-09-17,マルハン名取店,Lスマスロ北斗の拳,900,0,0,,https://min-repo.com/3356896/?kishu=all
2026-09-17,マルハン名取店,Lスマスロ北斗の拳,899,0,5804,100.0,https://min-repo.com/3356896/?kishu=all
2026-09-17,マルハン名取店,Lスマスロ北斗の拳,898,0,2511,100.0,https://min-repo.com/3356896/?kishu=all
2026-09-17,マルハン名取店,Lスマスロ北斗の拳,897,0,3655,100.0,https://min-repo.com/3356896/?kishu=all
2026-09-17,マルハン名取店,Lスマスロ北斗の拳,896,0,6196,100.0,https://min-repo.com/3356896/?kishu=all
2026-09-17,マルハン名取店,Lスマスロ北斗の拳,895,0,4294,100.0,https://min-repo.com/3356896/?kishu=all
2026-09-17,マルハン名取店,Lスマスロ北斗の拳,894,0,2735,100.0,https://min-repo.com/3356896/?kishu=all
2026-09-17,マルハン名取店,Lスマスロ北斗の拳,893,0,3134,100.0,https://min-repo.com/3356896/?kishu=all
2026-09-17,マルハン名取店,Lスマスロ北斗の拳,892,0,3930,100.0,https://min-repo.com/3356896/?kishu=all
2026-09-17,マルハン名取店,Lスマスロ北斗の拳,891,0,2401,100.0,https://min-repo.com/3356896/?kishu=all
2026-09-17,マルハン古川店,真打 吉宗,366,0,3469,100.0,https://min-repo.com/3357287/?kishu=all
2026-09-17,マルハン古川店,沖ドキ！ＧＯＬＤ,335,0,40,,https://min-repo.com/3357287/?kishu=all
2026-09-17,マルハン古川店,沖ドキ！ＧＯＬＤ,334,0,33,,https://min-repo.com/3357287/?kishu=all
2026-09-17,マルハン古川店,沖ドキ！ＧＯＬＤ,333,0,685,100.0,https://min-repo.com/3357287/?kishu=all
2026-09-17,マルハン古川店,沖ドキ！ＧＯＬＤ,332,0,60,,https://min-repo.com/3357287/?kishu=all
2026-09-17,マルハン古川店,新ハナビ,331,0,1217,100.0,https://min-repo.com/3357287/?kishu=all
2026-09-17,マルハン古川店,戦国コレクション6,374,0,1396,100.0,https://min-repo.com/3357287/?kishu=all
2026-09-17,マルハン古川店,ファンキージャグラー２ＫＴ,400,0,3564,100.0,https://min-repo.com/3357287/?kishu=all
2026-09-17,マルハン古川店,ファンキージャグラー２ＫＴ,399,0,2614,100.0,https://min-repo.com/3357287/?kishu=all
2026-09-17,マルハン古川店,ファンキージャグラー２ＫＴ,398,0,3226,100.0,https://min-repo.com/3357287/?kishu=all
2026-09-17,マルハン古川店,ファンキージャグラー２ＫＴ,397,0,1751,100.0,https://min-repo.com/3357287/?kishu=all
2026-09-17,マルハン古川店,ファンキージャグラー２ＫＴ,396,0,2603,100.0,https://min-repo.com/3357287/?kishu=all
2026-09-17,マルハン古川店,ファンキージャグラー２ＫＴ,395,0,5036,100.0,https://min-repo.com/3357287/?kishu=all
2026-09-17,マルハン古川店,ファンキージャグラー２ＫＴ,394,0,3426,100.0,https://min-repo.com/3357287/?kishu=all
2026-09-17,マルハン古川店,ファンキージャグラー２ＫＴ,393,0,442,100.0,https://min-repo.com/3357287/?kishu=all
2026-09-17,マルハン古川店,ファンキージャグラー２ＫＴ,392,0,4823,100.0,https://min-repo.com/3357287/?kishu=all
2026-09-17,マルハン古川店,ファンキージャグラー２ＫＴ,391,0,1263,100.0,https://min-repo.com/3357287/?kishu=all
2026-09-17,マルハン古川店,ハッピージャグラーＶＩＩＩ,406,0,4418,100.0,https://min-repo.com/3357287/?kishu=all
2026-09-17,マルハン古川店,ハッピージャグラーＶＩＩＩ,405,0,2863,100.0,https://min-repo.com/3357287/?kishu=all
2026-09-17,マルハン古川店,ハッピージャグラーＶＩＩＩ,404,0,1376,100.0,https://min-repo.com/3357287/?kishu=all
2026-09-17,マルハン古川店,ハッピージャグラーＶＩＩＩ,403,0,1920,100.0,https://min-repo.com/3357287/?kishu=all
2026-09-17,マルハン古川店,ハッピージャグラーＶＩＩＩ,402,0,2906,100.0,https://min-repo.com/3357287/?kishu=all
2026-09-17,マルハン古川店,ハッピージャグラーＶＩＩＩ,401,0,1402,100.0,https://min-repo.com/3357287/?kishu=all
2026-09-17,マルハン古川店,ネオアイムジャグラーEX,475,0,4469,100.0,https://min-repo.com/3357287/?kishu=all
2026-09-17,マルハン古川店,ネオアイムジャグラーEX,474,0,1636,100.0,https://min-repo.com/3357287/?kishu=all
2026-09-17,マルハン古川店,ネオアイムジャグラーEX,473,0,1053,100.0,https://min-repo.com/3357287/?kishu=all
2026-09-17,マルハン古川店,ネオアイムジャグラーEX,472,0,8803,100.0,https://min-repo.com/3357287/?kishu=all
2026-09-17,マルハン古川店,ネオアイムジャグラーEX,471,0,606,100.0,https://min-repo.com/3357287/?kishu=all
2026-09-17,マルハン古川店,ネオアイムジャグラーEX,470,0,1873,100.0,https://min-repo.com/3357287/?kishu=all
2026-09-17,マルハン古川店,ネオアイムジャグラーEX,469,0,8558,100.0,https://min-repo.com/3357287/?kishu=all
2026-09-17,マルハン古川店,ネオアイムジャグラーEX,468,0,964,100.0,https://min-repo.com/3357287/?kishu=all
2026-09-17,マルハン古川店,ネオアイムジャグラーEX,467,0,1036,100.0,https://min-repo.com/3357287/?kishu=all
2026-09-17,マルハン古川店,ネオアイムジャグラーEX,466,0,2997,100.0,https://min-repo.com/3357287/?kishu=all
2026-09-17,マルハン古川店,ネオアイムジャグラーEX,465,0,5128,100.0,https://min-repo.com/3357287/?kishu=all
2026-09-17,マルハン古川店,ネオアイムジャグラーEX,464,0,1464,100.0,https://min-repo.com/3357287/?kishu=all
2026-09-17,マルハン古川店,ネオアイムジャグラーEX,463,0,6437,100.0,https://min-repo.com/3357287/?kishu=all
2026-09-17,マルハン古川店,ネオアイムジャグラーEX,462,0,442,100.0,https://min-repo.com/3357287/?kishu=all
2026-09-17,マルハン古川店,ネオアイムジャグラーEX,461,0,1507,100.0,https://min-repo.com/3357287/?kishu=all
2026-09-17,マルハン古川店,ネオアイムジャグラーEX,420,0,3051,100.0,https://min-repo.com/3357287/?kishu=all
2026-09-17,マルハン古川店,ネオアイムジャグラーEX,419,0,6535,100.0,https://min-repo.com/3357287/?kishu=all
2026-09-17,マルハン古川店,ネオアイムジャグラーEX,418,0,2577,100.0,https://min-repo.com/3357287/?kishu=all
2026-09-17,マルハン古川店,ネオアイムジャグラーEX,417,0,9404,100.0,https://min-repo.com/3357287/?kishu=all
2026-09-17,マルハン古川店,ネオアイムジャグラーEX,416,0,395,100.0,https://min-repo.com/3357287/?kishu=all
2026-09-17,マルハン古川店,ネオアイムジャグラーEX,415,0,7392,100.0,https://min-repo.com/3357287/?kishu=all
2026-09-17,マルハン古川店,ネオアイムジャグラーEX,414,0,445,100.0,https://min-repo.com/3357287/?kishu=all
2026-09-17,マルハン古川店,ネオアイムジャグラーEX,413,0,8978,100.0,https://min-repo.com/3357287/?kishu=all
2026-09-17,マルハン古川店,ネオアイムジャグラーEX,412,0,474,100.0,https://min-repo.com/3357287/?kishu=all
2026-09-17,マルハン古川店,ネオアイムジャグラーEX,411,0,5606,100.0,https://min-repo.com/3357287/?kishu=all
2026-09-17,マルハン古川店,ネオアイムジャグラーEX,410,0,3920,100.0,https://min-repo.com/3357287/?kishu=all
2026-09-17,マルハン古川店,ネオアイムジャグラーEX,409,0,8292,100.0,https://min-repo.com/3357287/?kishu=all
2026-09-17,マルハン古川店,ネオアイムジャグラーEX,408,0,2843,100.0,https://min-repo.com/3357287/?kishu=all
2026-09-17,マルハン古川店,ネオアイムジャグラーEX,407,0,1649,100.0,https://min-repo.com/3357287/?kishu=all
2026-09-17,マルハン古川店,スロット ワールドダイスター,367,0,0,,https://min-repo.com/3357287/?kishu=all
2026-09-17,マルハン古川店,スロット ソードアート・オンラインⅡ,430,0,1912,100.0,https://min-repo.com/3357287/?kishu=all
2026-09-17,マルハン古川店,スマスロ鉄拳6,349,0,366,100.0,https://min-repo.com/3357287/?kishu=all
2026-09-17,マルハン古川店,スマスロ痛いのは嫌なので防御力に極振りしたいと思います。,372,0,933,100.0,https://min-repo.com/3357287/?kishu=all
2026-09-17,マルハン古川店,スマスロ新鬼武者3,358,0,0,,https://min-repo.com/3357287/?kishu=all
2026-09-17,マルハン古川店,スマスロ新鬼武者3,357,0,0,,https://min-repo.com/3357287/?kishu=all
2026-09-17,マルハン古川店,スマスロ新鬼武者3,356,0,0,,https://min-repo.com/3357287/?kishu=all
2026-09-17,マルハン古川店,スマスロ北斗の拳 転生の章2,460,0,1543,100.0,https://min-repo.com/3357287/?kishu=all
2026-09-17,マルハン古川店,スマスロ北斗の拳 転生の章2,459,0,0,,https://min-repo.com/3357287/?kishu=all
2026-09-17,マルハン古川店,スマスロ北斗の拳 転生の章2,458,0,0,,https://min-repo.com/3357287/?kishu=all
2026-09-17,マルハン古川店,スマスロ北斗の拳 転生の章2,457,0,1013,100.0,https://min-repo.com/3357287/?kishu=all
2026-09-17,マルハン古川店,スマスロ北斗の拳 転生の章2,456,0,708,100.0,https://min-repo.com/3357287/?kishu=all
2026-09-17,マルハン古川店,スマスロ化物語,380,0,193,100.0,https://min-repo.com/3357287/?kishu=all
2026-09-17,マルハン古川店,スマスロ化物語,379,0,0,,https://min-repo.com/3357287/?kishu=all
2026-09-17,マルハン古川店,スマスロヨルムンガンド,348,0,0,,https://min-repo.com/3357287/?kishu=all
2026-09-17,マルハン古川店,スマスロモンキーターンV,425,0,355,100.0,https://min-repo.com/3357287/?kishu=all
2026-09-17,マルハン古川店,スマスロモンキーターンV,424,0,194,100.0,https://min-repo.com/3357287/?kishu=all
2026-09-17,マルハン古川店,スマスロモンキーターンV,423,0,86,,https://min-repo.com/3357287/?kishu=all
2026-09-17,マルハン古川店,スマスロモンキーターンV,422,0,77,,https://min-repo.com/3357287/?kishu=all
2026-09-17,マルハン古川店,スマスロモンキーターンV,421,0,745,100.0,https://min-repo.com/3357287/?kishu=all
2026-09-17,マルハン古川店,スマスロバジリスク～甲賀忍法帖～絆2 天膳 BLACK EDITION,346,0,190,100.0,https://min-repo.com/3357287/?kishu=all
2026-09-17,マルハン古川店,スマスロネオプラネット,382,0,0,,https://min-repo.com/3357287/?kishu=all
2026-09-17,マルハン古川店,スマスロ 甲鉄城のカバネリ 海門決戦,440,0,2524,100.0,https://min-repo.com/3357287/?kishu=all
2026-09-17,マルハン古川店,スマスロ 甲鉄城のカバネリ 海門決戦,439,0,0,,https://min-repo.com/3357287/?kishu=all
2026-09-17,マルハン古川店,スマスロ 甲鉄城のカバネリ 海門決戦,438,0,1280,100.0,https://min-repo.com/3357287/?kishu=all
2026-09-17,マルハン古川店,スマスロ 甲鉄城のカバネリ 海門決戦,437,0,605,100.0,https://min-repo.com/3357287/?kishu=all
2026-09-17,マルハン古川店,スマスロ 甲鉄城のカバネリ 海門決戦,436,0,1945,100.0,https://min-repo.com/3357287/?kishu=all
2026-09-17,マルハン古川店,スマスロ 沖ドキ!DUO アンコール,340,0,4245,100.0,https://min-repo.com/3357287/?kishu=all
2026-09-17,マルハン古川店,スマスロ 沖ドキ!DUO アンコール,339,0,0,,https://min-repo.com/3357287/?kishu=all
2026-09-17,マルハン古川店,スマスロ 沖ドキ!DUO アンコール,338,0,0,,https://min-repo.com/3357287/?kishu=all
2026-09-17,マルハン古川店,スマスロ 沖ドキ!DUO アンコール,337,0,25,,https://min-repo.com/3357287/?kishu=all
2026-09-17,マルハン古川店,スマスロ 沖ドキ!DUO アンコール,336,0,0,,https://min-repo.com/3357287/?kishu=all
2026-09-17,マルハン古川店,スマスロ 東京リベンジャーズ,378,0,1119,100.0,https://min-repo.com/3357287/?kishu=all
2026-09-17,マルハン古川店,スマスロ 東京リベンジャーズ,377,0,935,100.0,https://min-repo.com/3357287/?kishu=all
2026-09-17,マルハン古川店,スマスロ 攻殻機動隊,354,0,1338,100.0,https://min-repo.com/3357287/?kishu=all
2026-09-17,マルハン古川店,スマスロ リコリス・リコイル,435,0,5023,100.0,https://min-repo.com/3357287/?kishu=all
2026-09-17,マルハン古川店,スマスロ リコリス・リコイル,434,0,4221,100.0,https://min-repo.com/3357287/?kishu=all
2026-09-17,マルハン古川店,スマスロ リコリス・リコイル,433,0,4681,100.0,https://min-repo.com/3357287/?kishu=all
2026-09-17,マルハン古川店,スマスロ モンスターハンターライズ,381,0,1779,100.0,https://min-repo.com/3357287/?kishu=all
2026-09-17,マルハン古川店,スマスロ ミリオンゴッド-神々の軌跡-,443,0,685,100.0,https://min-repo.com/3357287/?kishu=all
2026-09-17,マルハン古川店,スマスロ ミリオンゴッド-神々の軌跡-,442,0,970,100.0,https://min-repo.com/3357287/?kishu=all
2026-09-17,マルハン古川店,スマスロ ミリオンゴッド-神々の軌跡-,441,0,369,100.0,https://min-repo.com/3357287/?kishu=all
2026-09-17,マルハン古川店,スマスロ マギアレコード 魔法少女まどか☆マギカ外伝,376,0,0,,https://min-repo.com/3357287/?kishu=all
2026-09-17,マルハン古川店,スマスロ マギアレコード 魔法少女まどか☆マギカ外伝,375,0,0,,https://min-repo.com/3357287/?kishu=all
2026-09-17,マルハン古川店,スマスロ ビッグドリーム THE GOLDEN PUSHER,368,0,1891,100.0,https://min-repo.com/3357287/?kishu=all
2026-09-17,マルハン古川店,スマスロ バイオハザードRE:3,362,0,0,,https://min-repo.com/3357287/?kishu=all
2026-09-17,マルハン古川店,スマスロ バイオハザードRE:3,361,0,1071,100.0,https://min-repo.com/3357287/?kishu=all
2026-09-17,マルハン古川店,スマスロ ハナビ,383,0,2058,100.0,https://min-repo.com/3357287/?kishu=all
2026-09-17,マルハン古川店,スマスロ スーパーリオエース2,351,0,0,,https://min-repo.com/3357287/?kishu=all
2026-09-17,マルハン古川店,スマスロ スーパーブラックジャック,353,0,0,,https://min-repo.com/3357287/?kishu=all
2026-09-17,マルハン古川店,スマスロ スーパーブラックジャック,352,0,0,,https://min-repo.com/3357287/?kishu=all
2026-09-17,マルハン古川店,スマスロ ストリートファイター6,355,0,180,100.0,https://min-repo.com/3357287/?kishu=all
2026-09-17,マルハン古川店,スマスロ サンダーV,390,0,2417,100.0,https://min-repo.com/3357287/?kishu=all
2026-09-17,マルハン古川店,スマスロ ゴッドイーター リザレクション,428,0,0,,https://min-repo.com/3357287/?kishu=all
2026-09-17,マルハン古川店,スマスロ ゴッドイーター リザレクション,427,0,146,100.0,https://min-repo.com/3357287/?kishu=all
2026-09-17,マルハン古川店,スマスロ ゴッドイーター リザレクション,426,0,135,100.0,https://min-repo.com/3357287/?kishu=all
2026-09-17,マルハン古川店,スマスロ やじきた道中記参る！,363,0,0,,https://min-repo.com/3357287/?kishu=all
2026-09-17,マルハン古川店,スマスロ とある魔術の禁書目録2,429,0,1682,100.0,https://min-repo.com/3357287/?kishu=all
2026-09-17,マルハン古川店,ジャグラーガールズSS,480,0,3313,100.0,https://min-repo.com/3357287/?kishu=all
2026-09-17,マルハン古川店,ジャグラーガールズSS,479,0,1456,100.0,https://min-repo.com/3357287/?kishu=all
2026-09-17,マルハン古川店,ジャグラーガールズSS,478,0,1764,100.0,https://min-repo.com/3357287/?kishu=all
2026-09-17,マルハン古川店,ジャグラーガールズSS,477,0,3219,100.0,https://min-repo.com/3357287/?kishu=all
2026-09-17,マルハン古川店,ジャグラーガールズSS,476,0,569,100.0,https://min-repo.com/3357287/?kishu=all
2026-09-17,マルハン古川店,ゴーゴージャグラー３,330,0,3475,100.0,https://min-repo.com/3357287/?kishu=all
2026-09-17,マルハン古川店,ゴーゴージャグラー３,329,0,6531,100.0,https://min-repo.com/3357287/?kishu=all
2026-09-17,マルハン古川店,ゴーゴージャグラー３,328,0,1667,100.0,https://min-repo.com/3357287/?kishu=all
2026-09-17,マルハン古川店,ゴーゴージャグラー３,327,0,2508,100.0,https://min-repo.com/3357287/?kishu=all
2026-09-17,マルハン古川店,ゴーゴージャグラー３,326,0,4992,100.0,https://min-repo.com/3357287/?kishu=all
2026-09-17,マルハン古川店,ゴーゴージャグラー３,325,0,3938,100.0,https://min-repo.com/3357287/?kishu=all
2026-09-17,マルハン古川店,ゴーゴージャグラー３,324,0,1533,100.0,https://min-repo.com/3357287/?kishu=all
2026-09-17,マルハン古川店,ゴーゴージャグラー３,323,0,4026,100.0,https://min-repo.com/3357287/?kishu=all
2026-09-17,マルハン古川店,ゴーゴージャグラー３,322,0,3614,100.0,https://min-repo.com/3357287/?kishu=all
2026-09-17,マルハン古川店,ゴーゴージャグラー３,321,0,3332,100.0,https://min-repo.com/3357287/?kishu=all
2026-09-17,マルハン古川店,クレアの秘宝伝～はじまりの扉と太陽の石～ボーナストリガーver.,388,0,0,,https://min-repo.com/3357287/?kishu=all
2026-09-17,マルハン古川店,アレックス ブライト,385,0,0,,https://min-repo.com/3357287/?kishu=all
2026-09-17,マルハン古川店,いざ！番長,369,0,1715,100.0,https://min-repo.com/3357287/?kishu=all
2026-09-17,マルハン古川店,SHAKE BONUS TRIGGER,389,0,1344,100.0,https://min-repo.com/3357287/?kishu=all
2026-09-17,マルハン古川店,L麻雀格闘倶楽部　覚醒,373,0,1768,100.0,https://min-repo.com/3357287/?kishu=all
2026-09-17,マルハン古川店,L真・一騎当千,371,0,1857,100.0,https://min-repo.com/3357287/?kishu=all
2026-09-17,マルハン古川店,L無職転生～異世界行ったら本気だす～,350,0,0,,https://min-repo.com/3357287/?kishu=all
2026-09-17,マルハン古川店,L東京喰種,432,0,3803,100.0,https://min-repo.com/3357287/?kishu=all
2026-09-17,マルハン古川店,L東京喰種,431,0,3133,100.0,https://min-repo.com/3357287/?kishu=all
2026-09-17,マルハン古川店,L戦国乙女４　戦乱に閃く炯眼の軍師,347,0,0,,https://min-repo.com/3357287/?kishu=all
2026-09-17,マルハン古川店,L戦国乙女5 業火を穿つ宿焔の双刃,448,0,445,100.0,https://min-repo.com/3357287/?kishu=all
2026-09-17,マルハン古川店,Lパチスロ革命機ヴァルヴレイヴ2,342,0,1096,100.0,https://min-repo.com/3357287/?kishu=all
2026-09-17,マルハン古川店,Lパチスロ革命機ヴァルヴレイヴ2,341,0,296,100.0,https://min-repo.com/3357287/?kishu=all
2026-09-17,マルハン古川店,Lパチスロ炎炎ノ消防隊2,450,0,838,100.0,https://min-repo.com/3357287/?kishu=all
2026-09-17,マルハン古川店,Lパチスロ炎炎ノ消防隊2,449,0,153,100.0,https://min-repo.com/3357287/?kishu=all
2026-09-17,マルハン古川店,Lパチスロからくりサーカス2,446,0,1088,100.0,https://min-repo.com/3357287/?kishu=all
2026-09-17,マルハン古川店,Lパチスロからくりサーカス2,445,0,81,,https://min-repo.com/3357287/?kishu=all
2026-09-17,マルハン古川店,Lパチスロからくりサーカス2,444,0,431,100.0,https://min-repo.com/3357287/?kishu=all
2026-09-17,マルハン古川店,Lパチスロからくりサーカス,447,0,86,,https://min-repo.com/3357287/?kishu=all
2026-09-17,マルハン古川店,Lパチスロ かぐや様は告らせたい,345,0,2024,100.0,https://min-repo.com/3357287/?kishu=all
2026-09-17,マルハン古川店,Lパチスロ かぐや様は告らせたい,344,0,0,,https://min-repo.com/3357287/?kishu=all
2026-09-17,マルハン古川店,Lパチスロ かぐや様は告らせたい,343,0,0,,https://min-repo.com/3357287/?kishu=all
2026-09-17,マルハン古川店,Lタクトオーパス デスティニー,359,0,834,100.0,https://min-repo.com/3357287/?kishu=all
2026-09-17,マルハン古川店,Lスマスロ北斗の拳,455,0,1015,100.0,https://min-repo.com/3357287/?kishu=all
2026-09-17,マルハン古川店,Lスマスロ北斗の拳,454,0,211,100.0,https://min-repo.com/3357287/?kishu=all
2026-09-17,マルハン古川店,Lスマスロ北斗の拳,453,0,306,100.0,https://min-repo.com/3357287/?kishu=all
2026-09-17,マルハン古川店,Lスマスロ北斗の拳,452,0,1229,100.0,https://min-repo.com/3357287/?kishu=all
2026-09-17,マルハン古川店,Lスマスロ北斗の拳,451,0,558,100.0,https://min-repo.com/3357287/?kishu=all
2026-09-17,マルハン古川店,Lアズールレーン THE ANIMATION,360,0,306,100.0,https://min-repo.com/3357287/?kishu=all
2026-09-17,マルハン古川店,Lアクダマドライブ,370,0,728,100.0,https://min-repo.com/3357287/?kishu=all
2026-09-17,マルハン古川店,LBパチスロ ヱヴァンゲリヲン～約束の扉～,387,0,163,100.0,https://min-repo.com/3357287/?kishu=all
2026-09-17,マルハン古川店,LBパチスロ ヱヴァンゲリヲン～約束の扉～,386,0,248,100.0,https://min-repo.com/3357287/?kishu=all
2026-09-17,マルハン古川店,L ToLOVEるダークネス TRANCE ver.8.7,364,0,634,100.0,https://min-repo.com/3357287/?kishu=all
2026-09-17,マルハン古川店,L ToLOVEるダークネス,365,0,0,,https://min-repo.com/3357287/?kishu=all
2026-09-17,マルハン古川店,A-SLOT+異世界かるてっとBT,384,0,734,100.0,https://min-repo.com/3357287/?kishu=all
2026-09-17,マルハン仙台駅東店,真打 吉宗,584,0,6416,100.0,https://min-repo.com/3356839/?kishu=all
2026-09-17,マルハン仙台駅東店,真打 吉宗,583,0,2411,100.0,https://min-repo.com/3356839/?kishu=all
2026-09-17,マルハン仙台駅東店,沖ドキ！ＧＯＬＤ-30,708,0,3834,100.0,https://min-repo.com/3356839/?kishu=all
2026-09-17,マルハン仙台駅東店,沖ドキ！ＧＯＬＤ-30,707,0,3905,100.0,https://min-repo.com/3356839/?kishu=all
2026-09-17,マルハン仙台駅東店,沖ドキ！ＧＯＬＤ-30,706,0,2732,100.0,https://min-repo.com/3356839/?kishu=all
2026-09-17,マルハン仙台駅東店,沖ドキ！ＧＯＬＤ-30,705,0,1055,100.0,https://min-repo.com/3356839/?kishu=all
2026-09-17,マルハン仙台駅東店,沖ドキ！ＧＯＬＤ-30,704,0,2786,100.0,https://min-repo.com/3356839/?kishu=all
2026-09-17,マルハン仙台駅東店,沖ドキ！ＧＯＬＤ-30,703,0,3852,100.0,https://min-repo.com/3356839/?kishu=all
2026-09-17,マルハン仙台駅東店,沖ドキ！ＧＯＬＤ-30,702,0,437,100.0,https://min-repo.com/3356839/?kishu=all
2026-09-17,マルハン仙台駅東店,沖ドキ！ＧＯＬＤ-30,701,0,3583,100.0,https://min-repo.com/3356839/?kishu=all
2026-09-17,マルハン仙台駅東店,沖ドキ！ＧＯＬＤ-30,700,0,2003,100.0,https://min-repo.com/3356839/?kishu=all
2026-09-17,マルハン仙台駅東店,沖ドキ！ＧＯＬＤ-30,699,0,667,100.0,https://min-repo.com/3356839/?kishu=all
2026-09-17,マルハン仙台駅東店,沖ドキ！ＧＯＬＤ-30,698,0,4166,100.0,https://min-repo.com/3356839/?kishu=all
2026-09-17,マルハン仙台駅東店,沖ドキ！ＧＯＬＤ-30,697,0,691,100.0,https://min-repo.com/3356839/?kishu=all
2026-09-17,マルハン仙台駅東店,沖ドキ！ＧＯＬＤ-30,696,0,728,100.0,https://min-repo.com/3356839/?kishu=all
2026-09-17,マルハン仙台駅東店,沖ドキ！ＧＯＬＤ-30,695,0,3052,100.0,https://min-repo.com/3356839/?kishu=all
2026-09-17,マルハン仙台駅東店,沖ドキ！ＧＯＬＤ-30,694,0,2788,100.0,https://min-repo.com/3356839/?kishu=all
2026-09-17,マルハン仙台駅東店,沖ドキ！ＧＯＬＤ-30,693,0,0,,https://min-repo.com/3356839/?kishu=all
2026-09-17,マルハン仙台駅東店,戦国コレクション6,535,0,1253,100.0,https://min-repo.com/3356839/?kishu=all
2026-09-17,マルハン仙台駅東店,戦国コレクション6,534,0,2159,100.0,https://min-repo.com/3356839/?kishu=all
2026-09-17,マルハン仙台駅東店,戦国コレクション6,533,0,3652,100.0,https://min-repo.com/3356839/?kishu=all
2026-09-17,マルハン仙台駅東店,ミスタージャグラー,652,0,6076,100.0,https://min-repo.com/3356839/?kishu=all
2026-09-17,マルハン仙台駅東店,ミスタージャグラー,651,0,2136,100.0,https://min-repo.com/3356839/?kishu=all
2026-09-17,マルハン仙台駅東店,ミスタージャグラー,650,0,1940,100.0,https://min-repo.com/3356839/?kishu=all
2026-09-17,マルハン仙台駅東店,ミスタージャグラー,649,0,5088,100.0,https://min-repo.com/3356839/?kishu=all
2026-09-17,マルハン仙台駅東店,ミスタージャグラー,648,0,1818,100.0,https://min-repo.com/3356839/?kishu=all
2026-09-17,マルハン仙台駅東店,ミスタージャグラー,647,0,6770,100.0,https://min-repo.com/3356839/?kishu=all
2026-09-17,マルハン仙台駅東店,ミスタージャグラー,646,0,4348,100.0,https://min-repo.com/3356839/?kishu=all
2026-09-17,マルハン仙台駅東店,ミスタージャグラー,645,0,4455,100.0,https://min-repo.com/3356839/?kishu=all
2026-09-17,マルハン仙台駅東店,マイジャグラーV,644,0,7738,100.0,https://min-repo.com/3356839/?kishu=all
2026-09-17,マルハン仙台駅東店,マイジャグラーV,643,0,5491,100.0,https://min-repo.com/3356839/?kishu=all
2026-09-17,マルハン仙台駅東店,マイジャグラーV,642,0,2269,100.0,https://min-repo.com/3356839/?kishu=all
2026-09-17,マルハン仙台駅東店,マイジャグラーV,641,0,6847,100.0,https://min-repo.com/3356839/?kishu=all
2026-09-17,マルハン仙台駅東店,マイジャグラーV,640,0,5734,100.0,https://min-repo.com/3356839/?kishu=all
2026-09-17,マルハン仙台駅東店,マイジャグラーV,617,0,5174,100.0,https://min-repo.com/3356839/?kishu=all
2026-09-17,マルハン仙台駅東店,マイジャグラーV,616,0,6679,100.0,https://min-repo.com/3356839/?kishu=all
2026-09-17,マルハン仙台駅東店,マイジャグラーV,615,0,4726,100.0,https://min-repo.com/3356839/?kishu=all
2026-09-17,マルハン仙台駅東店,マイジャグラーV,614,0,6566,100.0,https://min-repo.com/3356839/?kishu=all
2026-09-17,マルハン仙台駅東店,マイジャグラーV,613,0,10561,100.0,https://min-repo.com/3356839/?kishu=all
2026-09-17,マルハン仙台駅東店,ファンキージャグラー２ＫＴ,639,0,2381,100.0,https://min-repo.com/3356839/?kishu=all
2026-09-17,マルハン仙台駅東店,ファンキージャグラー２ＫＴ,638,0,5005,100.0,https://min-repo.com/3356839/?kishu=all
2026-09-17,マルハン仙台駅東店,ファンキージャグラー２ＫＴ,637,0,4005,100.0,https://min-repo.com/3356839/?kishu=all
2026-09-17,マルハン仙台駅東店,ファンキージャグラー２ＫＴ,636,0,7309,100.0,https://min-repo.com/3356839/?kishu=all
2026-09-17,マルハン仙台駅東店,ファンキージャグラー２ＫＴ,635,0,2671,100.0,https://min-repo.com/3356839/?kishu=all
2026-09-17,マルハン仙台駅東店,ファンキージャグラー２ＫＴ,634,0,3609,100.0,https://min-repo.com/3356839/?kishu=all
2026-09-17,マルハン仙台駅東店,ファンキージャグラー２ＫＴ,633,0,6358,100.0,https://min-repo.com/3356839/?kishu=all
2026-09-17,マルハン仙台駅東店,ファンキージャグラー２ＫＴ,632,0,4606,100.0,https://min-repo.com/3356839/?kishu=all
2026-09-17,マルハン仙台駅東店,ファンキージャグラー２ＫＴ,631,0,2745,100.0,https://min-repo.com/3356839/?kishu=all
2026-09-17,マルハン仙台駅東店,ファンキージャグラー２ＫＴ,630,0,3053,100.0,https://min-repo.com/3356839/?kishu=all
2026-09-17,マルハン仙台駅東店,ファンキージャグラー２ＫＴ,629,0,6253,100.0,https://min-repo.com/3356839/?kishu=all
2026-09-17,マルハン仙台駅東店,ファンキージャグラー２ＫＴ,620,0,7167,100.0,https://min-repo.com/3356839/?kishu=all
2026-09-17,マルハン仙台駅東店,ファンキージャグラー２ＫＴ,619,0,7989,100.0,https://min-repo.com/3356839/?kishu=all
2026-09-17,マルハン仙台駅東店,ファンキージャグラー２ＫＴ,618,0,3174,100.0,https://min-repo.com/3356839/?kishu=all
2026-09-17,マルハン仙台駅東店,ハッピージャグラーＶＩＩＩ,624,0,4459,100.0,https://min-repo.com/3356839/?kishu=all
2026-09-17,マルハン仙台駅東店,ハッピージャグラーＶＩＩＩ,623,0,2489,100.0,https://min-repo.com/3356839/?kishu=all
2026-09-17,マルハン仙台駅東店,ハッピージャグラーＶＩＩＩ,622,0,1615,100.0,https://min-repo.com/3356839/?kishu=all
2026-09-17,マルハン仙台駅東店,ハッピージャグラーＶＩＩＩ,621,0,2653,100.0,https://min-repo.com/3356839/?kishu=all
2026-09-17,マルハン仙台駅東店,ネオアイムジャグラーEX,676,0,6448,100.0,https://min-repo.com/3356839/?kishu=all
2026-09-17,マルハン仙台駅東店,ネオアイムジャグラーEX,675,0,1798,100.0,https://min-repo.com/3356839/?kishu=all
2026-09-17,マルハン仙台駅東店,ネオアイムジャグラーEX,674,0,2930,100.0,https://min-repo.com/3356839/?kishu=all
2026-09-17,マルハン仙台駅東店,ネオアイムジャグラーEX,673,0,8681,100.0,https://min-repo.com/3356839/?kishu=all
2026-09-17,マルハン仙台駅東店,ネオアイムジャグラーEX,672,0,3124,100.0,https://min-repo.com/3356839/?kishu=all
2026-09-17,マルハン仙台駅東店,ネオアイムジャグラーEX,671,0,4319,100.0,https://min-repo.com/3356839/?kishu=all
2026-09-17,マルハン仙台駅東店,ネオアイムジャグラーEX,670,0,1943,100.0,https://min-repo.com/3356839/?kishu=all
2026-09-17,マルハン仙台駅東店,ネオアイムジャグラーEX,669,0,6082,100.0,https://min-repo.com/3356839/?kishu=all
2026-09-17,マルハン仙台駅東店,ネオアイムジャグラーEX,668,0,7480,100.0,https://min-repo.com/3356839/?kishu=all
2026-09-17,マルハン仙台駅東店,ネオアイムジャグラーEX,667,0,3688,100.0,https://min-repo.com/3356839/?kishu=all
2026-09-17,マルハン仙台駅東店,ネオアイムジャグラーEX,666,0,2261,100.0,https://min-repo.com/3356839/?kishu=all
2026-09-17,マルハン仙台駅東店,ネオアイムジャグラーEX,665,0,2212,100.0,https://min-repo.com/3356839/?kishu=all
2026-09-17,マルハン仙台駅東店,ネオアイムジャグラーEX,664,0,4743,100.0,https://min-repo.com/3356839/?kishu=all
2026-09-17,マルハン仙台駅東店,ネオアイムジャグラーEX,663,0,882,100.0,https://min-repo.com/3356839/?kishu=all
2026-09-17,マルハン仙台駅東店,ネオアイムジャグラーEX,662,0,7100,100.0,https://min-repo.com/3356839/?kishu=all
2026-09-17,マルハン仙台駅東店,ネオアイムジャグラーEX,661,0,3811,100.0,https://min-repo.com/3356839/?kishu=all
2026-09-17,マルハン仙台駅東店,ネオアイムジャグラーEX,660,0,6875,100.0,https://min-repo.com/3356839/?kishu=all
2026-09-17,マルハン仙台駅東店,ネオアイムジャグラーEX,659,0,1018,100.0,https://min-repo.com/3356839/?kishu=all
2026-09-17,マルハン仙台駅東店,チバリヨ2プラス,711,0,2075,100.0,https://min-repo.com/3356839/?kishu=all
2026-09-17,マルハン仙台駅東店,チバリヨ2プラス,710,0,2737,100.0,https://min-repo.com/3356839/?kishu=all
2026-09-17,マルハン仙台駅東店,チバリヨ2プラス,709,0,2412,100.0,https://min-repo.com/3356839/?kishu=all
2026-09-17,マルハン仙台駅東店,スロット ワールドダイスター,509,0,8669,100.0,https://min-repo.com/3356839/?kishu=all
2026-09-17,マルハン仙台駅東店,スロット ワールドダイスター,508,0,5214,100.0,https://min-repo.com/3356839/?kishu=all
2026-09-17,マルハン仙台駅東店,スロット ソードアート・オンラインⅡ,468,0,10112,100.0,https://min-repo.com/3356839/?kishu=all
2026-09-17,マルハン仙台駅東店,スロット ソードアート・オンラインⅡ,467,0,9651,100.0,https://min-repo.com/3356839/?kishu=all
2026-09-17,マルハン仙台駅東店,スロット ソードアート・オンラインⅡ,466,0,9606,100.0,https://min-repo.com/3356839/?kishu=all
2026-09-17,マルハン仙台駅東店,スロット ソードアート・オンラインⅡ,465,0,10454,100.0,https://min-repo.com/3356839/?kishu=all
2026-09-17,マルハン仙台駅東店,スロット ソードアート・オンラインⅡ,464,0,6389,100.0,https://min-repo.com/3356839/?kishu=all
2026-09-17,マルハン仙台駅東店,スマスロ鉄拳6,444,0,682,100.0,https://min-repo.com/3356839/?kishu=all
2026-09-17,マルハン仙台駅東店,スマスロ鉄拳6,443,0,1219,100.0,https://min-repo.com/3356839/?kishu=all
2026-09-17,マルハン仙台駅東店,スマスロ秘宝伝,587,0,0,,https://min-repo.com/3356839/?kishu=all
2026-09-17,マルハン仙台駅東店,スマスロ痛いのは嫌なので防御力に極振りしたいと思います。,448,0,6542,100.0,https://min-repo.com/3356839/?kishu=all
2026-09-17,マルハン仙台駅東店,スマスロ痛いのは嫌なので防御力に極振りしたいと思います。,447,0,1163,100.0,https://min-repo.com/3356839/?kishu=all
2026-09-17,マルハン仙台駅東店,スマスロ痛いのは嫌なので防御力に極振りしたいと思います。,446,0,479,100.0,https://min-repo.com/3356839/?kishu=all
2026-09-17,マルハン仙台駅東店,スマスロ新鬼武者3,548,0,2111,100.0,https://min-repo.com/3356839/?kishu=all
2026-09-17,マルハン仙台駅東店,スマスロ新鬼武者3,547,0,717,100.0,https://min-repo.com/3356839/?kishu=all
2026-09-17,マルハン仙台駅東店,スマスロ新鬼武者3,546,0,888,100.0,https://min-repo.com/3356839/?kishu=all
2026-09-17,マルハン仙台駅東店,スマスロ新鬼武者3,545,0,2801,100.0,https://min-repo.com/3356839/?kishu=all
2026-09-17,マルハン仙台駅東店,スマスロ新鬼武者3,544,0,502,100.0,https://min-repo.com/3356839/?kishu=all
2026-09-17,マルハン仙台駅東店,スマスロ新鬼武者3,543,0,349,100.0,https://min-repo.com/3356839/?kishu=all
2026-09-17,マルハン仙台駅東店,スマスロ北斗の拳 転生の章2,475,0,2160,100.0,https://min-repo.com/3356839/?kishu=all
2026-09-17,マルハン仙台駅東店,スマスロ北斗の拳 転生の章2,474,0,1801,100.0,https://min-repo.com/3356839/?kishu=all
2026-09-17,マルハン仙台駅東店,スマスロ北斗の拳 転生の章2,473,0,464,100.0,https://min-repo.com/3356839/?kishu=all
2026-09-17,マルハン仙台駅東店,スマスロ北斗の拳 転生の章2,472,0,1527,100.0,https://min-repo.com/3356839/?kishu=all
2026-09-17,マルハン仙台駅東店,スマスロ北斗の拳 転生の章2,471,0,3653,100.0,https://min-repo.com/3356839/?kishu=all
2026-09-17,マルハン仙台駅東店,スマスロ北斗の拳 転生の章2,470,0,2314,100.0,https://min-repo.com/3356839/?kishu=all
2026-09-17,マルハン仙台駅東店,スマスロ北斗の拳 転生の章2,469,0,528,100.0,https://min-repo.com/3356839/?kishu=all
2026-09-17,マルハン仙台駅東店,スマスロ化物語,452,0,1698,100.0,https://min-repo.com/3356839/?kishu=all
2026-09-17,マルハン仙台駅東店,スマスロ化物語,451,0,827,100.0,https://min-repo.com/3356839/?kishu=all
2026-09-17,マルハン仙台駅東店,スマスロ化物語,450,0,852,100.0,https://min-repo.com/3356839/?kishu=all
2026-09-17,マルハン仙台駅東店,スマスロ化物語,449,0,713,100.0,https://min-repo.com/3356839/?kishu=all
2026-09-17,マルハン仙台駅東店,スマスロモンキーターンV,463,0,1400,100.0,https://min-repo.com/3356839/?kishu=all
2026-09-17,マルハン仙台駅東店,スマスロモンキーターンV,462,0,1817,100.0,https://min-repo.com/3356839/?kishu=all
2026-09-17,マルハン仙台駅東店,スマスロモンキーターンV,461,0,6060,100.0,https://min-repo.com/3356839/?kishu=all
2026-09-17,マルハン仙台駅東店,スマスロモンキーターンV,460,0,3223,100.0,https://min-repo.com/3356839/?kishu=all
2026-09-17,マルハン仙台駅東店,スマスロモンキーターンV,459,0,2663,100.0,https://min-repo.com/3356839/?kishu=all
2026-09-17,マルハン仙台駅東店,スマスロモンキーターンV,458,0,660,100.0,https://min-repo.com/3356839/?kishu=all
2026-09-17,マルハン仙台駅東店,スマスロモンキーターンV,457,0,2691,100.0,https://min-repo.com/3356839/?kishu=all
2026-09-17,マルハン仙台駅東店,スマスロモンキーターンV,456,0,1847,100.0,https://min-repo.com/3356839/?kishu=all
2026-09-17,マルハン仙台駅東店,スマスロモンキーターンV,455,0,3887,100.0,https://min-repo.com/3356839/?kishu=all
2026-09-17,マルハン仙台駅東店,スマスロモンキーターンV,454,0,491,100.0,https://min-repo.com/3356839/?kishu=all
2026-09-17,マルハン仙台駅東店,スマスロモンキーターンV,453,0,4461,100.0,https://min-repo.com/3356839/?kishu=all
2026-09-17,マルハン仙台駅東店,スマスロケロット5BT,747,0,1345,100.0,https://min-repo.com/3356839/?kishu=all
2026-09-17,マルハン仙台駅東店,スマスロケロット5BT,746,0,5252,100.0,https://min-repo.com/3356839/?kishu=all
2026-09-17,マルハン仙台駅東店,スマスロ 甲鉄城のカバネリ 海門決戦,564,0,4919,100.0,https://min-repo.com/3356839/?kishu=all
2026-09-17,マルハン仙台駅東店,スマスロ 甲鉄城のカバネリ 海門決戦,563,0,1454,100.0,https://min-repo.com/3356839/?kishu=all
2026-09-17,マルハン仙台駅東店,スマスロ 甲鉄城のカバネリ 海門決戦,562,0,2156,100.0,https://min-repo.com/3356839/?kishu=all
2026-09-17,マルハン仙台駅東店,スマスロ 甲鉄城のカバネリ 海門決戦,561,0,4982,100.0,https://min-repo.com/3356839/?kishu=all
2026-09-17,マルハン仙台駅東店,スマスロ 甲鉄城のカバネリ 海門決戦,560,0,4294,100.0,https://min-repo.com/3356839/?kishu=all
2026-09-17,マルハン仙台駅東店,スマスロ 甲鉄城のカバネリ 海門決戦,559,0,2165,100.0,https://min-repo.com/3356839/?kishu=all
2026-09-17,マルハン仙台駅東店,スマスロ 甲鉄城のカバネリ 海門決戦,558,0,787,100.0,https://min-repo.com/3356839/?kishu=all
2026-09-17,マルハン仙台駅東店,スマスロ 甲鉄城のカバネリ 海門決戦,557,0,6380,100.0,https://min-repo.com/3356839/?kishu=all
2026-09-17,マルハン仙台駅東店,スマスロ 甲鉄城のカバネリ 海門決戦,556,0,2362,100.0,https://min-repo.com/3356839/?kishu=all
2026-09-17,マルハン仙台駅東店,スマスロ 甲鉄城のカバネリ 海門決戦,555,0,4822,100.0,https://min-repo.com/3356839/?kishu=all
2026-09-17,マルハン仙台駅東店,スマスロ 甲鉄城のカバネリ 海門決戦,526,0,1282,100.0,https://min-repo.com/3356839/?kishu=all
2026-09-17,マルハン仙台駅東店,スマスロ 甲鉄城のカバネリ 海門決戦,525,0,7786,100.0,https://min-repo.com/3356839/?kishu=all
2026-09-17,マルハン仙台駅東店,スマスロ 甲鉄城のカバネリ 海門決戦,524,0,1105,100.0,https://min-repo.com/3356839/?kishu=all
2026-09-17,マルハン仙台駅東店,スマスロ 甲鉄城のカバネリ 海門決戦,523,0,5955,100.0,https://min-repo.com/3356839/?kishu=all
2026-09-17,マルハン仙台駅東店,スマスロ 甲鉄城のカバネリ 海門決戦,522,0,2163,100.0,https://min-repo.com/3356839/?kishu=all
2026-09-17,マルハン仙台駅東店,スマスロ 甲鉄城のカバネリ 海門決戦,521,0,3614,100.0,https://min-repo.com/3356839/?kishu=all
2026-09-17,マルハン仙台駅東店,スマスロ 甲鉄城のカバネリ 海門決戦,520,0,2657,100.0,https://min-repo.com/3356839/?kishu=all
2026-09-17,マルハン仙台駅東店,スマスロ 甲鉄城のカバネリ 海門決戦,519,0,3837,100.0,https://min-repo.com/3356839/?kishu=all
2026-09-17,マルハン仙台駅東店,スマスロ 甲鉄城のカバネリ 海門決戦,518,0,2120,100.0,https://min-repo.com/3356839/?kishu=all
2026-09-17,マルハン仙台駅東店,スマスロ 甲鉄城のカバネリ 海門決戦,517,0,3708,100.0,https://min-repo.com/3356839/?kishu=all
2026-09-17,マルハン仙台駅東店,スマスロ 東京リベンジャーズ,590,0,1530,100.0,https://min-repo.com/3356839/?kishu=all
2026-09-17,マルハン仙台駅東店,スマスロ 攻殻機動隊,594,0,1362,100.0,https://min-repo.com/3356839/?kishu=all
2026-09-17,マルハン仙台駅東店,スマスロ 攻殻機動隊,593,0,151,100.0,https://min-repo.com/3356839/?kishu=all
2026-09-17,マルハン仙台駅東店,スマスロ リコリス・リコイル,428,0,7021,100.0,https://min-repo.com/3356839/?kishu=all
2026-09-17,マルハン仙台駅東店,スマスロ リコリス・リコイル,427,0,10178,100.0,https://min-repo.com/3356839/?kishu=all
2026-09-17,マルハン仙台駅東店,スマスロ リコリス・リコイル,426,0,8182,100.0,https://min-repo.com/3356839/?kishu=all
2026-09-17,マルハン仙台駅東店,スマスロ リコリス・リコイル,425,0,7184,100.0,https://min-repo.com/3356839/?kishu=all
2026-09-17,マルハン仙台駅東店,スマスロ リコリス・リコイル,424,0,8030,100.0,https://min-repo.com/3356839/?kishu=all
2026-09-17,マルハン仙台駅東店,スマスロ リコリス・リコイル,423,0,5099,100.0,https://min-repo.com/3356839/?kishu=all
2026-09-17,マルハン仙台駅東店,スマスロ リコリス・リコイル,422,0,10534,100.0,https://min-repo.com/3356839/?kishu=all
2026-09-17,マルハン仙台駅東店,スマスロ リコリス・リコイル,421,0,9478,100.0,https://min-repo.com/3356839/?kishu=all
2026-09-17,マルハン仙台駅東店,スマスロ モンスターハンターライズ,532,0,1074,100.0,https://min-repo.com/3356839/?kishu=all
2026-09-17,マルハン仙台駅東店,スマスロ モンスターハンターライズ,531,0,6307,100.0,https://min-repo.com/3356839/?kishu=all
2026-09-17,マルハン仙台駅東店,スマスロ モンスターハンターライズ,530,0,294,100.0,https://min-repo.com/3356839/?kishu=all
2026-09-17,マルハン仙台駅東店,スマスロ モンスターハンターライズ,529,0,2072,100.0,https://min-repo.com/3356839/?kishu=all
2026-09-17,マルハン仙台駅東店,スマスロ モンスターハンターライズ,528,0,2464,100.0,https://min-repo.com/3356839/?kishu=all
2026-09-17,マルハン仙台駅東店,スマスロ モンスターハンターライズ,527,0,2757,100.0,https://min-repo.com/3356839/?kishu=all
2026-09-17,マルハン仙台駅東店,スマスロ ミリオンゴッド-神々の軌跡-,612,0,2791,100.0,https://min-repo.com/3356839/?kishu=all
2026-09-17,マルハン仙台駅東店,スマスロ ミリオンゴッド-神々の軌跡-,611,0,2257,100.0,https://min-repo.com/3356839/?kishu=all
2026-09-17,マルハン仙台駅東店,スマスロ ミリオンゴッド-神々の軌跡-,610,0,1610,100.0,https://min-repo.com/3356839/?kishu=all
2026-09-17,マルハン仙台駅東店,スマスロ ミリオンゴッド-神々の軌跡-,609,0,82,,https://min-repo.com/3356839/?kishu=all
2026-09-17,マルハン仙台駅東店,スマスロ ミリオンゴッド-神々の軌跡-,608,0,1049,100.0,https://min-repo.com/3356839/?kishu=all
2026-09-17,マルハン仙台駅東店,スマスロ ミリオンゴッド-神々の軌跡-,607,0,1379,100.0,https://min-repo.com/3356839/?kishu=all
2026-09-17,マルハン仙台駅東店,スマスロ ミリオンゴッド-神々の軌跡-,606,0,2358,100.0,https://min-repo.com/3356839/?kishu=all
2026-09-17,マルハン仙台駅東店,スマスロ ミリオンゴッド-神々の軌跡-,605,0,425,100.0,https://min-repo.com/3356839/?kishu=all
2026-09-17,マルハン仙台駅東店,スマスロ ミリオンゴッド-神々の軌跡-,604,0,1512,100.0,https://min-repo.com/3356839/?kishu=all
2026-09-17,マルハン仙台駅東店,スマスロ ミリオンゴッド-神々の軌跡-,603,0,95,,https://min-repo.com/3356839/?kishu=all
2026-09-17,マルハン仙台駅東店,スマスロ ミリオンゴッド-神々の軌跡-,602,0,1218,100.0,https://min-repo.com/3356839/?kishu=all
2026-09-17,マルハン仙台駅東店,スマスロ ミリオンゴッド-神々の軌跡-,601,0,228,100.0,https://min-repo.com/3356839/?kishu=all
2026-09-17,マルハン仙台駅東店,スマスロ ミリオンゴッド-神々の軌跡-,600,0,2493,100.0,https://min-repo.com/3356839/?kishu=all
2026-09-17,マルハン仙台駅東店,スマスロ ミリオンゴッド-神々の軌跡-,599,0,363,100.0,https://min-repo.com/3356839/?kishu=all
2026-09-17,マルハン仙台駅東店,スマスロ ミリオンゴッド-神々の軌跡-,598,0,817,100.0,https://min-repo.com/3356839/?kishu=all
2026-09-17,マルハン仙台駅東店,スマスロ ミリオンゴッド-神々の軌跡-,597,0,2833,100.0,https://min-repo.com/3356839/?kishu=all
2026-09-17,マルハン仙台駅東店,スマスロ ミリオンゴッド-神々の軌跡-,580,0,1996,100.0,https://min-repo.com/3356839/?kishu=all
2026-09-17,マルハン仙台駅東店,スマスロ ミリオンゴッド-神々の軌跡-,579,0,955,100.0,https://min-repo.com/3356839/?kishu=all
2026-09-17,マルハン仙台駅東店,スマスロ ミリオンゴッド-神々の軌跡-,578,0,2090,100.0,https://min-repo.com/3356839/?kishu=all
2026-09-17,マルハン仙台駅東店,スマスロ ミリオンゴッド-神々の軌跡-,577,0,886,100.0,https://min-repo.com/3356839/?kishu=all
2026-09-17,マルハン仙台駅東店,スマスロ ミリオンゴッド-神々の軌跡-,576,0,1368,100.0,https://min-repo.com/3356839/?kishu=all
2026-09-17,マルハン仙台駅東店,スマスロ ミリオンゴッド-神々の軌跡-,575,0,230,100.0,https://min-repo.com/3356839/?kishu=all
2026-09-17,マルハン仙台駅東店,スマスロ ミリオンゴッド-神々の軌跡-,574,0,1179,100.0,https://min-repo.com/3356839/?kishu=all
2026-09-17,マルハン仙台駅東店,スマスロ ミリオンゴッド-神々の軌跡-,573,0,517,100.0,https://min-repo.com/3356839/?kishu=all
2026-09-17,マルハン仙台駅東店,スマスロ ミリオンゴッド-神々の軌跡-,572,0,3541,100.0,https://min-repo.com/3356839/?kishu=all
2026-09-17,マルハン仙台駅東店,スマスロ ミリオンゴッド-神々の軌跡-,571,0,505,100.0,https://min-repo.com/3356839/?kishu=all
2026-09-17,マルハン仙台駅東店,スマスロ ミリオンゴッド-神々の軌跡-,570,0,2140,100.0,https://min-repo.com/3356839/?kishu=all
2026-09-17,マルハン仙台駅東店,スマスロ ミリオンゴッド-神々の軌跡-,569,0,834,100.0,https://min-repo.com/3356839/?kishu=all
2026-09-17,マルハン仙台駅東店,スマスロ ミリオンゴッド-神々の軌跡-,568,0,1114,100.0,https://min-repo.com/3356839/?kishu=all
2026-09-17,マルハン仙台駅東店,スマスロ ミリオンゴッド-神々の軌跡-,567,0,479,100.0,https://min-repo.com/3356839/?kishu=all
2026-09-17,マルハン仙台駅東店,スマスロ ミリオンゴッド-神々の軌跡-,566,0,1310,100.0,https://min-repo.com/3356839/?kishu=all
2026-09-17,マルハン仙台駅東店,スマスロ ミリオンゴッド-神々の軌跡-,565,0,744,100.0,https://min-repo.com/3356839/?kishu=all
2026-09-17,マルハン仙台駅東店,スマスロ マギアレコード 魔法少女まどか☆マギカ外伝,436,0,2947,100.0,https://min-repo.com/3356839/?kishu=all
2026-09-17,マルハン仙台駅東店,スマスロ マギアレコード 魔法少女まどか☆マギカ外伝,435,0,363,100.0,https://min-repo.com/3356839/?kishu=all
2026-09-17,マルハン仙台駅東店,スマスロ マギアレコード 魔法少女まどか☆マギカ外伝,434,0,745,100.0,https://min-repo.com/3356839/?kishu=all
2026-09-17,マルハン仙台駅東店,スマスロ マギアレコード 魔法少女まどか☆マギカ外伝,433,0,524,100.0,https://min-repo.com/3356839/?kishu=all
2026-09-17,マルハン仙台駅東店,スマスロ マギアレコード 魔法少女まどか☆マギカ外伝,432,0,663,100.0,https://min-repo.com/3356839/?kishu=all
2026-09-17,マルハン仙台駅東店,スマスロ マギアレコード 魔法少女まどか☆マギカ外伝,431,0,0,,https://min-repo.com/3356839/?kishu=all
2026-09-17,マルハン仙台駅東店,スマスロ ビッグドリーム THE GOLDEN PUSHER,723,0,1506,100.0,https://min-repo.com/3356839/?kishu=all
2026-09-17,マルハン仙台駅東店,スマスロ バイオハザードRE:3,588,0,2087,100.0,https://min-repo.com/3356839/?kishu=all
2026-09-17,マルハン仙台駅東店,スマスロ ハナビ,582,0,2836,100.0,https://min-repo.com/3356839/?kishu=all
2026-09-17,マルハン仙台駅東店,スマスロ ハナビ,581,0,4164,100.0,https://min-repo.com/3356839/?kishu=all
2026-09-17,マルハン仙台駅東店,スマスロ タコスロ,741,0,8031,100.0,https://min-repo.com/3356839/?kishu=all
2026-09-17,マルハン仙台駅東店,スマスロ タコスロ,740,0,5550,100.0,https://min-repo.com/3356839/?kishu=all
2026-09-17,マルハン仙台駅東店,スマスロ スーパーリオエース2,596,0,2791,100.0,https://min-repo.com/3356839/?kishu=all
2026-09-17,マルハン仙台駅東店,スマスロ スーパーリオエース2,595,0,3635,100.0,https://min-repo.com/3356839/?kishu=all
2026-09-17,マルハン仙台駅東店,スマスロ スーパーブラックジャック,507,0,1015,100.0,https://min-repo.com/3356839/?kishu=all
2026-09-17,マルハン仙台駅東店,スマスロ スーパーブラックジャック,506,0,952,100.0,https://min-repo.com/3356839/?kishu=all
2026-09-17,マルハン仙台駅東店,スマスロ スーパーブラックジャック,505,0,160,100.0,https://min-repo.com/3356839/?kishu=all
2026-09-17,マルハン仙台駅東店,スマスロ スーパーブラックジャック,504,0,4773,100.0,https://min-repo.com/3356839/?kishu=all
2026-09-17,マルハン仙台駅東店,スマスロ スーパーブラックジャック,503,0,1943,100.0,https://min-repo.com/3356839/?kishu=all
2026-09-17,マルハン仙台駅東店,スマスロ ストリートファイター6,502,0,1705,100.0,https://min-repo.com/3356839/?kishu=all
2026-09-17,マルハン仙台駅東店,スマスロ ストリートファイター6,501,0,2428,100.0,https://min-repo.com/3356839/?kishu=all
2026-09-17,マルハン仙台駅東店,スマスロ ストリートファイター6,500,0,1377,100.0,https://min-repo.com/3356839/?kishu=all
2026-09-17,マルハン仙台駅東店,スマスロ シャーマンキング,722,0,921,100.0,https://min-repo.com/3356839/?kishu=all
2026-09-17,マルハン仙台駅東店,スマスロ シャーマンキング,721,0,220,100.0,https://min-repo.com/3356839/?kishu=all
2026-09-17,マルハン仙台駅東店,スマスロ シャーマンキング,720,0,512,100.0,https://min-repo.com/3356839/?kishu=all
2026-09-17,マルハン仙台駅東店,スマスロ サンダーV,737,0,6587,100.0,https://min-repo.com/3356839/?kishu=all
2026-09-17,マルハン仙台駅東店,スマスロ サンダーV,736,0,4134,100.0,https://min-repo.com/3356839/?kishu=all
2026-09-17,マルハン仙台駅東店,スマスロ ゴッドイーター リザレクション,731,0,584,100.0,https://min-repo.com/3356839/?kishu=all
2026-09-17,マルハン仙台駅東店,スマスロ ゴッドイーター リザレクション,730,0,672,100.0,https://min-repo.com/3356839/?kishu=all
2026-09-17,マルハン仙台駅東店,スマスロ ゴッドイーター リザレクション,729,0,1703,100.0,https://min-repo.com/3356839/?kishu=all
2026-09-17,マルハン仙台駅東店,スマスロ ゴッドイーター リザレクション,728,0,848,100.0,https://min-repo.com/3356839/?kishu=all
2026-09-17,マルハン仙台駅東店,スマスロ ゴッドイーター リザレクション,727,0,266,100.0,https://min-repo.com/3356839/?kishu=all
2026-09-17,マルハン仙台駅東店,スマスロ ゴッドイーター リザレクション,726,0,466,100.0,https://min-repo.com/3356839/?kishu=all
2026-09-17,マルハン仙台駅東店,スマスロ やじきた道中記参る！,489,0,1222,100.0,https://min-repo.com/3356839/?kishu=all
2026-09-17,マルハン仙台駅東店,スマスロ やじきた道中記参る！,488,0,1206,100.0,https://min-repo.com/3356839/?kishu=all
2026-09-17,マルハン仙台駅東店,スマスロ やじきた道中記参る！,487,0,1917,100.0,https://min-repo.com/3356839/?kishu=all
2026-09-17,マルハン仙台駅東店,スマスロ とある魔術の禁書目録2,512,0,2803,100.0,https://min-repo.com/3356839/?kishu=all
2026-09-17,マルハン仙台駅東店,スマスロ とある魔術の禁書目録2,511,0,3045,100.0,https://min-repo.com/3356839/?kishu=all
2026-09-17,マルハン仙台駅東店,スマスロ とある魔術の禁書目録2,510,0,4077,100.0,https://min-repo.com/3356839/?kishu=all
2026-09-17,マルハン仙台駅東店,ジャグラーガールズSS,658,0,6713,100.0,https://min-repo.com/3356839/?kishu=all
2026-09-17,マルハン仙台駅東店,ジャグラーガールズSS,657,0,1208,100.0,https://min-repo.com/3356839/?kishu=all
2026-09-17,マルハン仙台駅東店,ジャグラーガールズSS,656,0,4154,100.0,https://min-repo.com/3356839/?kishu=all
2026-09-17,マルハン仙台駅東店,ジャグラーガールズSS,655,0,4581,100.0,https://min-repo.com/3356839/?kishu=all
2026-09-17,マルハン仙台駅東店,ジャグラーガールズSS,654,0,2809,100.0,https://min-repo.com/3356839/?kishu=all
2026-09-17,マルハン仙台駅東店,ジャグラーガールズSS,653,0,2443,100.0,https://min-repo.com/3356839/?kishu=all
2026-09-17,マルハン仙台駅東店,ゴーゴージャグラー３,692,0,4513,100.0,https://min-repo.com/3356839/?kishu=all
2026-09-17,マルハン仙台駅東店,ゴーゴージャグラー３,691,0,3855,100.0,https://min-repo.com/3356839/?kishu=all
2026-09-17,マルハン仙台駅東店,ゴーゴージャグラー３,690,0,4968,100.0,https://min-repo.com/3356839/?kishu=all
2026-09-17,マルハン仙台駅東店,ゴーゴージャグラー３,689,0,2665,100.0,https://min-repo.com/3356839/?kishu=all
2026-09-17,マルハン仙台駅東店,ゴーゴージャグラー３,688,0,3597,100.0,https://min-repo.com/3356839/?kishu=all
2026-09-17,マルハン仙台駅東店,ゴーゴージャグラー３,687,0,2261,100.0,https://min-repo.com/3356839/?kishu=all
2026-09-17,マルハン仙台駅東店,ゴーゴージャグラー３,686,0,6975,100.0,https://min-repo.com/3356839/?kishu=all
2026-09-17,マルハン仙台駅東店,ゴーゴージャグラー３,685,0,1368,100.0,https://min-repo.com/3356839/?kishu=all
2026-09-17,マルハン仙台駅東店,ゴーゴージャグラー３,684,0,5027,100.0,https://min-repo.com/3356839/?kishu=all
2026-09-17,マルハン仙台駅東店,ゴーゴージャグラー３,683,0,1836,100.0,https://min-repo.com/3356839/?kishu=all
2026-09-17,マルハン仙台駅東店,ゴーゴージャグラー３,682,0,1154,100.0,https://min-repo.com/3356839/?kishu=all
2026-09-17,マルハン仙台駅東店,ゴーゴージャグラー３,681,0,5855,100.0,https://min-repo.com/3356839/?kishu=all
2026-09-17,マルハン仙台駅東店,ゴーゴージャグラー３,680,0,1797,100.0,https://min-repo.com/3356839/?kishu=all
2026-09-17,マルハン仙台駅東店,ゴーゴージャグラー３,679,0,5269,100.0,https://min-repo.com/3356839/?kishu=all
2026-09-17,マルハン仙台駅東店,ゴーゴージャグラー３,678,0,1231,100.0,https://min-repo.com/3356839/?kishu=all
2026-09-17,マルハン仙台駅東店,ゴーゴージャグラー３,677,0,6692,100.0,https://min-repo.com/3356839/?kishu=all
2026-09-17,マルハン仙台駅東店,クレアの秘宝伝～はじまりの扉と太陽の石～ボーナストリガーver.,739,0,2836,100.0,https://min-repo.com/3356839/?kishu=all
2026-09-17,マルハン仙台駅東店,クレアの秘宝伝～はじまりの扉と太陽の石～ボーナストリガーver.,738,0,1686,100.0,https://min-repo.com/3356839/?kishu=all
2026-09-17,マルハン仙台駅東店,ウルトラミラクルジャグラー,628,0,3409,100.0,https://min-repo.com/3356839/?kishu=all
2026-09-17,マルハン仙台駅東店,ウルトラミラクルジャグラー,627,0,2471,100.0,https://min-repo.com/3356839/?kishu=all
2026-09-17,マルハン仙台駅東店,ウルトラミラクルジャグラー,626,0,2224,100.0,https://min-repo.com/3356839/?kishu=all
2026-09-17,マルハン仙台駅東店,ウルトラミラクルジャグラー,625,0,4297,100.0,https://min-repo.com/3356839/?kishu=all
2026-09-17,マルハン仙台駅東店,アレックス ブライト,743,0,3937,100.0,https://min-repo.com/3356839/?kishu=all
2026-09-17,マルハン仙台駅東店,アレックス ブライト,742,0,3054,100.0,https://min-repo.com/3356839/?kishu=all
2026-09-17,マルハン仙台駅東店,いざ！番長,445,0,1814,100.0,https://min-repo.com/3356839/?kishu=all
2026-09-17,マルハン仙台駅東店,SHAKE BONUS TRIGGER,735,0,3870,100.0,https://min-repo.com/3356839/?kishu=all
2026-09-17,マルハン仙台駅東店,L青春ブタ野郎はバニーガール先輩の夢を見ない,430,0,7252,100.0,https://min-repo.com/3356839/?kishu=all
2026-09-17,マルハン仙台駅東店,L青春ブタ野郎はバニーガール先輩の夢を見ない,429,0,8684,100.0,https://min-repo.com/3356839/?kishu=all
2026-09-17,マルハン仙台駅東店,L邪神ちゃんドロップキック,486,0,4764,100.0,https://min-repo.com/3356839/?kishu=all
2026-09-17,マルハン仙台駅東店,L無職転生～異世界行ったら本気だす～,591,0,503,100.0,https://min-repo.com/3356839/?kishu=all
2026-09-17,マルハン仙台駅東店,L東京喰種,777,0,5525,100.0,https://min-repo.com/3356839/?kishu=all
2026-09-17,マルハン仙台駅東店,L東京喰種,776,0,4066,100.0,https://min-repo.com/3356839/?kishu=all
2026-09-17,マルハン仙台駅東店,L東京喰種,775,0,1327,100.0,https://min-repo.com/3356839/?kishu=all
2026-09-17,マルハン仙台駅東店,L東京喰種,774,0,2730,100.0,https://min-repo.com/3356839/?kishu=all
2026-09-17,マルハン仙台駅東店,L東京喰種,773,0,1113,100.0,https://min-repo.com/3356839/?kishu=all
2026-09-17,マルハン仙台駅東店,L東京喰種,772,0,2780,100.0,https://min-repo.com/3356839/?kishu=all
2026-09-17,マルハン仙台駅東店,L東京喰種,771,0,933,100.0,https://min-repo.com/3356839/?kishu=all
2026-09-17,マルハン仙台駅東店,L東京喰種,770,0,6171,100.0,https://min-repo.com/3356839/?kishu=all
2026-09-17,マルハン仙台駅東店,L東京喰種,769,0,713,100.0,https://min-repo.com/3356839/?kishu=all
2026-09-17,マルハン仙台駅東店,L東京喰種,768,0,1776,100.0,https://min-repo.com/3356839/?kishu=all
2026-09-17,マルハン仙台駅東店,L東京喰種,767,0,2416,100.0,https://min-repo.com/3356839/?kishu=all
2026-09-17,マルハン仙台駅東店,L東京喰種,766,0,5072,100.0,https://min-repo.com/3356839/?kishu=all
2026-09-17,マルハン仙台駅東店,L東京喰種,765,0,443,100.0,https://min-repo.com/3356839/?kishu=all
2026-09-17,マルハン仙台駅東店,L東京喰種,764,0,1976,100.0,https://min-repo.com/3356839/?kishu=all
2026-09-17,マルハン仙台駅東店,L東京喰種,763,0,3245,100.0,https://min-repo.com/3356839/?kishu=all
2026-09-17,マルハン仙台駅東店,L東京喰種,762,0,5574,100.0,https://min-repo.com/3356839/?kishu=all
2026-09-17,マルハン仙台駅東店,L東京喰種,761,0,261,100.0,https://min-repo.com/3356839/?kishu=all
2026-09-17,マルハン仙台駅東店,L東京喰種,760,0,4516,100.0,https://min-repo.com/3356839/?kishu=all
2026-09-17,マルハン仙台駅東店,L東京喰種,759,0,1492,100.0,https://min-repo.com/3356839/?kishu=all
2026-09-17,マルハン仙台駅東店,L東京喰種,758,0,5921,100.0,https://min-repo.com/3356839/?kishu=all
2026-09-17,マルハン仙台駅東店,L東京喰種,757,0,1506,100.0,https://min-repo.com/3356839/?kishu=all
2026-09-17,マルハン仙台駅東店,L東京喰種,756,0,5275,100.0,https://min-repo.com/3356839/?kishu=all
2026-09-17,マルハン仙台駅東店,L東京喰種,755,0,3304,100.0,https://min-repo.com/3356839/?kishu=all
2026-09-17,マルハン仙台駅東店,L東京喰種,754,0,3195,100.0,https://min-repo.com/3356839/?kishu=all
2026-09-17,マルハン仙台駅東店,L東京喰種,753,0,2978,100.0,https://min-repo.com/3356839/?kishu=all
2026-09-17,マルハン仙台駅東店,L東京喰種,752,0,2743,100.0,https://min-repo.com/3356839/?kishu=all
2026-09-17,マルハン仙台駅東店,L東京喰種,751,0,252,100.0,https://min-repo.com/3356839/?kishu=all
2026-09-17,マルハン仙台駅東店,L東京喰種,750,0,5481,100.0,https://min-repo.com/3356839/?kishu=all
2026-09-17,マルハン仙台駅東店,L戦国乙女４　戦乱に閃く炯眼の軍師,586,0,0,,https://min-repo.com/3356839/?kishu=all
2026-09-17,マルハン仙台駅東店,L戦国乙女４　戦乱に閃く炯眼の軍師,585,0,0,,https://min-repo.com/3356839/?kishu=all
2026-09-17,マルハン仙台駅東店,L戦国乙女5 業火を穿つ宿焔の双刃,516,0,5074,100.0,https://min-repo.com/3356839/?kishu=all
2026-09-17,マルハン仙台駅東店,L戦国乙女5 業火を穿つ宿焔の双刃,515,0,3909,100.0,https://min-repo.com/3356839/?kishu=all
2026-09-17,マルハン仙台駅東店,L戦国乙女5 業火を穿つ宿焔の双刃,514,0,4784,100.0,https://min-repo.com/3356839/?kishu=all
2026-09-17,マルハン仙台駅東店,L戦国乙女5 業火を穿つ宿焔の双刃,513,0,3577,100.0,https://min-repo.com/3356839/?kishu=all
2026-09-17,マルハン仙台駅東店,L少女☆歌劇 レヴュースタァライト -The SLOT-,725,0,1060,100.0,https://min-repo.com/3356839/?kishu=all
2026-09-17,マルハン仙台駅東店,L南国育ち SPECIAL,589,0,3057,100.0,https://min-repo.com/3356839/?kishu=all
2026-09-17,マルハン仙台駅東店,L主役は銭形5,724,0,1373,100.0,https://min-repo.com/3356839/?kishu=all
2026-09-17,マルハン仙台駅東店,L不二子BT,745,0,1058,100.0,https://min-repo.com/3356839/?kishu=all
2026-09-17,マルハン仙台駅東店,L不二子BT,744,0,2671,100.0,https://min-repo.com/3356839/?kishu=all
2026-09-17,マルハン仙台駅東店,Lパチスロ革命機ヴァルヴレイヴ2,734,0,2221,100.0,https://min-repo.com/3356839/?kishu=all
2026-09-17,マルハン仙台駅東店,Lパチスロ革命機ヴァルヴレイヴ2,733,0,3540,100.0,https://min-repo.com/3356839/?kishu=all
2026-09-17,マルハン仙台駅東店,Lパチスロ革命機ヴァルヴレイヴ2,732,0,3742,100.0,https://min-repo.com/3356839/?kishu=all
2026-09-17,マルハン仙台駅東店,Lパチスロ革命機ヴァルヴレイヴ2,719,0,2556,100.0,https://min-repo.com/3356839/?kishu=all
2026-09-17,マルハン仙台駅東店,Lパチスロ革命機ヴァルヴレイヴ2,718,0,5134,100.0,https://min-repo.com/3356839/?kishu=all
2026-09-17,マルハン仙台駅東店,Lパチスロ革命機ヴァルヴレイヴ2,717,0,2875,100.0,https://min-repo.com/3356839/?kishu=all
2026-09-17,マルハン仙台駅東店,Lパチスロ革命機ヴァルヴレイヴ2,716,0,9036,100.0,https://min-repo.com/3356839/?kishu=all
2026-09-17,マルハン仙台駅東店,Lパチスロ革命機ヴァルヴレイヴ2,715,0,6847,100.0,https://min-repo.com/3356839/?kishu=all
2026-09-17,マルハン仙台駅東店,Lパチスロ革命機ヴァルヴレイヴ2,714,0,6892,100.0,https://min-repo.com/3356839/?kishu=all
2026-09-17,マルハン仙台駅東店,Lパチスロ革命機ヴァルヴレイヴ2,713,0,4850,100.0,https://min-repo.com/3356839/?kishu=all
2026-09-17,マルハン仙台駅東店,Lパチスロ革命機ヴァルヴレイヴ2,712,0,1679,100.0,https://min-repo.com/3356839/?kishu=all
2026-09-17,マルハン仙台駅東店,Lパチスロ革命機ヴァルヴレイヴ,494,0,2271,100.0,https://min-repo.com/3356839/?kishu=all
2026-09-17,マルハン仙台駅東店,Lパチスロ革命機ヴァルヴレイヴ,493,0,567,100.0,https://min-repo.com/3356839/?kishu=all
2026-09-17,マルハン仙台駅東店,Lパチスロ革命機ヴァルヴレイヴ,492,0,1363,100.0,https://min-repo.com/3356839/?kishu=all
2026-09-17,マルハン仙台駅東店,Lパチスロ革命機ヴァルヴレイヴ,491,0,934,100.0,https://min-repo.com/3356839/?kishu=all
2026-09-17,マルハン仙台駅東店,Lパチスロ革命機ヴァルヴレイヴ,490,0,1,,https://min-repo.com/3356839/?kishu=all
2026-09-17,マルハン仙台駅東店,Lパチスロ炎炎ノ消防隊2,554,0,296,100.0,https://min-repo.com/3356839/?kishu=all
2026-09-17,マルハン仙台駅東店,Lパチスロ炎炎ノ消防隊2,553,0,3481,100.0,https://min-repo.com/3356839/?kishu=all
2026-09-17,マルハン仙台駅東店,Lパチスロ炎炎ノ消防隊2,552,0,2601,100.0,https://min-repo.com/3356839/?kishu=all
2026-09-17,マルハン仙台駅東店,Lパチスロ炎炎ノ消防隊2,551,0,1122,100.0,https://min-repo.com/3356839/?kishu=all
2026-09-17,マルハン仙台駅東店,Lパチスロ炎炎ノ消防隊2,550,0,1738,100.0,https://min-repo.com/3356839/?kishu=all
2026-09-17,マルハン仙台駅東店,Lパチスロ炎炎ノ消防隊2,549,0,3065,100.0,https://min-repo.com/3356839/?kishu=all
2026-09-17,マルハン仙台駅東店,Lパチスロ彼女、お借りします,592,0,5084,100.0,https://min-repo.com/3356839/?kishu=all
2026-09-17,マルハン仙台駅東店,Lパチスロからくりサーカス2,485,0,235,100.0,https://min-repo.com/3356839/?kishu=all
2026-09-17,マルハン仙台駅東店,Lパチスロからくりサーカス2,484,0,901,100.0,https://min-repo.com/3356839/?kishu=all
2026-09-17,マルハン仙台駅東店,Lパチスロからくりサーカス2,483,0,1663,100.0,https://min-repo.com/3356839/?kishu=all
2026-09-17,マルハン仙台駅東店,Lパチスロからくりサーカス2,482,0,524,100.0,https://min-repo.com/3356839/?kishu=all
2026-09-17,マルハン仙台駅東店,Lパチスロからくりサーカス2,481,0,358,100.0,https://min-repo.com/3356839/?kishu=all
2026-09-17,マルハン仙台駅東店,Lパチスロからくりサーカス2,480,0,2480,100.0,https://min-repo.com/3356839/?kishu=all
2026-09-17,マルハン仙台駅東店,Lパチスロからくりサーカス2,479,0,1125,100.0,https://min-repo.com/3356839/?kishu=all
2026-09-17,マルハン仙台駅東店,Lパチスロからくりサーカス2,478,0,723,100.0,https://min-repo.com/3356839/?kishu=all
2026-09-17,マルハン仙台駅東店,Lパチスロからくりサーカス2,477,0,2545,100.0,https://min-repo.com/3356839/?kishu=all
2026-09-17,マルハン仙台駅東店,Lパチスロからくりサーカス2,476,0,230,100.0,https://min-repo.com/3356839/?kishu=all
2026-09-17,マルハン仙台駅東店,Lパチスロ かぐや様は告らせたい,499,0,3536,100.0,https://min-repo.com/3356839/?kishu=all
2026-09-17,マルハン仙台駅東店,Lパチスロ かぐや様は告らせたい,498,0,2346,100.0,https://min-repo.com/3356839/?kishu=all
2026-09-17,マルハン仙台駅東店,Lパチスロ かぐや様は告らせたい,497,0,4,,https://min-repo.com/3356839/?kishu=all
2026-09-17,マルハン仙台駅東店,Lパチスロ かぐや様は告らせたい,496,0,0,,https://min-repo.com/3356839/?kishu=all
2026-09-17,マルハン仙台駅東店,Lパチスロ かぐや様は告らせたい,495,0,5026,100.0,https://min-repo.com/3356839/?kishu=all
2026-09-17,マルハン仙台駅東店,Lスマスロ北斗の拳,442,0,4916,100.0,https://min-repo.com/3356839/?kishu=all
2026-09-17,マルハン仙台駅東店,Lスマスロ北斗の拳,441,0,6417,100.0,https://min-repo.com/3356839/?kishu=all
2026-09-17,マルハン仙台駅東店,Lスマスロ北斗の拳,440,0,6522,100.0,https://min-repo.com/3356839/?kishu=all
2026-09-17,マルハン仙台駅東店,Lスマスロ北斗の拳,439,0,4574,100.0,https://min-repo.com/3356839/?kishu=all
2026-09-17,マルハン仙台駅東店,Lスマスロ北斗の拳,438,0,2089,100.0,https://min-repo.com/3356839/?kishu=all
2026-09-17,マルハン仙台駅東店,Lスマスロ北斗の拳,437,0,3545,100.0,https://min-repo.com/3356839/?kishu=all
2026-09-17,マルハン仙台駅東店,Lアズールレーン THE ANIMATION,542,0,2139,100.0,https://min-repo.com/3356839/?kishu=all
2026-09-17,マルハン仙台駅東店,Lアズールレーン THE ANIMATION,541,0,691,100.0,https://min-repo.com/3356839/?kishu=all
2026-09-17,マルハン仙台駅東店,L ToLOVEるダークネス TRANCE ver.8.7,536,0,1691,100.0,https://min-repo.com/3356839/?kishu=all
2026-09-17,マルハン仙台駅東店,L ToLOVEるダークネス,540,0,3172,100.0,https://min-repo.com/3356839/?kishu=all
2026-09-17,マルハン仙台駅東店,L ToLOVEるダークネス,539,0,1978,100.0,https://min-repo.com/3356839/?kishu=all
2026-09-17,マルハン仙台駅東店,L ToLOVEるダークネス,538,0,1938,100.0,https://min-repo.com/3356839/?kishu=all
2026-09-17,マルハン仙台駅東店,L ToLOVEるダークネス,537,0,1245,100.0,https://min-repo.com/3356839/?kishu=all
2026-09-17,マルハン仙台駅東店,A-SLOT+異世界かるてっとBT,748,0,1823,100.0,https://min-repo.com/3356839/?kishu=all
2026-09-17,マルハン仙台駅東店,A-SLOT+ ディスクアップ ULTRAREMIX,749,0,4471,100.0,https://min-repo.com/3356839/?kishu=all
2026-09-17,マルハン仙台苦竹店,真打 吉宗,777,0,5001,100.0,https://min-repo.com/3356416/?kishu=all
2026-09-17,マルハン仙台苦竹店,真打 吉宗,776,0,3626,100.0,https://min-repo.com/3356416/?kishu=all
2026-09-17,マルハン仙台苦竹店,真打 吉宗,775,0,2029,100.0,https://min-repo.com/3356416/?kishu=all
2026-09-17,マルハン仙台苦竹店,真打 吉宗,774,0,4314,100.0,https://min-repo.com/3356416/?kishu=all
2026-09-17,マルハン仙台苦竹店,真打 吉宗,773,0,780,100.0,https://min-repo.com/3356416/?kishu=all
2026-09-17,マルハン仙台苦竹店,真打 吉宗,772,0,2709,100.0,https://min-repo.com/3356416/?kishu=all
2026-09-17,マルハン仙台苦竹店,真打 吉宗,771,0,1612,100.0,https://min-repo.com/3356416/?kishu=all
2026-09-17,マルハン仙台苦竹店,真打 吉宗,770,0,2636,100.0,https://min-repo.com/3356416/?kishu=all
2026-09-17,マルハン仙台苦竹店,沖ドキ!ゴージャス 25Φ,489,0,968,100.0,https://min-repo.com/3356416/?kishu=all
2026-09-17,マルハン仙台苦竹店,沖ドキ!ゴージャス 25Φ,488,0,4030,100.0,https://min-repo.com/3356416/?kishu=all
2026-09-17,マルハン仙台苦竹店,沖ドキ!ゴージャス 25Φ,487,0,2710,100.0,https://min-repo.com/3356416/?kishu=all
2026-09-17,マルハン仙台苦竹店,沖ドキ!ゴージャス 25Φ,486,0,179,100.0,https://min-repo.com/3356416/?kishu=all
2026-09-17,マルハン仙台苦竹店,沖ドキ!ゴージャス 25Φ,485,0,984,100.0,https://min-repo.com/3356416/?kishu=all
2026-09-17,マルハン仙台苦竹店,沖ドキ!ゴージャス 25Φ,484,0,705,100.0,https://min-repo.com/3356416/?kishu=all
2026-09-17,マルハン仙台苦竹店,沖ドキ!ゴージャス 25Φ,483,0,251,100.0,https://min-repo.com/3356416/?kishu=all
2026-09-17,マルハン仙台苦竹店,沖ドキ!ゴージャス 25Φ,482,0,3300,100.0,https://min-repo.com/3356416/?kishu=all
2026-09-17,マルハン仙台苦竹店,戦国コレクション6,552,0,3627,100.0,https://min-repo.com/3356416/?kishu=all
2026-09-17,マルハン仙台苦竹店,戦国コレクション6,551,0,3086,100.0,https://min-repo.com/3356416/?kishu=all
2026-09-17,マルハン仙台苦竹店,戦国コレクション6,550,0,4364,100.0,https://min-repo.com/3356416/?kishu=all
2026-09-17,マルハン仙台苦竹店,戦国コレクション6,549,0,1681,100.0,https://min-repo.com/3356416/?kishu=all
2026-09-17,マルハン仙台苦竹店,戦国コレクション6,548,0,1077,100.0,https://min-repo.com/3356416/?kishu=all
2026-09-17,マルハン仙台苦竹店,戦国コレクション6,547,0,1719,100.0,https://min-repo.com/3356416/?kishu=all
2026-09-17,マルハン仙台苦竹店,吉宗,768,0,2213,100.0,https://min-repo.com/3356416/?kishu=all
2026-09-17,マルハン仙台苦竹店,ヤバチバ,498,0,977,100.0,https://min-repo.com/3356416/?kishu=all
2026-09-17,マルハン仙台苦竹店,ヤバチバ,497,0,53,,https://min-repo.com/3356416/?kishu=all
2026-09-17,マルハン仙台苦竹店,ヤバチバ,496,0,1298,100.0,https://min-repo.com/3356416/?kishu=all
2026-09-17,マルハン仙台苦竹店,ヤバチバ,495,0,32,,https://min-repo.com/3356416/?kishu=all
2026-09-17,マルハン仙台苦竹店,モグモグ風林火山 大海戦の巻,546,0,2918,100.0,https://min-repo.com/3356416/?kishu=all
2026-09-17,マルハン仙台苦竹店,モグモグ風林火山 大海戦の巻,545,0,3044,100.0,https://min-repo.com/3356416/?kishu=all
2026-09-17,マルハン仙台苦竹店,モグモグ風林火山 大海戦の巻,544,0,3319,100.0,https://min-repo.com/3356416/?kishu=all
2026-09-17,マルハン仙台苦竹店,モグモグ風林火山 大海戦の巻,543,0,3585,100.0,https://min-repo.com/3356416/?kishu=all
2026-09-17,マルハン仙台苦竹店,モグモグ風林火山 大海戦の巻,542,0,4163,100.0,https://min-repo.com/3356416/?kishu=all
2026-09-17,マルハン仙台苦竹店,ミスタージャグラー,641,0,1079,100.0,https://min-repo.com/3356416/?kishu=all
2026-09-17,マルハン仙台苦竹店,ミスタージャグラー,640,0,3817,100.0,https://min-repo.com/3356416/?kishu=all
2026-09-17,マルハン仙台苦竹店,ミスタージャグラー,639,0,1969,100.0,https://min-repo.com/3356416/?kishu=all
2026-09-17,マルハン仙台苦竹店,ミスタージャグラー,638,0,1099,100.0,https://min-repo.com/3356416/?kishu=all
2026-09-17,マルハン仙台苦竹店,ミスタージャグラー,637,0,2785,100.0,https://min-repo.com/3356416/?kishu=all
2026-09-17,マルハン仙台苦竹店,ミスタージャグラー,636,0,391,100.0,https://min-repo.com/3356416/?kishu=all
2026-09-17,マルハン仙台苦竹店,ミスタージャグラー,635,0,7021,100.0,https://min-repo.com/3356416/?kishu=all
2026-09-17,マルハン仙台苦竹店,ミスタージャグラー,634,0,373,100.0,https://min-repo.com/3356416/?kishu=all
2026-09-17,マルハン仙台苦竹店,ミスタージャグラー,633,0,722,100.0,https://min-repo.com/3356416/?kishu=all
2026-09-17,マルハン仙台苦竹店,ミスタージャグラー,632,0,395,100.0,https://min-repo.com/3356416/?kishu=all
2026-09-17,マルハン仙台苦竹店,マイジャグラーV,631,0,4825,100.0,https://min-repo.com/3356416/?kishu=all
2026-09-17,マルハン仙台苦竹店,マイジャグラーV,630,0,6377,100.0,https://min-repo.com/3356416/?kishu=all
2026-09-17,マルハン仙台苦竹店,マイジャグラーV,629,0,1762,100.0,https://min-repo.com/3356416/?kishu=all
2026-09-17,マルハン仙台苦竹店,マイジャグラーV,628,0,7359,100.0,https://min-repo.com/3356416/?kishu=all
2026-09-17,マルハン仙台苦竹店,マイジャグラーV,627,0,2376,100.0,https://min-repo.com/3356416/?kishu=all
2026-09-17,マルハン仙台苦竹店,マイジャグラーV,626,0,6098,100.0,https://min-repo.com/3356416/?kishu=all
2026-09-17,マルハン仙台苦竹店,マイジャグラーV,625,0,8118,100.0,https://min-repo.com/3356416/?kishu=all
2026-09-17,マルハン仙台苦竹店,マイジャグラーV,624,0,8078,100.0,https://min-repo.com/3356416/?kishu=all
2026-09-17,マルハン仙台苦竹店,マイジャグラーV,623,0,1636,100.0,https://min-repo.com/3356416/?kishu=all
2026-09-17,マルハン仙台苦竹店,マイジャグラーV,622,0,5521,100.0,https://min-repo.com/3356416/?kishu=all
2026-09-17,マルハン仙台苦竹店,マイジャグラーV,581,0,9758,100.0,https://min-repo.com/3356416/?kishu=all
2026-09-17,マルハン仙台苦竹店,マイジャグラーV,580,0,2455,100.0,https://min-repo.com/3356416/?kishu=all
2026-09-17,マルハン仙台苦竹店,マイジャグラーV,579,0,5623,100.0,https://min-repo.com/3356416/?kishu=all
2026-09-17,マルハン仙台苦竹店,マイジャグラーV,578,0,10275,100.0,https://min-repo.com/3356416/?kishu=all
2026-09-17,マルハン仙台苦竹店,マイジャグラーV,577,0,2196,100.0,https://min-repo.com/3356416/?kishu=all
2026-09-17,マルハン仙台苦竹店,マイジャグラーV,576,0,8647,100.0,https://min-repo.com/3356416/?kishu=all
2026-09-17,マルハン仙台苦竹店,マイジャグラーV,575,0,4309,100.0,https://min-repo.com/3356416/?kishu=all
2026-09-17,マルハン仙台苦竹店,マイジャグラーV,574,0,10088,100.0,https://min-repo.com/3356416/?kishu=all
2026-09-17,マルハン仙台苦竹店,マイジャグラーV,573,0,7315,100.0,https://min-repo.com/3356416/?kishu=all
2026-09-17,マルハン仙台苦竹店,マイジャグラーV,572,0,4853,100.0,https://min-repo.com/3356416/?kishu=all
2026-09-17,マルハン仙台苦竹店,パチスロ見える子ちゃん,729,0,4489,100.0,https://min-repo.com/3356416/?kishu=all
2026-09-17,マルハン仙台苦竹店,パチスロ見える子ちゃん,728,0,4609,100.0,https://min-repo.com/3356416/?kishu=all
2026-09-17,マルハン仙台苦竹店,ネオアイムジャグラーEX,621,0,8587,100.0,https://min-repo.com/3356416/?kishu=all
2026-09-17,マルハン仙台苦竹店,ネオアイムジャグラーEX,620,0,332,100.0,https://min-repo.com/3356416/?kishu=all
2026-09-17,マルハン仙台苦竹店,ネオアイムジャグラーEX,619,0,789,100.0,https://min-repo.com/3356416/?kishu=all
2026-09-17,マルハン仙台苦竹店,ネオアイムジャグラーEX,618,0,3881,100.0,https://min-repo.com/3356416/?kishu=all
2026-09-17,マルハン仙台苦竹店,ネオアイムジャグラーEX,617,0,789,100.0,https://min-repo.com/3356416/?kishu=all
2026-09-17,マルハン仙台苦竹店,ネオアイムジャグラーEX,616,0,3256,100.0,https://min-repo.com/3356416/?kishu=all
2026-09-17,マルハン仙台苦竹店,ネオアイムジャグラーEX,615,0,889,100.0,https://min-repo.com/3356416/?kishu=all
2026-09-17,マルハン仙台苦竹店,ネオアイムジャグラーEX,614,0,3429,100.0,https://min-repo.com/3356416/?kishu=all
2026-09-17,マルハン仙台苦竹店,ネオアイムジャグラーEX,613,0,1950,100.0,https://min-repo.com/3356416/?kishu=all
2026-09-17,マルハン仙台苦竹店,ネオアイムジャグラーEX,612,0,1849,100.0,https://min-repo.com/3356416/?kishu=all
2026-09-17,マルハン仙台苦竹店,ネオアイムジャグラーEX,611,0,1184,100.0,https://min-repo.com/3356416/?kishu=all
2026-09-17,マルハン仙台苦竹店,ネオアイムジャグラーEX,610,0,1955,100.0,https://min-repo.com/3356416/?kishu=all
2026-09-17,マルハン仙台苦竹店,ネオアイムジャグラーEX,609,0,867,100.0,https://min-repo.com/3356416/?kishu=all
2026-09-17,マルハン仙台苦竹店,ネオアイムジャグラーEX,608,0,6124,100.0,https://min-repo.com/3356416/?kishu=all
2026-09-17,マルハン仙台苦竹店,ネオアイムジャグラーEX,607,0,665,100.0,https://min-repo.com/3356416/?kishu=all
2026-09-17,マルハン仙台苦竹店,ネオアイムジャグラーEX,606,0,1933,100.0,https://min-repo.com/3356416/?kishu=all
2026-09-17,マルハン仙台苦竹店,ネオアイムジャグラーEX,605,0,2960,100.0,https://min-repo.com/3356416/?kishu=all
2026-09-17,マルハン仙台苦竹店,ネオアイムジャグラーEX,604,0,1318,100.0,https://min-repo.com/3356416/?kishu=all
2026-09-17,マルハン仙台苦竹店,ネオアイムジャグラーEX,603,0,4289,100.0,https://min-repo.com/3356416/?kishu=all
2026-09-17,マルハン仙台苦竹店,ネオアイムジャグラーEX,602,0,2687,100.0,https://min-repo.com/3356416/?kishu=all
2026-09-17,マルハン仙台苦竹店,ネオアイムジャグラーEX,601,0,2710,100.0,https://min-repo.com/3356416/?kishu=all
2026-09-17,マルハン仙台苦竹店,ネオアイムジャグラーEX,600,0,632,100.0,https://min-repo.com/3356416/?kishu=all
2026-09-17,マルハン仙台苦竹店,ネオアイムジャグラーEX,599,0,1110,100.0,https://min-repo.com/3356416/?kishu=all
2026-09-17,マルハン仙台苦竹店,ネオアイムジャグラーEX,598,0,3097,100.0,https://min-repo.com/3356416/?kishu=all
2026-09-17,マルハン仙台苦竹店,ネオアイムジャグラーEX,597,0,5363,100.0,https://min-repo.com/3356416/?kishu=all
2026-09-17,マルハン仙台苦竹店,ネオアイムジャグラーEX,596,0,955,100.0,https://min-repo.com/3356416/?kishu=all
2026-09-17,マルハン仙台苦竹店,ネオアイムジャグラーEX,595,0,1138,100.0,https://min-repo.com/3356416/?kishu=all
2026-09-17,マルハン仙台苦竹店,ネオアイムジャグラーEX,594,0,1144,100.0,https://min-repo.com/3356416/?kishu=all
2026-09-17,マルハン仙台苦竹店,ネオアイムジャグラーEX,593,0,7923,100.0,https://min-repo.com/3356416/?kishu=all
2026-09-17,マルハン仙台苦竹店,ネオアイムジャグラーEX,592,0,3749,100.0,https://min-repo.com/3356416/?kishu=all
2026-09-17,マルハン仙台苦竹店,ネオアイムジャグラーEX,591,0,3567,100.0,https://min-repo.com/3356416/?kishu=all
2026-09-17,マルハン仙台苦竹店,ネオアイムジャグラーEX,590,0,270,100.0,https://min-repo.com/3356416/?kishu=all
2026-09-17,マルハン仙台苦竹店,ネオアイムジャグラーEX,589,0,1289,100.0,https://min-repo.com/3356416/?kishu=all
2026-09-17,マルハン仙台苦竹店,ネオアイムジャグラーEX,588,0,1023,100.0,https://min-repo.com/3356416/?kishu=all
2026-09-17,マルハン仙台苦竹店,ネオアイムジャグラーEX,587,0,8018,100.0,https://min-repo.com/3356416/?kishu=all
2026-09-17,マルハン仙台苦竹店,ネオアイムジャグラーEX,586,0,849,100.0,https://min-repo.com/3356416/?kishu=all
2026-09-17,マルハン仙台苦竹店,ネオアイムジャグラーEX,585,0,4370,100.0,https://min-repo.com/3356416/?kishu=all
2026-09-17,マルハン仙台苦竹店,ネオアイムジャグラーEX,584,0,3239,100.0,https://min-repo.com/3356416/?kishu=all
2026-09-17,マルハン仙台苦竹店,ネオアイムジャグラーEX,583,0,1018,100.0,https://min-repo.com/3356416/?kishu=all
2026-09-17,マルハン仙台苦竹店,ネオアイムジャグラーEX,582,0,1574,100.0,https://min-repo.com/3356416/?kishu=all
2026-09-17,マルハン仙台苦竹店,スロット ワールドダイスター,412,0,4227,100.0,https://min-repo.com/3356416/?kishu=all
2026-09-17,マルハン仙台苦竹店,スロット ワールドダイスター,411,0,913,100.0,https://min-repo.com/3356416/?kishu=all
2026-09-17,マルハン仙台苦竹店,スロット ワールドダイスター,410,0,4312,100.0,https://min-repo.com/3356416/?kishu=all
2026-09-17,マルハン仙台苦竹店,スロット ワールドダイスター,409,0,790,100.0,https://min-repo.com/3356416/?kishu=all
2026-09-17,マルハン仙台苦竹店,スロット ソードアート・オンラインⅡ,470,0,10472,100.0,https://min-repo.com/3356416/?kishu=all
2026-09-17,マルハン仙台苦竹店,スロット ソードアート・オンラインⅡ,469,0,8650,100.0,https://min-repo.com/3356416/?kishu=all
2026-09-17,マルハン仙台苦竹店,スロット ソードアート・オンラインⅡ,468,0,4998,100.0,https://min-repo.com/3356416/?kishu=all
2026-09-17,マルハン仙台苦竹店,スロット ソードアート・オンラインⅡ,467,0,10276,100.0,https://min-repo.com/3356416/?kishu=all
2026-09-17,マルハン仙台苦竹店,スロット ソードアート・オンラインⅡ,466,0,8554,100.0,https://min-repo.com/3356416/?kishu=all
2026-09-17,マルハン仙台苦竹店,スロット ソードアート・オンラインⅡ,465,0,7465,100.0,https://min-repo.com/3356416/?kishu=all
2026-09-17,マルハン仙台苦竹店,スロット ソードアート・オンラインⅡ,464,0,9766,100.0,https://min-repo.com/3356416/?kishu=all
2026-09-17,マルハン仙台苦竹店,スロット ソードアート・オンラインⅡ,463,0,7315,100.0,https://min-repo.com/3356416/?kishu=all
2026-09-17,マルハン仙台苦竹店,スロット ソードアート・オンラインⅡ,462,0,8323,100.0,https://min-repo.com/3356416/?kishu=all
2026-09-17,マルハン仙台苦竹店,スマスロ新鬼武者3,759,0,1101,100.0,https://min-repo.com/3356416/?kishu=all
2026-09-17,マルハン仙台苦竹店,スマスロ北斗の拳 転生の章2,451,0,452,100.0,https://min-repo.com/3356416/?kishu=all
2026-09-17,マルハン仙台苦竹店,スマスロ北斗の拳 転生の章2,450,0,725,100.0,https://min-repo.com/3356416/?kishu=all
2026-09-17,マルハン仙台苦竹店,スマスロ北斗の拳 転生の章2,449,0,817,100.0,https://min-repo.com/3356416/?kishu=all
2026-09-17,マルハン仙台苦竹店,スマスロ北斗の拳 転生の章2,448,0,980,100.0,https://min-repo.com/3356416/?kishu=all
2026-09-17,マルハン仙台苦竹店,スマスロ北斗の拳 転生の章2,447,0,3316,100.0,https://min-repo.com/3356416/?kishu=all
2026-09-17,マルハン仙台苦竹店,スマスロ北斗の拳 転生の章2,446,0,987,100.0,https://min-repo.com/3356416/?kishu=all
2026-09-17,マルハン仙台苦竹店,スマスロ北斗の拳 転生の章2,445,0,47,,https://min-repo.com/3356416/?kishu=all
2026-09-17,マルハン仙台苦竹店,スマスロ北斗の拳 転生の章2,444,0,3363,100.0,https://min-repo.com/3356416/?kishu=all
2026-09-17,マルハン仙台苦竹店,スマスロ北斗の拳 転生の章2,443,0,1484,100.0,https://min-repo.com/3356416/?kishu=all
2026-09-17,マルハン仙台苦竹店,スマスロ北斗の拳 転生の章2,442,0,1973,100.0,https://min-repo.com/3356416/?kishu=all
2026-09-17,マルハン仙台苦竹店,スマスロモンキーターンV,707,0,1129,100.0,https://min-repo.com/3356416/?kishu=all
2026-09-17,マルハン仙台苦竹店,スマスロモンキーターンV,706,0,2742,100.0,https://min-repo.com/3356416/?kishu=all
2026-09-17,マルハン仙台苦竹店,スマスロモンキーターンV,705,0,2783,100.0,https://min-repo.com/3356416/?kishu=all
2026-09-17,マルハン仙台苦竹店,スマスロモンキーターンV,704,0,1990,100.0,https://min-repo.com/3356416/?kishu=all
2026-09-17,マルハン仙台苦竹店,スマスロモンキーターンV,703,0,1508,100.0,https://min-repo.com/3356416/?kishu=all
2026-09-17,マルハン仙台苦竹店,スマスロモンキーターンV,702,0,207,100.0,https://min-repo.com/3356416/?kishu=all
2026-09-17,マルハン仙台苦竹店,スマスロモンキーターンV,701,0,2811,100.0,https://min-repo.com/3356416/?kishu=all
2026-09-17,マルハン仙台苦竹店,スマスロモンキーターンV,700,0,2517,100.0,https://min-repo.com/3356416/?kishu=all
2026-09-17,マルハン仙台苦竹店,スマスロモンキーターンV,699,0,1279,100.0,https://min-repo.com/3356416/?kishu=all
2026-09-17,マルハン仙台苦竹店,スマスロモンキーターンV,698,0,470,100.0,https://min-repo.com/3356416/?kishu=all
2026-09-17,マルハン仙台苦竹店,スマスロモンキーターンV,697,0,4524,100.0,https://min-repo.com/3356416/?kishu=all
2026-09-17,マルハン仙台苦竹店,スマスロモンキーターンV,696,0,2676,100.0,https://min-repo.com/3356416/?kishu=all
2026-09-17,マルハン仙台苦竹店,スマスロモンキーターンV,695,0,497,100.0,https://min-repo.com/3356416/?kishu=all
2026-09-17,マルハン仙台苦竹店,スマスロモンキーターンV,694,0,5548,100.0,https://min-repo.com/3356416/?kishu=all
2026-09-17,マルハン仙台苦竹店,スマスロモンキーターンV,693,0,240,100.0,https://min-repo.com/3356416/?kishu=all
2026-09-17,マルハン仙台苦竹店,スマスロモンキーターンV,692,0,2787,100.0,https://min-repo.com/3356416/?kishu=all
2026-09-17,マルハン仙台苦竹店,スマスロモンキーターンV,691,0,1655,100.0,https://min-repo.com/3356416/?kishu=all
2026-09-17,マルハン仙台苦竹店,スマスロモンキーターンV,690,0,1152,100.0,https://min-repo.com/3356416/?kishu=all
2026-09-17,マルハン仙台苦竹店,スマスロモンキーターンV,689,0,1661,100.0,https://min-repo.com/3356416/?kishu=all
2026-09-17,マルハン仙台苦竹店,スマスロモンキーターンV,688,0,4071,100.0,https://min-repo.com/3356416/?kishu=all
2026-09-17,マルハン仙台苦竹店,スマスロモンキーターンV,687,0,4764,100.0,https://min-repo.com/3356416/?kishu=all
2026-09-17,マルハン仙台苦竹店,スマスロモンキーターンV,686,0,452,100.0,https://min-repo.com/3356416/?kishu=all
2026-09-17,マルハン仙台苦竹店,スマスロモンキーターンV,685,0,3577,100.0,https://min-repo.com/3356416/?kishu=all
2026-09-17,マルハン仙台苦竹店,スマスロモンキーターンV,684,0,1948,100.0,https://min-repo.com/3356416/?kishu=all
2026-09-17,マルハン仙台苦竹店,スマスロモンキーターンV,683,0,1030,100.0,https://min-repo.com/3356416/?kishu=all
2026-09-17,マルハン仙台苦竹店,スマスロモンキーターンV,682,0,1175,100.0,https://min-repo.com/3356416/?kishu=all
2026-09-17,マルハン仙台苦竹店,スマスロモンキーターンV,681,0,2908,100.0,https://min-repo.com/3356416/?kishu=all
2026-09-17,マルハン仙台苦竹店,スマスロモンキーターンV,680,0,3416,100.0,https://min-repo.com/3356416/?kishu=all
2026-09-17,マルハン仙台苦竹店,スマスロモンキーターンV,679,0,2037,100.0,https://min-repo.com/3356416/?kishu=all
2026-09-17,マルハン仙台苦竹店,スマスロケロット5BT,559,0,3223,100.0,https://min-repo.com/3356416/?kishu=all
2026-09-17,マルハン仙台苦竹店,スマスロケロット5BT,558,0,532,100.0,https://min-repo.com/3356416/?kishu=all
2026-09-17,マルハン仙台苦竹店,スマスロ 甲鉄城のカバネリ 海門決戦,381,0,6209,100.0,https://min-repo.com/3356416/?kishu=all
2026-09-17,マルハン仙台苦竹店,スマスロ 甲鉄城のカバネリ 海門決戦,380,0,7008,100.0,https://min-repo.com/3356416/?kishu=all
2026-09-17,マルハン仙台苦竹店,スマスロ 甲鉄城のカバネリ 海門決戦,379,0,4146,100.0,https://min-repo.com/3356416/?kishu=all
2026-09-17,マルハン仙台苦竹店,スマスロ 甲鉄城のカバネリ 海門決戦,378,0,5218,100.0,https://min-repo.com/3356416/?kishu=all
2026-09-17,マルハン仙台苦竹店,スマスロ 甲鉄城のカバネリ 海門決戦,377,0,7922,100.0,https://min-repo.com/3356416/?kishu=all
2026-09-17,マルハン仙台苦竹店,スマスロ 甲鉄城のカバネリ 海門決戦,376,0,5591,100.0,https://min-repo.com/3356416/?kishu=all
2026-09-17,マルハン仙台苦竹店,スマスロ 甲鉄城のカバネリ 海門決戦,375,0,3519,100.0,https://min-repo.com/3356416/?kishu=all
2026-09-17,マルハン仙台苦竹店,スマスロ 甲鉄城のカバネリ 海門決戦,374,0,6597,100.0,https://min-repo.com/3356416/?kishu=all
2026-09-17,マルハン仙台苦竹店,スマスロ 甲鉄城のカバネリ 海門決戦,373,0,2233,100.0,https://min-repo.com/3356416/?kishu=all
2026-09-17,マルハン仙台苦竹店,スマスロ 甲鉄城のカバネリ 海門決戦,372,0,1867,100.0,https://min-repo.com/3356416/?kishu=all
2026-09-17,マルハン仙台苦竹店,スマスロ 甲鉄城のカバネリ 海門決戦,371,0,3098,100.0,https://min-repo.com/3356416/?kishu=all
2026-09-17,マルハン仙台苦竹店,スマスロ 甲鉄城のカバネリ 海門決戦,370,0,4383,100.0,https://min-repo.com/3356416/?kishu=all
2026-09-17,マルハン仙台苦竹店,スマスロ 甲鉄城のカバネリ 海門決戦,369,0,2238,100.0,https://min-repo.com/3356416/?kishu=all
2026-09-17,マルハン仙台苦竹店,スマスロ 甲鉄城のカバネリ 海門決戦,368,0,6523,100.0,https://min-repo.com/3356416/?kishu=all
2026-09-17,マルハン仙台苦竹店,スマスロ 甲鉄城のカバネリ 海門決戦,367,0,3722,100.0,https://min-repo.com/3356416/?kishu=all
2026-09-17,マルハン仙台苦竹店,スマスロ 甲鉄城のカバネリ 海門決戦,366,0,4744,100.0,https://min-repo.com/3356416/?kishu=all
2026-09-17,マルハン仙台苦竹店,スマスロ 甲鉄城のカバネリ 海門決戦,365,0,5228,100.0,https://min-repo.com/3356416/?kishu=all
2026-09-17,マルハン仙台苦竹店,スマスロ 甲鉄城のカバネリ 海門決戦,364,0,4890,100.0,https://min-repo.com/3356416/?kishu=all
2026-09-17,マルハン仙台苦竹店,スマスロ 甲鉄城のカバネリ 海門決戦,363,0,5550,100.0,https://min-repo.com/3356416/?kishu=all
2026-09-17,マルハン仙台苦竹店,スマスロ 甲鉄城のカバネリ 海門決戦,362,0,6008,100.0,https://min-repo.com/3356416/?kishu=all
2026-09-17,マルハン仙台苦竹店,スマスロ 甲鉄城のカバネリ 海門決戦,361,0,3114,100.0,https://min-repo.com/3356416/?kishu=all
2026-09-17,マルハン仙台苦竹店,スマスロ 甲鉄城のカバネリ 海門決戦,360,0,6289,100.0,https://min-repo.com/3356416/?kishu=all
2026-09-17,マルハン仙台苦竹店,スマスロ 甲鉄城のカバネリ 海門決戦,359,0,5723,100.0,https://min-repo.com/3356416/?kishu=all
2026-09-17,マルハン仙台苦竹店,スマスロ 甲鉄城のカバネリ 海門決戦,358,0,6039,100.0,https://min-repo.com/3356416/?kishu=all
2026-09-17,マルハン仙台苦竹店,スマスロ 甲鉄城のカバネリ 海門決戦,357,0,5227,100.0,https://min-repo.com/3356416/?kishu=all
2026-09-17,マルハン仙台苦竹店,スマスロ 甲鉄城のカバネリ 海門決戦,356,0,3575,100.0,https://min-repo.com/3356416/?kishu=all
2026-09-17,マルハン仙台苦竹店,スマスロ 甲鉄城のカバネリ 海門決戦,355,0,4002,100.0,https://min-repo.com/3356416/?kishu=all
2026-09-17,マルハン仙台苦竹店,スマスロ 甲鉄城のカバネリ 海門決戦,354,0,3696,100.0,https://min-repo.com/3356416/?kishu=all
2026-09-17,マルハン仙台苦竹店,スマスロ 甲鉄城のカバネリ 海門決戦,353,0,5334,100.0,https://min-repo.com/3356416/?kishu=all
2026-09-17,マルハン仙台苦竹店,スマスロ 甲鉄城のカバネリ 海門決戦,352,0,2990,100.0,https://min-repo.com/3356416/?kishu=all
2026-09-17,マルハン仙台苦竹店,スマスロ 甲鉄城のカバネリ 海門決戦,351,0,3527,100.0,https://min-repo.com/3356416/?kishu=all
2026-09-17,マルハン仙台苦竹店,スマスロ 甲鉄城のカバネリ 海門決戦,350,0,6653,100.0,https://min-repo.com/3356416/?kishu=all
2026-09-17,マルハン仙台苦竹店,スマスロ 甲鉄城のカバネリ 海門決戦,349,0,2566,100.0,https://min-repo.com/3356416/?kishu=all
2026-09-17,マルハン仙台苦竹店,スマスロ 甲鉄城のカバネリ 海門決戦,348,0,2707,100.0,https://min-repo.com/3356416/?kishu=all
2026-09-17,マルハン仙台苦竹店,スマスロ 甲鉄城のカバネリ 海門決戦,347,0,6091,100.0,https://min-repo.com/3356416/?kishu=all
2026-09-17,マルハン仙台苦竹店,スマスロ 甲鉄城のカバネリ 海門決戦,346,0,1624,100.0,https://min-repo.com/3356416/?kishu=all
2026-09-17,マルハン仙台苦竹店,スマスロ 甲鉄城のカバネリ 海門決戦,345,0,5002,100.0,https://min-repo.com/3356416/?kishu=all
2026-09-17,マルハン仙台苦竹店,スマスロ 甲鉄城のカバネリ 海門決戦,344,0,6279,100.0,https://min-repo.com/3356416/?kishu=all
2026-09-17,マルハン仙台苦竹店,スマスロ 甲鉄城のカバネリ 海門決戦,343,0,7339,100.0,https://min-repo.com/3356416/?kishu=all
2026-09-17,マルハン仙台苦竹店,スマスロ 甲鉄城のカバネリ 海門決戦,342,0,5170,100.0,https://min-repo.com/3356416/?kishu=all
2026-09-17,マルハン仙台苦竹店,スマスロ 沖ドキ!DUO アンコール,494,0,310,100.0,https://min-repo.com/3356416/?kishu=all
2026-09-17,マルハン仙台苦竹店,スマスロ 沖ドキ!DUO アンコール,493,0,1703,100.0,https://min-repo.com/3356416/?kishu=all
2026-09-17,マルハン仙台苦竹店,スマスロ 沖ドキ!DUO アンコール,492,0,33,,https://min-repo.com/3356416/?kishu=all
2026-09-17,マルハン仙台苦竹店,スマスロ 沖ドキ!DUO アンコール,491,0,342,100.0,https://min-repo.com/3356416/?kishu=all
2026-09-17,マルハン仙台苦竹店,スマスロ 沖ドキ!DUO アンコール,490,0,471,100.0,https://min-repo.com/3356416/?kishu=all
2026-09-17,マルハン仙台苦竹店,スマスロ 東京リベンジャーズ,481,0,3012,100.0,https://min-repo.com/3356416/?kishu=all
2026-09-17,マルハン仙台苦竹店,スマスロ 東京リベンジャーズ,480,0,1230,100.0,https://min-repo.com/3356416/?kishu=all
2026-09-17,マルハン仙台苦竹店,スマスロ 東京リベンジャーズ,479,0,2732,100.0,https://min-repo.com/3356416/?kishu=all
2026-09-17,マルハン仙台苦竹店,スマスロ 東京リベンジャーズ,478,0,3614,100.0,https://min-repo.com/3356416/?kishu=all
2026-09-17,マルハン仙台苦竹店,スマスロ 東京リベンジャーズ,477,0,1263,100.0,https://min-repo.com/3356416/?kishu=all
2026-09-17,マルハン仙台苦竹店,スマスロ 東京リベンジャーズ,476,0,3607,100.0,https://min-repo.com/3356416/?kishu=all
2026-09-17,マルハン仙台苦竹店,スマスロ 攻殻機動隊,557,0,5183,100.0,https://min-repo.com/3356416/?kishu=all
2026-09-17,マルハン仙台苦竹店,スマスロ 攻殻機動隊,556,0,2205,100.0,https://min-repo.com/3356416/?kishu=all
2026-09-17,マルハン仙台苦竹店,スマスロ 攻殻機動隊,555,0,5237,100.0,https://min-repo.com/3356416/?kishu=all
2026-09-17,マルハン仙台苦竹店,スマスロ 攻殻機動隊,554,0,731,100.0,https://min-repo.com/3356416/?kishu=all
2026-09-17,マルハン仙台苦竹店,スマスロ 攻殻機動隊,553,0,2885,100.0,https://min-repo.com/3356416/?kishu=all
2026-09-17,マルハン仙台苦竹店,スマスロ リコリス・リコイル,401,0,7329,100.0,https://min-repo.com/3356416/?kishu=all
2026-09-17,マルハン仙台苦竹店,スマスロ リコリス・リコイル,400,0,3734,100.0,https://min-repo.com/3356416/?kishu=all
2026-09-17,マルハン仙台苦竹店,スマスロ リコリス・リコイル,399,0,6503,100.0,https://min-repo.com/3356416/?kishu=all
2026-09-17,マルハン仙台苦竹店,スマスロ リコリス・リコイル,398,0,3820,100.0,https://min-repo.com/3356416/?kishu=all
2026-09-17,マルハン仙台苦竹店,スマスロ リコリス・リコイル,397,0,9868,100.0,https://min-repo.com/3356416/?kishu=all
2026-09-17,マルハン仙台苦竹店,スマスロ リコリス・リコイル,396,0,9347,100.0,https://min-repo.com/3356416/?kishu=all
2026-09-17,マルハン仙台苦竹店,スマスロ リコリス・リコイル,331,0,9673,100.0,https://min-repo.com/3356416/?kishu=all
2026-09-17,マルハン仙台苦竹店,スマスロ リコリス・リコイル,330,0,2265,100.0,https://min-repo.com/3356416/?kishu=all
2026-09-17,マルハン仙台苦竹店,スマスロ リコリス・リコイル,329,0,9638,100.0,https://min-repo.com/3356416/?kishu=all
2026-09-17,マルハン仙台苦竹店,スマスロ リコリス・リコイル,328,0,6902,100.0,https://min-repo.com/3356416/?kishu=all
2026-09-17,マルハン仙台苦竹店,スマスロ リコリス・リコイル,327,0,8112,100.0,https://min-repo.com/3356416/?kishu=all
2026-09-17,マルハン仙台苦竹店,スマスロ リコリス・リコイル,326,0,11576,100.0,https://min-repo.com/3356416/?kishu=all
2026-09-17,マルハン仙台苦竹店,スマスロ リコリス・リコイル,325,0,3465,100.0,https://min-repo.com/3356416/?kishu=all
2026-09-17,マルハン仙台苦竹店,スマスロ リコリス・リコイル,324,0,6656,100.0,https://min-repo.com/3356416/?kishu=all
2026-09-17,マルハン仙台苦竹店,スマスロ リコリス・リコイル,323,0,9969,100.0,https://min-repo.com/3356416/?kishu=all
2026-09-17,マルハン仙台苦竹店,スマスロ リコリス・リコイル,322,0,9386,100.0,https://min-repo.com/3356416/?kishu=all
2026-09-17,マルハン仙台苦竹店,スマスロ モンスターハンターライズ,395,0,771,100.0,https://min-repo.com/3356416/?kishu=all
2026-09-17,マルハン仙台苦竹店,スマスロ モンスターハンターライズ,394,0,2614,100.0,https://min-repo.com/3356416/?kishu=all
2026-09-17,マルハン仙台苦竹店,スマスロ モンスターハンターライズ,393,0,2377,100.0,https://min-repo.com/3356416/?kishu=all
2026-09-17,マルハン仙台苦竹店,スマスロ モンスターハンターライズ,392,0,1642,100.0,https://min-repo.com/3356416/?kishu=all
2026-09-17,マルハン仙台苦竹店,スマスロ ミリオンゴッド-神々の軌跡-,749,0,553,100.0,https://min-repo.com/3356416/?kishu=all
2026-09-17,マルハン仙台苦竹店,スマスロ ミリオンゴッド-神々の軌跡-,748,0,2820,100.0,https://min-repo.com/3356416/?kishu=all
2026-09-17,マルハン仙台苦竹店,スマスロ ミリオンゴッド-神々の軌跡-,747,0,3630,100.0,https://min-repo.com/3356416/?kishu=all
2026-09-17,マルハン仙台苦竹店,スマスロ ミリオンゴッド-神々の軌跡-,746,0,697,100.0,https://min-repo.com/3356416/?kishu=all
2026-09-17,マルハン仙台苦竹店,スマスロ ミリオンゴッド-神々の軌跡-,745,0,1202,100.0,https://min-repo.com/3356416/?kishu=all
2026-09-17,マルハン仙台苦竹店,スマスロ ミリオンゴッド-神々の軌跡-,744,0,1386,100.0,https://min-repo.com/3356416/?kishu=all
2026-09-17,マルハン仙台苦竹店,スマスロ ミリオンゴッド-神々の軌跡-,743,0,4407,100.0,https://min-repo.com/3356416/?kishu=all
2026-09-17,マルハン仙台苦竹店,スマスロ ミリオンゴッド-神々の軌跡-,678,0,5249,100.0,https://min-repo.com/3356416/?kishu=all
2026-09-17,マルハン仙台苦竹店,スマスロ ミリオンゴッド-神々の軌跡-,677,0,3067,100.0,https://min-repo.com/3356416/?kishu=all
2026-09-17,マルハン仙台苦竹店,スマスロ ミリオンゴッド-神々の軌跡-,676,0,1296,100.0,https://min-repo.com/3356416/?kishu=all
2026-09-17,マルハン仙台苦竹店,スマスロ ミリオンゴッド-神々の軌跡-,675,0,7037,100.0,https://min-repo.com/3356416/?kishu=all
2026-09-17,マルハン仙台苦竹店,スマスロ ミリオンゴッド-神々の軌跡-,674,0,6459,100.0,https://min-repo.com/3356416/?kishu=all
2026-09-17,マルハン仙台苦竹店,スマスロ ミリオンゴッド-神々の軌跡-,673,0,8085,100.0,https://min-repo.com/3356416/?kishu=all
2026-09-17,マルハン仙台苦竹店,スマスロ ミリオンゴッド-神々の軌跡-,672,0,6558,100.0,https://min-repo.com/3356416/?kishu=all
2026-09-17,マルハン仙台苦竹店,スマスロ ミリオンゴッド-神々の軌跡-,671,0,1767,100.0,https://min-repo.com/3356416/?kishu=all
2026-09-17,マルハン仙台苦竹店,スマスロ ミリオンゴッド-神々の軌跡-,670,0,656,100.0,https://min-repo.com/3356416/?kishu=all
2026-09-17,マルハン仙台苦竹店,スマスロ ミリオンゴッド-神々の軌跡-,669,0,812,100.0,https://min-repo.com/3356416/?kishu=all
2026-09-17,マルハン仙台苦竹店,スマスロ ミリオンゴッド-神々の軌跡-,668,0,2088,100.0,https://min-repo.com/3356416/?kishu=all
2026-09-17,マルハン仙台苦竹店,スマスロ ミリオンゴッド-神々の軌跡-,667,0,4137,100.0,https://min-repo.com/3356416/?kishu=all
2026-09-17,マルハン仙台苦竹店,スマスロ ミリオンゴッド-神々の軌跡-,666,0,4763,100.0,https://min-repo.com/3356416/?kishu=all
2026-09-17,マルハン仙台苦竹店,スマスロ ミリオンゴッド-神々の軌跡-,665,0,6204,100.0,https://min-repo.com/3356416/?kishu=all
2026-09-17,マルハン仙台苦竹店,スマスロ ミリオンゴッド-神々の軌跡-,664,0,2120,100.0,https://min-repo.com/3356416/?kishu=all
2026-09-17,マルハン仙台苦竹店,スマスロ ミリオンゴッド-神々の軌跡-,663,0,1591,100.0,https://min-repo.com/3356416/?kishu=all
2026-09-17,マルハン仙台苦竹店,スマスロ ミリオンゴッド-神々の軌跡-,662,0,1882,100.0,https://min-repo.com/3356416/?kishu=all
2026-09-17,マルハン仙台苦竹店,スマスロ ミリオンゴッド-神々の軌跡-,661,0,1883,100.0,https://min-repo.com/3356416/?kishu=all
2026-09-17,マルハン仙台苦竹店,スマスロ ミリオンゴッド-神々の軌跡-,660,0,2145,100.0,https://min-repo.com/3356416/?kishu=all
2026-09-17,マルハン仙台苦竹店,スマスロ ミリオンゴッド-神々の軌跡-,659,0,416,100.0,https://min-repo.com/3356416/?kishu=all
2026-09-17,マルハン仙台苦竹店,スマスロ ミリオンゴッド-神々の軌跡-,658,0,2922,100.0,https://min-repo.com/3356416/?kishu=all
2026-09-17,マルハン仙台苦竹店,スマスロ ミリオンゴッド-神々の軌跡-,657,0,1209,100.0,https://min-repo.com/3356416/?kishu=all
2026-09-17,マルハン仙台苦竹店,スマスロ ミリオンゴッド-神々の軌跡-,656,0,4684,100.0,https://min-repo.com/3356416/?kishu=all
2026-09-17,マルハン仙台苦竹店,スマスロ マギアレコード 魔法少女まどか☆マギカ外伝,727,0,870,100.0,https://min-repo.com/3356416/?kishu=all
2026-09-17,マルハン仙台苦竹店,スマスロ マギアレコード 魔法少女まどか☆マギカ外伝,726,0,4800,100.0,https://min-repo.com/3356416/?kishu=all
2026-09-17,マルハン仙台苦竹店,スマスロ マギアレコード 魔法少女まどか☆マギカ外伝,725,0,1090,100.0,https://min-repo.com/3356416/?kishu=all
2026-09-17,マルハン仙台苦竹店,スマスロ マギアレコード 魔法少女まどか☆マギカ外伝,724,0,643,100.0,https://min-repo.com/3356416/?kishu=all
2026-09-17,マルハン仙台苦竹店,スマスロ マギアレコード 魔法少女まどか☆マギカ外伝,723,0,2744,100.0,https://min-repo.com/3356416/?kishu=all
2026-09-17,マルハン仙台苦竹店,スマスロ バイオハザードRE:3,720,0,569,100.0,https://min-repo.com/3356416/?kishu=all
2026-09-17,マルハン仙台苦竹店,スマスロ ハナビ,645,0,1165,100.0,https://min-repo.com/3356416/?kishu=all
2026-09-17,マルハン仙台苦竹店,スマスロ ハナビ,644,0,5194,100.0,https://min-repo.com/3356416/?kishu=all
2026-09-17,マルハン仙台苦竹店,スマスロ ハナビ,643,0,875,100.0,https://min-repo.com/3356416/?kishu=all
2026-09-17,マルハン仙台苦竹店,スマスロ ハナビ,642,0,3280,100.0,https://min-repo.com/3356416/?kishu=all
2026-09-17,マルハン仙台苦竹店,スマスロ タコスロ,655,0,5896,100.0,https://min-repo.com/3356416/?kishu=all
2026-09-17,マルハン仙台苦竹店,スマスロ タコスロ,654,0,4422,100.0,https://min-repo.com/3356416/?kishu=all
2026-09-17,マルハン仙台苦竹店,スマスロ タコスロ,653,0,3824,100.0,https://min-repo.com/3356416/?kishu=all
2026-09-17,マルハン仙台苦竹店,スマスロ スーパーリオエース2,753,0,5097,100.0,https://min-repo.com/3356416/?kishu=all
2026-09-17,マルハン仙台苦竹店,スマスロ スーパーリオエース2,752,0,610,100.0,https://min-repo.com/3356416/?kishu=all
2026-09-17,マルハン仙台苦竹店,スマスロ スーパーリオエース2,751,0,549,100.0,https://min-repo.com/3356416/?kishu=all
2026-09-17,マルハン仙台苦竹店,スマスロ ストリートファイター6,734,0,2685,100.0,https://min-repo.com/3356416/?kishu=all
2026-09-17,マルハン仙台苦竹店,スマスロ ストリートファイター6,733,0,1200,100.0,https://min-repo.com/3356416/?kishu=all
2026-09-17,マルハン仙台苦竹店,スマスロ ストリートファイター6,732,0,1932,100.0,https://min-repo.com/3356416/?kishu=all
2026-09-17,マルハン仙台苦竹店,スマスロ ストリートファイター6,731,0,1071,100.0,https://min-repo.com/3356416/?kishu=all
2026-09-17,マルハン仙台苦竹店,スマスロ ストリートファイター6,730,0,1341,100.0,https://min-repo.com/3356416/?kishu=all
2026-09-17,マルハン仙台苦竹店,スマスロ サンダーV,650,0,4416,100.0,https://min-repo.com/3356416/?kishu=all
2026-09-17,マルハン仙台苦竹店,スマスロ サンダーV,649,0,3266,100.0,https://min-repo.com/3356416/?kishu=all
2026-09-17,マルハン仙台苦竹店,スマスロ ゴッドイーター リザレクション,430,0,3693,100.0,https://min-repo.com/3356416/?kishu=all
2026-09-17,マルハン仙台苦竹店,スマスロ ゴッドイーター リザレクション,429,0,3608,100.0,https://min-repo.com/3356416/?kishu=all
2026-09-17,マルハン仙台苦竹店,スマスロ ゴッドイーター リザレクション,428,0,4061,100.0,https://min-repo.com/3356416/?kishu=all
2026-09-17,マルハン仙台苦竹店,スマスロ ゴッドイーター リザレクション,427,0,4120,100.0,https://min-repo.com/3356416/?kishu=all
2026-09-17,マルハン仙台苦竹店,スマスロ ゴッドイーター リザレクション,426,0,4643,100.0,https://min-repo.com/3356416/?kishu=all
2026-09-17,マルハン仙台苦竹店,スマスロ ゴッドイーター リザレクション,425,0,900,100.0,https://min-repo.com/3356416/?kishu=all
2026-09-17,マルハン仙台苦竹店,スマスロ ゴッドイーター リザレクション,424,0,5937,100.0,https://min-repo.com/3356416/?kishu=all
2026-09-17,マルハン仙台苦竹店,スマスロ ゴッドイーター リザレクション,423,0,1399,100.0,https://min-repo.com/3356416/?kishu=all
2026-09-17,マルハン仙台苦竹店,スマスロ ゴッドイーター リザレクション,422,0,4717,100.0,https://min-repo.com/3356416/?kishu=all
2026-09-17,マルハン仙台苦竹店,スマスロ やじきた道中記参る！,475,0,339,100.0,https://min-repo.com/3356416/?kishu=all
2026-09-17,マルハン仙台苦竹店,スマスロ やじきた道中記参る！,474,0,3966,100.0,https://min-repo.com/3356416/?kishu=all
2026-09-17,マルハン仙台苦竹店,スマスロ やじきた道中記参る！,473,0,2227,100.0,https://min-repo.com/3356416/?kishu=all
2026-09-17,マルハン仙台苦竹店,スマスロ やじきた道中記参る！,472,0,1823,100.0,https://min-repo.com/3356416/?kishu=all
2026-09-17,マルハン仙台苦竹店,スマスロ やじきた道中記参る！,471,0,990,100.0,https://min-repo.com/3356416/?kishu=all
2026-09-17,マルハン仙台苦竹店,スマスロ とんでもスキルで異世界放浪メシ,737,0,2277,100.0,https://min-repo.com/3356416/?kishu=all
2026-09-17,マルハン仙台苦竹店,スマスロ とんでもスキルで異世界放浪メシ,736,0,2521,100.0,https://min-repo.com/3356416/?kishu=all
2026-09-17,マルハン仙台苦竹店,スマスロ とんでもスキルで異世界放浪メシ,735,0,3587,100.0,https://min-repo.com/3356416/?kishu=all
2026-09-17,マルハン仙台苦竹店,スマスロ とある魔術の禁書目録2,408,0,2679,100.0,https://min-repo.com/3356416/?kishu=all
2026-09-17,マルハン仙台苦竹店,スマスロ とある魔術の禁書目録2,407,0,5256,100.0,https://min-repo.com/3356416/?kishu=all
2026-09-17,マルハン仙台苦竹店,スマスロ とある魔術の禁書目録2,406,0,5332,100.0,https://min-repo.com/3356416/?kishu=all
2026-09-17,マルハン仙台苦竹店,スマスロ とある魔術の禁書目録2,405,0,2772,100.0,https://min-repo.com/3356416/?kishu=all
2026-09-17,マルハン仙台苦竹店,スマスロ とある魔術の禁書目録2,404,0,3257,100.0,https://min-repo.com/3356416/?kishu=all
2026-09-17,マルハン仙台苦竹店,スマスロ とある魔術の禁書目録2,403,0,3213,100.0,https://min-repo.com/3356416/?kishu=all
2026-09-17,マルハン仙台苦竹店,スマスロ とある魔術の禁書目録2,402,0,4309,100.0,https://min-repo.com/3356416/?kishu=all
2026-09-17,マルハン仙台苦竹店,ゴーゴージャグラー３,541,0,2538,100.0,https://min-repo.com/3356416/?kishu=all
2026-09-17,マルハン仙台苦竹店,ゴーゴージャグラー３,540,0,3280,100.0,https://min-repo.com/3356416/?kishu=all
2026-09-17,マルハン仙台苦竹店,ゴーゴージャグラー３,539,0,802,100.0,https://min-repo.com/3356416/?kishu=all
2026-09-17,マルハン仙台苦竹店,ゴーゴージャグラー３,538,0,7097,100.0,https://min-repo.com/3356416/?kishu=all
2026-09-17,マルハン仙台苦竹店,ゴーゴージャグラー３,537,0,820,100.0,https://min-repo.com/3356416/?kishu=all
2026-09-17,マルハン仙台苦竹店,ゴーゴージャグラー３,536,0,5272,100.0,https://min-repo.com/3356416/?kishu=all
2026-09-17,マルハン仙台苦竹店,ゴーゴージャグラー３,535,0,816,100.0,https://min-repo.com/3356416/?kishu=all
2026-09-17,マルハン仙台苦竹店,ゴーゴージャグラー３,534,0,1369,100.0,https://min-repo.com/3356416/?kishu=all
2026-09-17,マルハン仙台苦竹店,ゴーゴージャグラー３,533,0,1161,100.0,https://min-repo.com/3356416/?kishu=all
2026-09-17,マルハン仙台苦竹店,ゴーゴージャグラー３,532,0,2086,100.0,https://min-repo.com/3356416/?kishu=all
2026-09-17,マルハン仙台苦竹店,ゴーゴージャグラー３,531,0,506,100.0,https://min-repo.com/3356416/?kishu=all
2026-09-17,マルハン仙台苦竹店,ゴーゴージャグラー３,530,0,8245,100.0,https://min-repo.com/3356416/?kishu=all
2026-09-17,マルハン仙台苦竹店,ゴーゴージャグラー３,529,0,5430,100.0,https://min-repo.com/3356416/?kishu=all
2026-09-17,マルハン仙台苦竹店,ゴーゴージャグラー３,528,0,4523,100.0,https://min-repo.com/3356416/?kishu=all
2026-09-17,マルハン仙台苦竹店,ゴーゴージャグラー３,527,0,591,100.0,https://min-repo.com/3356416/?kishu=all
2026-09-17,マルハン仙台苦竹店,ゴーゴージャグラー３,526,0,3876,100.0,https://min-repo.com/3356416/?kishu=all
2026-09-17,マルハン仙台苦竹店,ゴーゴージャグラー３,525,0,2779,100.0,https://min-repo.com/3356416/?kishu=all
2026-09-17,マルハン仙台苦竹店,ゴーゴージャグラー３,524,0,685,100.0,https://min-repo.com/3356416/?kishu=all
2026-09-17,マルハン仙台苦竹店,ゴーゴージャグラー３,523,0,641,100.0,https://min-repo.com/3356416/?kishu=all
2026-09-17,マルハン仙台苦竹店,ゴーゴージャグラー３,522,0,6627,100.0,https://min-repo.com/3356416/?kishu=all
2026-09-17,マルハン仙台苦竹店,ゴーゴージャグラー３,521,0,5105,100.0,https://min-repo.com/3356416/?kishu=all
2026-09-17,マルハン仙台苦竹店,ゴーゴージャグラー３,520,0,7057,100.0,https://min-repo.com/3356416/?kishu=all
2026-09-17,マルハン仙台苦竹店,ゴーゴージャグラー３,519,0,7957,100.0,https://min-repo.com/3356416/?kishu=all
2026-09-17,マルハン仙台苦竹店,ゴーゴージャグラー３,518,0,4002,100.0,https://min-repo.com/3356416/?kishu=all
2026-09-17,マルハン仙台苦竹店,ゴーゴージャグラー３,517,0,1172,100.0,https://min-repo.com/3356416/?kishu=all
2026-09-17,マルハン仙台苦竹店,ゴーゴージャグラー３,516,0,7782,100.0,https://min-repo.com/3356416/?kishu=all
2026-09-17,マルハン仙台苦竹店,ゴーゴージャグラー３,515,0,2792,100.0,https://min-repo.com/3356416/?kishu=all
2026-09-17,マルハン仙台苦竹店,ゴーゴージャグラー３,514,0,1819,100.0,https://min-repo.com/3356416/?kishu=all
2026-09-17,マルハン仙台苦竹店,ゴーゴージャグラー３,513,0,2574,100.0,https://min-repo.com/3356416/?kishu=all
2026-09-17,マルハン仙台苦竹店,ゴーゴージャグラー３,512,0,390,100.0,https://min-repo.com/3356416/?kishu=all
2026-09-17,マルハン仙台苦竹店,ゴーゴージャグラー３,511,0,6221,100.0,https://min-repo.com/3356416/?kishu=all
2026-09-17,マルハン仙台苦竹店,ゴーゴージャグラー３,510,0,1933,100.0,https://min-repo.com/3356416/?kishu=all
2026-09-17,マルハン仙台苦竹店,ゴーゴージャグラー３,509,0,4568,100.0,https://min-repo.com/3356416/?kishu=all
2026-09-17,マルハン仙台苦竹店,ゴーゴージャグラー３,508,0,6539,100.0,https://min-repo.com/3356416/?kishu=all
2026-09-17,マルハン仙台苦竹店,ゴーゴージャグラー３,507,0,860,100.0,https://min-repo.com/3356416/?kishu=all
2026-09-17,マルハン仙台苦竹店,ゴーゴージャグラー３,506,0,1085,100.0,https://min-repo.com/3356416/?kishu=all
2026-09-17,マルハン仙台苦竹店,ゴーゴージャグラー３,505,0,750,100.0,https://min-repo.com/3356416/?kishu=all
2026-09-17,マルハン仙台苦竹店,ゴーゴージャグラー３,504,0,4580,100.0,https://min-repo.com/3356416/?kishu=all
2026-09-17,マルハン仙台苦竹店,ゴーゴージャグラー３,503,0,590,100.0,https://min-repo.com/3356416/?kishu=all
2026-09-17,マルハン仙台苦竹店,ゴーゴージャグラー３,502,0,4168,100.0,https://min-repo.com/3356416/?kishu=all
2026-09-17,マルハン仙台苦竹店,クレアの秘宝伝～はじまりの扉と太陽の石～ボーナストリガーver.,652,0,4637,100.0,https://min-repo.com/3356416/?kishu=all
2026-09-17,マルハン仙台苦竹店,クレアの秘宝伝～はじまりの扉と太陽の石～ボーナストリガーver.,651,0,1241,100.0,https://min-repo.com/3356416/?kishu=all
2026-09-17,マルハン仙台苦竹店,ウルトラミラクルジャグラー,571,0,4396,100.0,https://min-repo.com/3356416/?kishu=all
2026-09-17,マルハン仙台苦竹店,ウルトラミラクルジャグラー,570,0,3840,100.0,https://min-repo.com/3356416/?kishu=all
2026-09-17,マルハン仙台苦竹店,ウルトラミラクルジャグラー,569,0,452,100.0,https://min-repo.com/3356416/?kishu=all
2026-09-17,マルハン仙台苦竹店,ウルトラミラクルジャグラー,568,0,1024,100.0,https://min-repo.com/3356416/?kishu=all
2026-09-17,マルハン仙台苦竹店,ウルトラミラクルジャグラー,567,0,2690,100.0,https://min-repo.com/3356416/?kishu=all
2026-09-17,マルハン仙台苦竹店,ウルトラミラクルジャグラー,566,0,1285,100.0,https://min-repo.com/3356416/?kishu=all
2026-09-17,マルハン仙台苦竹店,ウルトラミラクルジャグラー,565,0,1636,100.0,https://min-repo.com/3356416/?kishu=all
2026-09-17,マルハン仙台苦竹店,ウルトラミラクルジャグラー,564,0,830,100.0,https://min-repo.com/3356416/?kishu=all
2026-09-17,マルハン仙台苦竹店,ウルトラミラクルジャグラー,563,0,5614,100.0,https://min-repo.com/3356416/?kishu=all
2026-09-17,マルハン仙台苦竹店,ウルトラミラクルジャグラー,562,0,2569,100.0,https://min-repo.com/3356416/?kishu=all
2026-09-17,マルハン仙台苦竹店,アレックス ブライト,648,0,4168,100.0,https://min-repo.com/3356416/?kishu=all
2026-09-17,マルハン仙台苦竹店,アレックス ブライト,647,0,3444,100.0,https://min-repo.com/3356416/?kishu=all
2026-09-17,マルハン仙台苦竹店,いざ！番長,769,0,1772,100.0,https://min-repo.com/3356416/?kishu=all
2026-09-17,マルハン仙台苦竹店,SHAKE BONUS TRIGGER,561,0,3700,100.0,https://min-repo.com/3356416/?kishu=all
2026-09-17,マルハン仙台苦竹店,SHAKE BONUS TRIGGER,560,0,2028,100.0,https://min-repo.com/3356416/?kishu=all
2026-09-17,マルハン仙台苦竹店,L青春ブタ野郎はバニーガール先輩の夢を見ない,758,0,6104,100.0,https://min-repo.com/3356416/?kishu=all
2026-09-17,マルハン仙台苦竹店,L青春ブタ野郎はバニーガール先輩の夢を見ない,757,0,6374,100.0,https://min-repo.com/3356416/?kishu=all
2026-09-17,マルハン仙台苦竹店,L青春ブタ野郎はバニーガール先輩の夢を見ない,756,0,6511,100.0,https://min-repo.com/3356416/?kishu=all
2026-09-17,マルハン仙台苦竹店,L青春ブタ野郎はバニーガール先輩の夢を見ない,755,0,6343,100.0,https://min-repo.com/3356416/?kishu=all
2026-09-17,マルハン仙台苦竹店,L青春ブタ野郎はバニーガール先輩の夢を見ない,754,0,8674,100.0,https://min-repo.com/3356416/?kishu=all
2026-09-17,マルハン仙台苦竹店,L邪神ちゃんドロップキック,762,0,2545,100.0,https://min-repo.com/3356416/?kishu=all
2026-09-17,マルハン仙台苦竹店,L邪神ちゃんドロップキック,761,0,1299,100.0,https://min-repo.com/3356416/?kishu=all
2026-09-17,マルハン仙台苦竹店,L邪神ちゃんドロップキック,760,0,1079,100.0,https://min-repo.com/3356416/?kishu=all
2026-09-17,マルハン仙台苦竹店,L虚構推理,721,0,2456,100.0,https://min-repo.com/3356416/?kishu=all
2026-09-17,マルハン仙台苦竹店,L東京喰種,391,0,4735,100.0,https://min-repo.com/3356416/?kishu=all
2026-09-17,マルハン仙台苦竹店,L東京喰種,390,0,4724,100.0,https://min-repo.com/3356416/?kishu=all
2026-09-17,マルハン仙台苦竹店,L東京喰種,389,0,2589,100.0,https://min-repo.com/3356416/?kishu=all
2026-09-17,マルハン仙台苦竹店,L東京喰種,388,0,6043,100.0,https://min-repo.com/3356416/?kishu=all
2026-09-17,マルハン仙台苦竹店,L東京喰種,387,0,5072,100.0,https://min-repo.com/3356416/?kishu=all
2026-09-17,マルハン仙台苦竹店,L東京喰種,386,0,3076,100.0,https://min-repo.com/3356416/?kishu=all
2026-09-17,マルハン仙台苦竹店,L東京喰種,385,0,6150,100.0,https://min-repo.com/3356416/?kishu=all
2026-09-17,マルハン仙台苦竹店,L東京喰種,384,0,2539,100.0,https://min-repo.com/3356416/?kishu=all
2026-09-17,マルハン仙台苦竹店,L東京喰種,383,0,4659,100.0,https://min-repo.com/3356416/?kishu=all
2026-09-17,マルハン仙台苦竹店,L東京喰種,382,0,3425,100.0,https://min-repo.com/3356416/?kishu=all
2026-09-17,マルハン仙台苦竹店,L東京喰種,341,0,5443,100.0,https://min-repo.com/3356416/?kishu=all
2026-09-17,マルハン仙台苦竹店,L東京喰種,340,0,5977,100.0,https://min-repo.com/3356416/?kishu=all
2026-09-17,マルハン仙台苦竹店,L東京喰種,339,0,5928,100.0,https://min-repo.com/3356416/?kishu=all
2026-09-17,マルハン仙台苦竹店,L東京喰種,338,0,2943,100.0,https://min-repo.com/3356416/?kishu=all
2026-09-17,マルハン仙台苦竹店,L東京喰種,337,0,6676,100.0,https://min-repo.com/3356416/?kishu=all
2026-09-17,マルハン仙台苦竹店,L東京喰種,336,0,4078,100.0,https://min-repo.com/3356416/?kishu=all
2026-09-17,マルハン仙台苦竹店,L東京喰種,335,0,5044,100.0,https://min-repo.com/3356416/?kishu=all
2026-09-17,マルハン仙台苦竹店,L東京喰種,334,0,4172,100.0,https://min-repo.com/3356416/?kishu=all
2026-09-17,マルハン仙台苦竹店,L東京喰種,333,0,2868,100.0,https://min-repo.com/3356416/?kishu=all
2026-09-17,マルハン仙台苦竹店,L東京喰種,332,0,5765,100.0,https://min-repo.com/3356416/?kishu=all
2026-09-17,マルハン仙台苦竹店,L戦国乙女5 業火を穿つ宿焔の双刃,461,0,4132,100.0,https://min-repo.com/3356416/?kishu=all
2026-09-17,マルハン仙台苦竹店,L戦国乙女5 業火を穿つ宿焔の双刃,460,0,5215,100.0,https://min-repo.com/3356416/?kishu=all
2026-09-17,マルハン仙台苦竹店,L戦国乙女5 業火を穿つ宿焔の双刃,459,0,4035,100.0,https://min-repo.com/3356416/?kishu=all
2026-09-17,マルハン仙台苦竹店,L戦国乙女5 業火を穿つ宿焔の双刃,458,0,3091,100.0,https://min-repo.com/3356416/?kishu=all
2026-09-17,マルハン仙台苦竹店,L戦国乙女5 業火を穿つ宿焔の双刃,457,0,5933,100.0,https://min-repo.com/3356416/?kishu=all
2026-09-17,マルハン仙台苦竹店,L戦国乙女5 業火を穿つ宿焔の双刃,456,0,2177,100.0,https://min-repo.com/3356416/?kishu=all
2026-09-17,マルハン仙台苦竹店,L戦国乙女5 業火を穿つ宿焔の双刃,455,0,5729,100.0,https://min-repo.com/3356416/?kishu=all
2026-09-17,マルハン仙台苦竹店,L戦国乙女5 業火を穿つ宿焔の双刃,454,0,4668,100.0,https://min-repo.com/3356416/?kishu=all
2026-09-17,マルハン仙台苦竹店,L戦国乙女5 業火を穿つ宿焔の双刃,453,0,4856,100.0,https://min-repo.com/3356416/?kishu=all
2026-09-17,マルハン仙台苦竹店,L戦国乙女5 業火を穿つ宿焔の双刃,452,0,4467,100.0,https://min-repo.com/3356416/?kishu=all
2026-09-17,マルハン仙台苦竹店,L南国育ち SPECIAL,722,0,756,100.0,https://min-repo.com/3356416/?kishu=all
2026-09-17,マルハン仙台苦竹店,L主役は銭形5,718,0,1113,100.0,https://min-repo.com/3356416/?kishu=all
2026-09-17,マルハン仙台苦竹店,Lパチスロ革命機ヴァルヴレイヴ2,441,0,6381,100.0,https://min-repo.com/3356416/?kishu=all
2026-09-17,マルハン仙台苦竹店,Lパチスロ革命機ヴァルヴレイヴ2,440,0,7086,100.0,https://min-repo.com/3356416/?kishu=all
2026-09-17,マルハン仙台苦竹店,Lパチスロ革命機ヴァルヴレイヴ2,439,0,6155,100.0,https://min-repo.com/3356416/?kishu=all
2026-09-17,マルハン仙台苦竹店,Lパチスロ革命機ヴァルヴレイヴ2,438,0,7354,100.0,https://min-repo.com/3356416/?kishu=all
2026-09-17,マルハン仙台苦竹店,Lパチスロ革命機ヴァルヴレイヴ2,437,0,7732,100.0,https://min-repo.com/3356416/?kishu=all
2026-09-17,マルハン仙台苦竹店,Lパチスロ革命機ヴァルヴレイヴ2,436,0,5052,100.0,https://min-repo.com/3356416/?kishu=all
2026-09-17,マルハン仙台苦竹店,Lパチスロ革命機ヴァルヴレイヴ2,435,0,6074,100.0,https://min-repo.com/3356416/?kishu=all
2026-09-17,マルハン仙台苦竹店,Lパチスロ革命機ヴァルヴレイヴ2,434,0,8765,100.0,https://min-repo.com/3356416/?kishu=all
2026-09-17,マルハン仙台苦竹店,Lパチスロ革命機ヴァルヴレイヴ2,433,0,8268,100.0,https://min-repo.com/3356416/?kishu=all
2026-09-17,マルハン仙台苦竹店,Lパチスロ革命機ヴァルヴレイヴ2,432,0,9161,100.0,https://min-repo.com/3356416/?kishu=all
2026-09-17,マルハン仙台苦竹店,Lパチスロ革命機ヴァルヴレイヴ2,431,0,7902,100.0,https://min-repo.com/3356416/?kishu=all
2026-09-17,マルハン仙台苦竹店,Lパチスロ炎炎ノ消防隊2,421,0,6403,100.0,https://min-repo.com/3356416/?kishu=all
2026-09-17,マルハン仙台苦竹店,Lパチスロ炎炎ノ消防隊2,420,0,1357,100.0,https://min-repo.com/3356416/?kishu=all
2026-09-17,マルハン仙台苦竹店,Lパチスロ炎炎ノ消防隊2,419,0,2264,100.0,https://min-repo.com/3356416/?kishu=all
2026-09-17,マルハン仙台苦竹店,Lパチスロ炎炎ノ消防隊2,418,0,298,100.0,https://min-repo.com/3356416/?kishu=all
2026-09-17,マルハン仙台苦竹店,Lパチスロ炎炎ノ消防隊2,417,0,6921,100.0,https://min-repo.com/3356416/?kishu=all
2026-09-17,マルハン仙台苦竹店,Lパチスロ炎炎ノ消防隊2,416,0,1677,100.0,https://min-repo.com/3356416/?kishu=all
2026-09-17,マルハン仙台苦竹店,Lパチスロ炎炎ノ消防隊2,415,0,2628,100.0,https://min-repo.com/3356416/?kishu=all
2026-09-17,マルハン仙台苦竹店,Lパチスロ炎炎ノ消防隊2,414,0,8564,100.0,https://min-repo.com/3356416/?kishu=all
2026-09-17,マルハン仙台苦竹店,Lパチスロ炎炎ノ消防隊2,413,0,4092,100.0,https://min-repo.com/3356416/?kishu=all
2026-09-17,マルハン仙台苦竹店,Lパチスロ彼女、お借りします,501,0,3710,100.0,https://min-repo.com/3356416/?kishu=all
2026-09-17,マルハン仙台苦竹店,Lパチスロ彼女、お借りします,500,0,4108,100.0,https://min-repo.com/3356416/?kishu=all
2026-09-17,マルハン仙台苦竹店,Lパチスロ彼女、お借りします,499,0,4107,100.0,https://min-repo.com/3356416/?kishu=all
2026-09-17,マルハン仙台苦竹店,Lパチスロからくりサーカス2,717,0,6093,100.0,https://min-repo.com/3356416/?kishu=all
2026-09-17,マルハン仙台苦竹店,Lパチスロからくりサーカス2,716,0,5616,100.0,https://min-repo.com/3356416/?kishu=all
2026-09-17,マルハン仙台苦竹店,Lパチスロからくりサーカス2,715,0,0,,https://min-repo.com/3356416/?kishu=all
2026-09-17,マルハン仙台苦竹店,Lパチスロからくりサーカス2,714,0,3487,100.0,https://min-repo.com/3356416/?kishu=all
2026-09-17,マルハン仙台苦竹店,Lパチスロからくりサーカス2,713,0,5059,100.0,https://min-repo.com/3356416/?kishu=all
2026-09-17,マルハン仙台苦竹店,Lパチスロからくりサーカス2,712,0,4378,100.0,https://min-repo.com/3356416/?kishu=all
2026-09-17,マルハン仙台苦竹店,Lパチスロからくりサーカス2,711,0,4322,100.0,https://min-repo.com/3356416/?kishu=all
2026-09-17,マルハン仙台苦竹店,Lパチスロからくりサーカス2,710,0,3722,100.0,https://min-repo.com/3356416/?kishu=all
2026-09-17,マルハン仙台苦竹店,Lパチスロからくりサーカス2,709,0,5352,100.0,https://min-repo.com/3356416/?kishu=all
2026-09-17,マルハン仙台苦竹店,Lパチスロからくりサーカス2,708,0,4824,100.0,https://min-repo.com/3356416/?kishu=all
2026-09-17,マルハン仙台苦竹店,Lパチスロうみねこのなく頃に2,646,0,3539,100.0,https://min-repo.com/3356416/?kishu=all
2026-09-17,マルハン仙台苦竹店,Lパチスロ かぐや様は告らせたい,742,0,2194,100.0,https://min-repo.com/3356416/?kishu=all
2026-09-17,マルハン仙台苦竹店,Lパチスロ かぐや様は告らせたい,741,0,2588,100.0,https://min-repo.com/3356416/?kishu=all
2026-09-17,マルハン仙台苦竹店,Lパチスロ かぐや様は告らせたい,740,0,999,100.0,https://min-repo.com/3356416/?kishu=all
2026-09-17,マルハン仙台苦竹店,Lパチスロ かぐや様は告らせたい,739,0,2068,100.0,https://min-repo.com/3356416/?kishu=all
2026-09-17,マルハン仙台苦竹店,Lパチスロ かぐや様は告らせたい,738,0,1802,100.0,https://min-repo.com/3356416/?kishu=all
2026-09-17,マルハン仙台苦竹店,Lスマスロ北斗の拳,767,0,2178,100.0,https://min-repo.com/3356416/?kishu=all
2026-09-17,マルハン仙台苦竹店,Lスマスロ北斗の拳,766,0,3296,100.0,https://min-repo.com/3356416/?kishu=all
2026-09-17,マルハン仙台苦竹店,Lスマスロ北斗の拳,765,0,2053,100.0,https://min-repo.com/3356416/?kishu=all
2026-09-17,マルハン仙台苦竹店,Lスマスロ北斗の拳,764,0,3274,100.0,https://min-repo.com/3356416/?kishu=all
2026-09-17,マルハン仙台苦竹店,Lスマスロ北斗の拳,763,0,6679,100.0,https://min-repo.com/3356416/?kishu=all
2026-09-17,マルハン仙台苦竹店,Lアズールレーン THE ANIMATION,750,0,2310,100.0,https://min-repo.com/3356416/?kishu=all
2026-09-17,マルハン仙台苦竹店,L ToLOVEるダークネス,719,0,1325,100.0,https://min-repo.com/3356416/?kishu=all
2026-09-17,マルハン仙台泉店,真打 吉宗,768,0,5411,100.0,https://min-repo.com/3356548/?kishu=all
2026-09-17,マルハン仙台泉店,真打 吉宗,767,0,1902,100.0,https://min-repo.com/3356548/?kishu=all
2026-09-17,マルハン仙台泉店,戦国コレクション6,582,0,2395,100.0,https://min-repo.com/3356548/?kishu=all
2026-09-17,マルハン仙台泉店,戦国コレクション6,581,0,2772,100.0,https://min-repo.com/3356548/?kishu=all
2026-09-17,マルハン仙台泉店,吉宗,770,0,2414,100.0,https://min-repo.com/3356548/?kishu=all
2026-09-17,マルハン仙台泉店,吉宗,769,0,1847,100.0,https://min-repo.com/3356548/?kishu=all
2026-09-17,マルハン仙台泉店,ローティス,596,0,1134,100.0,https://min-repo.com/3356548/?kishu=all
2026-09-17,マルハン仙台泉店,ミスタージャグラー,667,0,1436,100.0,https://min-repo.com/3356548/?kishu=all
2026-09-17,マルハン仙台泉店,ミスタージャグラー,666,0,5455,100.0,https://min-repo.com/3356548/?kishu=all
2026-09-17,マルハン仙台泉店,ミスタージャグラー,665,0,5203,100.0,https://min-repo.com/3356548/?kishu=all
2026-09-17,マルハン仙台泉店,ミスタージャグラー,664,0,4990,100.0,https://min-repo.com/3356548/?kishu=all
2026-09-17,マルハン仙台泉店,マイジャグラーV,821,0,6306,100.0,https://min-repo.com/3356548/?kishu=all
2026-09-17,マルハン仙台泉店,マイジャグラーV,820,0,5480,100.0,https://min-repo.com/3356548/?kishu=all
2026-09-17,マルハン仙台泉店,マイジャグラーV,819,0,6791,100.0,https://min-repo.com/3356548/?kishu=all
2026-09-17,マルハン仙台泉店,マイジャグラーV,818,0,6684,100.0,https://min-repo.com/3356548/?kishu=all
2026-09-17,マルハン仙台泉店,マイジャグラーV,817,0,9265,100.0,https://min-repo.com/3356548/?kishu=all
2026-09-17,マルハン仙台泉店,マイジャグラーV,816,0,6801,100.0,https://min-repo.com/3356548/?kishu=all
2026-09-17,マルハン仙台泉店,マイジャグラーV,815,0,8261,100.0,https://min-repo.com/3356548/?kishu=all
2026-09-17,マルハン仙台泉店,マイジャグラーV,814,0,3902,100.0,https://min-repo.com/3356548/?kishu=all
2026-09-17,マルハン仙台泉店,マイジャグラーV,813,0,8894,100.0,https://min-repo.com/3356548/?kishu=all
2026-09-17,マルハン仙台泉店,マイジャグラーV,812,0,8890,100.0,https://min-repo.com/3356548/?kishu=all
2026-09-17,マルハン仙台泉店,マイジャグラーV,811,0,6415,100.0,https://min-repo.com/3356548/?kishu=all
2026-09-17,マルハン仙台泉店,マイジャグラーV,810,0,8392,100.0,https://min-repo.com/3356548/?kishu=all
2026-09-17,マルハン仙台泉店,マイジャグラーV,809,0,7274,100.0,https://min-repo.com/3356548/?kishu=all
2026-09-17,マルハン仙台泉店,ファンキージャグラー２ＫＴ,674,0,6808,100.0,https://min-repo.com/3356548/?kishu=all
2026-09-17,マルハン仙台泉店,ファンキージャグラー２ＫＴ,673,0,3831,100.0,https://min-repo.com/3356548/?kishu=all
2026-09-17,マルハン仙台泉店,ファンキージャグラー２ＫＴ,672,0,3737,100.0,https://min-repo.com/3356548/?kishu=all
2026-09-17,マルハン仙台泉店,パチスロ わたしの幸せな結婚,598,0,359,100.0,https://min-repo.com/3356548/?kishu=all
2026-09-17,マルハン仙台泉店,ネオアイムジャグラーEX,860,0,3229,100.0,https://min-repo.com/3356548/?kishu=all
2026-09-17,マルハン仙台泉店,ネオアイムジャグラーEX,859,0,5210,100.0,https://min-repo.com/3356548/?kishu=all
2026-09-17,マルハン仙台泉店,ネオアイムジャグラーEX,858,0,1384,100.0,https://min-repo.com/3356548/?kishu=all
2026-09-17,マルハン仙台泉店,ネオアイムジャグラーEX,857,0,7492,100.0,https://min-repo.com/3356548/?kishu=all
2026-09-17,マルハン仙台泉店,ネオアイムジャグラーEX,856,0,2293,100.0,https://min-repo.com/3356548/?kishu=all
2026-09-17,マルハン仙台泉店,ネオアイムジャグラーEX,855,0,2802,100.0,https://min-repo.com/3356548/?kishu=all
2026-09-17,マルハン仙台泉店,ネオアイムジャグラーEX,836,0,2942,100.0,https://min-repo.com/3356548/?kishu=all
2026-09-17,マルハン仙台泉店,ネオアイムジャグラーEX,835,0,5178,100.0,https://min-repo.com/3356548/?kishu=all
2026-09-17,マルハン仙台泉店,ネオアイムジャグラーEX,834,0,974,100.0,https://min-repo.com/3356548/?kishu=all
2026-09-17,マルハン仙台泉店,ネオアイムジャグラーEX,833,0,6044,100.0,https://min-repo.com/3356548/?kishu=all
2026-09-17,マルハン仙台泉店,ネオアイムジャグラーEX,832,0,4666,100.0,https://min-repo.com/3356548/?kishu=all
2026-09-17,マルハン仙台泉店,ネオアイムジャグラーEX,831,0,2418,100.0,https://min-repo.com/3356548/?kishu=all
2026-09-17,マルハン仙台泉店,ネオアイムジャグラーEX,830,0,2278,100.0,https://min-repo.com/3356548/?kishu=all
2026-09-17,マルハン仙台泉店,ネオアイムジャグラーEX,829,0,2931,100.0,https://min-repo.com/3356548/?kishu=all
2026-09-17,マルハン仙台泉店,ネオアイムジャグラーEX,828,0,5777,100.0,https://min-repo.com/3356548/?kishu=all
2026-09-17,マルハン仙台泉店,ネオアイムジャグラーEX,827,0,1291,100.0,https://min-repo.com/3356548/?kishu=all
2026-09-17,マルハン仙台泉店,ネオアイムジャグラーEX,826,0,3489,100.0,https://min-repo.com/3356548/?kishu=all
2026-09-17,マルハン仙台泉店,ネオアイムジャグラーEX,825,0,1650,100.0,https://min-repo.com/3356548/?kishu=all
2026-09-17,マルハン仙台泉店,ネオアイムジャグラーEX,824,0,293,100.0,https://min-repo.com/3356548/?kishu=all
2026-09-17,マルハン仙台泉店,ネオアイムジャグラーEX,823,0,7639,100.0,https://min-repo.com/3356548/?kishu=all
2026-09-17,マルハン仙台泉店,ネオアイムジャグラーEX,822,0,8634,100.0,https://min-repo.com/3356548/?kishu=all
2026-09-17,マルハン仙台泉店,ネオアイムジャグラーEX,760,0,7532,100.0,https://min-repo.com/3356548/?kishu=all
2026-09-17,マルハン仙台泉店,ネオアイムジャグラーEX,759,0,2734,100.0,https://min-repo.com/3356548/?kishu=all
2026-09-17,マルハン仙台泉店,ネオアイムジャグラーEX,758,0,1297,100.0,https://min-repo.com/3356548/?kishu=all
2026-09-17,マルハン仙台泉店,ネオアイムジャグラーEX,757,0,5769,100.0,https://min-repo.com/3356548/?kishu=all
2026-09-17,マルハン仙台泉店,ネオアイムジャグラーEX,756,0,2768,100.0,https://min-repo.com/3356548/?kishu=all
2026-09-17,マルハン仙台泉店,ネオアイムジャグラーEX,755,0,4914,100.0,https://min-repo.com/3356548/?kishu=all
2026-09-17,マルハン仙台泉店,ネオアイムジャグラーEX,754,0,5206,100.0,https://min-repo.com/3356548/?kishu=all
2026-09-17,マルハン仙台泉店,ネオアイムジャグラーEX,753,0,6032,100.0,https://min-repo.com/3356548/?kishu=all
2026-09-17,マルハン仙台泉店,ネオアイムジャグラーEX,752,0,2096,100.0,https://min-repo.com/3356548/?kishu=all
2026-09-17,マルハン仙台泉店,ネオアイムジャグラーEX,751,0,3224,100.0,https://min-repo.com/3356548/?kishu=all
2026-09-17,マルハン仙台泉店,ネオアイムジャグラーEX,750,0,3956,100.0,https://min-repo.com/3356548/?kishu=all
2026-09-17,マルハン仙台泉店,ネオアイムジャグラーEX,749,0,6593,100.0,https://min-repo.com/3356548/?kishu=all
2026-09-17,マルハン仙台泉店,ネオアイムジャグラーEX,748,0,2898,100.0,https://min-repo.com/3356548/?kishu=all
2026-09-17,マルハン仙台泉店,ネオアイムジャグラーEX,747,0,7547,100.0,https://min-repo.com/3356548/?kishu=all
2026-09-17,マルハン仙台泉店,ネオアイムジャグラーEX,746,0,5738,100.0,https://min-repo.com/3356548/?kishu=all
2026-09-17,マルハン仙台泉店,ネオアイムジャグラーEX,745,0,2268,100.0,https://min-repo.com/3356548/?kishu=all
2026-09-17,マルハン仙台泉店,ネオアイムジャグラーEX,744,0,6691,100.0,https://min-repo.com/3356548/?kishu=all
2026-09-17,マルハン仙台泉店,ネオアイムジャグラーEX,743,0,9188,100.0,https://min-repo.com/3356548/?kishu=all
2026-09-17,マルハン仙台泉店,ネオアイムジャグラーEX,742,0,1402,100.0,https://min-repo.com/3356548/?kishu=all
2026-09-17,マルハン仙台泉店,ネオアイムジャグラーEX,741,0,3038,100.0,https://min-repo.com/3356548/?kishu=all
2026-09-17,マルハン仙台泉店,ネオアイムジャグラーEX,740,0,4580,100.0,https://min-repo.com/3356548/?kishu=all
2026-09-17,マルハン仙台泉店,ネオアイムジャグラーEX,739,0,7010,100.0,https://min-repo.com/3356548/?kishu=all
2026-09-17,マルハン仙台泉店,ネオアイムジャグラーEX,738,0,822,100.0,https://min-repo.com/3356548/?kishu=all
2026-09-17,マルハン仙台泉店,ネオアイムジャグラーEX,737,0,7761,100.0,https://min-repo.com/3356548/?kishu=all
2026-09-17,マルハン仙台泉店,ネオアイムジャグラーEX,736,0,4252,100.0,https://min-repo.com/3356548/?kishu=all
2026-09-17,マルハン仙台泉店,ネオアイムジャグラーEX,735,0,2637,100.0,https://min-repo.com/3356548/?kishu=all
2026-09-17,マルハン仙台泉店,ネオアイムジャグラーEX,734,0,4951,100.0,https://min-repo.com/3356548/?kishu=all
2026-09-17,マルハン仙台泉店,ネオアイムジャグラーEX,733,0,8243,100.0,https://min-repo.com/3356548/?kishu=all
2026-09-17,マルハン仙台泉店,ネオアイムジャグラーEX,732,0,1936,100.0,https://min-repo.com/3356548/?kishu=all
2026-09-17,マルハン仙台泉店,ネオアイムジャグラーEX,731,0,7103,100.0,https://min-repo.com/3356548/?kishu=all
2026-09-17,マルハン仙台泉店,ネオアイムジャグラーEX,730,0,7595,100.0,https://min-repo.com/3356548/?kishu=all
2026-09-17,マルハン仙台泉店,ネオアイムジャグラーEX,729,0,1116,100.0,https://min-repo.com/3356548/?kishu=all
2026-09-17,マルハン仙台泉店,ネオアイムジャグラーEX,728,0,3755,100.0,https://min-repo.com/3356548/?kishu=all
2026-09-17,マルハン仙台泉店,ネオアイムジャグラーEX,727,0,5528,100.0,https://min-repo.com/3356548/?kishu=all
2026-09-17,マルハン仙台泉店,ネオアイムジャグラーEX,678,0,6671,100.0,https://min-repo.com/3356548/?kishu=all
2026-09-17,マルハン仙台泉店,ネオアイムジャグラーEX,677,0,787,100.0,https://min-repo.com/3356548/?kishu=all
2026-09-17,マルハン仙台泉店,ネオアイムジャグラーEX,676,0,5999,100.0,https://min-repo.com/3356548/?kishu=all
2026-09-17,マルハン仙台泉店,ネオアイムジャグラーEX,675,0,8477,100.0,https://min-repo.com/3356548/?kishu=all
2026-09-17,マルハン仙台泉店,スロット ワールドダイスター,696,0,3135,100.0,https://min-repo.com/3356548/?kishu=all
2026-09-17,マルハン仙台泉店,スロット ソードアート・オンラインⅡ,651,0,996,100.0,https://min-repo.com/3356548/?kishu=all
2026-09-17,マルハン仙台泉店,スロット ソードアート・オンラインⅡ,650,0,6956,100.0,https://min-repo.com/3356548/?kishu=all
2026-09-17,マルハン仙台泉店,スロット ソードアート・オンラインⅡ,649,0,658,100.0,https://min-repo.com/3356548/?kishu=all
2026-09-17,マルハン仙台泉店,スロット ソードアート・オンラインⅡ,648,0,3246,100.0,https://min-repo.com/3356548/?kishu=all
2026-09-17,マルハン仙台泉店,スマスロ鉄拳6,597,0,1275,100.0,https://min-repo.com/3356548/?kishu=all
2026-09-17,マルハン仙台泉店,スマスロ新鬼武者3,720,0,283,100.0,https://min-repo.com/3356548/?kishu=all
2026-09-17,マルハン仙台泉店,スマスロ新鬼武者3,719,0,1226,100.0,https://min-repo.com/3356548/?kishu=all
2026-09-17,マルハン仙台泉店,スマスロ北斗の拳 転生の章2,623,0,2536,100.0,https://min-repo.com/3356548/?kishu=all
2026-09-17,マルハン仙台泉店,スマスロ北斗の拳 転生の章2,622,0,3849,100.0,https://min-repo.com/3356548/?kishu=all
2026-09-17,マルハン仙台泉店,スマスロ北斗の拳 転生の章2,621,0,533,100.0,https://min-repo.com/3356548/?kishu=all
2026-09-17,マルハン仙台泉店,スマスロ北斗の拳 転生の章2,620,0,1430,100.0,https://min-repo.com/3356548/?kishu=all
2026-09-17,マルハン仙台泉店,スマスロ北斗の拳 転生の章2,619,0,2946,100.0,https://min-repo.com/3356548/?kishu=all
2026-09-17,マルハン仙台泉店,スマスロ北斗の拳 転生の章2,618,0,2229,100.0,https://min-repo.com/3356548/?kishu=all
2026-09-17,マルハン仙台泉店,スマスロ化物語,659,0,1686,100.0,https://min-repo.com/3356548/?kishu=all
2026-09-17,マルハン仙台泉店,スマスロ化物語,658,0,226,100.0,https://min-repo.com/3356548/?kishu=all
2026-09-17,マルハン仙台泉店,スマスロ化物語,657,0,1918,100.0,https://min-repo.com/3356548/?kishu=all
2026-09-17,マルハン仙台泉店,スマスロ化物語,656,0,557,100.0,https://min-repo.com/3356548/?kishu=all
2026-09-17,マルハン仙台泉店,スマスロモンキーターンV,633,0,4340,100.0,https://min-repo.com/3356548/?kishu=all
2026-09-17,マルハン仙台泉店,スマスロモンキーターンV,632,0,534,100.0,https://min-repo.com/3356548/?kishu=all
2026-09-17,マルハン仙台泉店,スマスロモンキーターンV,631,0,1188,100.0,https://min-repo.com/3356548/?kishu=all
2026-09-17,マルハン仙台泉店,スマスロモンキーターンV,630,0,1441,100.0,https://min-repo.com/3356548/?kishu=all
2026-09-17,マルハン仙台泉店,スマスロモンキーターンV,629,0,1206,100.0,https://min-repo.com/3356548/?kishu=all
2026-09-17,マルハン仙台泉店,スマスロモンキーターンV,628,0,693,100.0,https://min-repo.com/3356548/?kishu=all
2026-09-17,マルハン仙台泉店,スマスロモンキーターンV,627,0,2584,100.0,https://min-repo.com/3356548/?kishu=all
2026-09-17,マルハン仙台泉店,スマスロモンキーターンV,626,0,702,100.0,https://min-repo.com/3356548/?kishu=all
2026-09-17,マルハン仙台泉店,スマスロモンキーターンV,625,0,4253,100.0,https://min-repo.com/3356548/?kishu=all
2026-09-17,マルハン仙台泉店,スマスロモンキーターンV,624,0,2975,100.0,https://min-repo.com/3356548/?kishu=all
2026-09-17,マルハン仙台泉店,スマスロバジリスク～甲賀忍法帖～絆2 天膳 BLACK EDITION,590,0,1530,100.0,https://min-repo.com/3356548/?kishu=all
2026-09-17,マルハン仙台泉店,スマスロバジリスク～甲賀忍法帖～絆2 天膳 BLACK EDITION,589,0,2567,100.0,https://min-repo.com/3356548/?kishu=all
2026-09-17,マルハン仙台泉店,スマスロ 甲鉄城のカバネリ 海門決戦,718,0,5753,100.0,https://min-repo.com/3356548/?kishu=all
2026-09-17,マルハン仙台泉店,スマスロ 甲鉄城のカバネリ 海門決戦,717,0,5708,100.0,https://min-repo.com/3356548/?kishu=all
2026-09-17,マルハン仙台泉店,スマスロ 甲鉄城のカバネリ 海門決戦,716,0,2149,100.0,https://min-repo.com/3356548/?kishu=all
2026-09-17,マルハン仙台泉店,スマスロ 甲鉄城のカバネリ 海門決戦,715,0,2930,100.0,https://min-repo.com/3356548/?kishu=all
2026-09-17,マルハン仙台泉店,スマスロ 甲鉄城のカバネリ 海門決戦,714,0,2516,100.0,https://min-repo.com/3356548/?kishu=all
2026-09-17,マルハン仙台泉店,スマスロ 甲鉄城のカバネリ 海門決戦,713,0,4969,100.0,https://min-repo.com/3356548/?kishu=all
2026-09-17,マルハン仙台泉店,スマスロ 甲鉄城のカバネリ 海門決戦,712,0,786,100.0,https://min-repo.com/3356548/?kishu=all
2026-09-17,マルハン仙台泉店,スマスロ 甲鉄城のカバネリ 海門決戦,711,0,1796,100.0,https://min-repo.com/3356548/?kishu=all
2026-09-17,マルハン仙台泉店,スマスロ 甲鉄城のカバネリ 海門決戦,710,0,986,100.0,https://min-repo.com/3356548/?kishu=all
2026-09-17,マルハン仙台泉店,スマスロ 甲鉄城のカバネリ 海門決戦,709,0,5412,100.0,https://min-repo.com/3356548/?kishu=all
2026-09-17,マルハン仙台泉店,スマスロ 甲鉄城のカバネリ 海門決戦,708,0,1783,100.0,https://min-repo.com/3356548/?kishu=all
2026-09-17,マルハン仙台泉店,スマスロ 甲鉄城のカバネリ 海門決戦,707,0,2746,100.0,https://min-repo.com/3356548/?kishu=all
2026-09-17,マルハン仙台泉店,スマスロ 沖ドキ!DUO アンコール,854,0,793,100.0,https://min-repo.com/3356548/?kishu=all
2026-09-17,マルハン仙台泉店,スマスロ 沖ドキ!DUO アンコール,853,0,415,100.0,https://min-repo.com/3356548/?kishu=all
2026-09-17,マルハン仙台泉店,スマスロ 沖ドキ!DUO アンコール,852,0,1111,100.0,https://min-repo.com/3356548/?kishu=all
2026-09-17,マルハン仙台泉店,スマスロ 沖ドキ!DUO アンコール,851,0,400,100.0,https://min-repo.com/3356548/?kishu=all
2026-09-17,マルハン仙台泉店,スマスロ 沖ドキ!DUO アンコール,850,0,378,100.0,https://min-repo.com/3356548/?kishu=all
2026-09-17,マルハン仙台泉店,スマスロ 沖ドキ!DUO アンコール,849,0,218,100.0,https://min-repo.com/3356548/?kishu=all
2026-09-17,マルハン仙台泉店,スマスロ 沖ドキ!DUO アンコール,848,0,6102,100.0,https://min-repo.com/3356548/?kishu=all
2026-09-17,マルハン仙台泉店,スマスロ 沖ドキ!DUO アンコール,847,0,323,100.0,https://min-repo.com/3356548/?kishu=all
2026-09-17,マルハン仙台泉店,スマスロ 沖ドキ!DUO アンコール,846,0,2566,100.0,https://min-repo.com/3356548/?kishu=all
2026-09-17,マルハン仙台泉店,スマスロ 沖ドキ!DUO アンコール,845,0,836,100.0,https://min-repo.com/3356548/?kishu=all
2026-09-17,マルハン仙台泉店,スマスロ 東京リベンジャーズ,595,0,3549,100.0,https://min-repo.com/3356548/?kishu=all
2026-09-17,マルハン仙台泉店,スマスロ 攻殻機動隊,602,0,2236,100.0,https://min-repo.com/3356548/?kishu=all
2026-09-17,マルハン仙台泉店,スマスロ リコリス・リコイル,766,0,3513,100.0,https://min-repo.com/3356548/?kishu=all
2026-09-17,マルハン仙台泉店,スマスロ リコリス・リコイル,765,0,8842,100.0,https://min-repo.com/3356548/?kishu=all
2026-09-17,マルハン仙台泉店,スマスロ リコリス・リコイル,764,0,2718,100.0,https://min-repo.com/3356548/?kishu=all
2026-09-17,マルハン仙台泉店,スマスロ リコリス・リコイル,763,0,8095,100.0,https://min-repo.com/3356548/?kishu=all
2026-09-17,マルハン仙台泉店,スマスロ リコリス・リコイル,762,0,9350,100.0,https://min-repo.com/3356548/?kishu=all
2026-09-17,マルハン仙台泉店,スマスロ リコリス・リコイル,761,0,6098,100.0,https://min-repo.com/3356548/?kishu=all
2026-09-17,マルハン仙台泉店,スマスロ モンスターハンターライズ,723,0,4370,100.0,https://min-repo.com/3356548/?kishu=all
2026-09-17,マルハン仙台泉店,スマスロ モンスターハンターライズ,722,0,3909,100.0,https://min-repo.com/3356548/?kishu=all
2026-09-17,マルハン仙台泉店,スマスロ モンスターハンターライズ,721,0,2119,100.0,https://min-repo.com/3356548/?kishu=all
2026-09-17,マルハン仙台泉店,スマスロ ミリオンゴッド-神々の軌跡-,780,0,4833,100.0,https://min-repo.com/3356548/?kishu=all
2026-09-17,マルハン仙台泉店,スマスロ ミリオンゴッド-神々の軌跡-,779,0,1655,100.0,https://min-repo.com/3356548/?kishu=all
2026-09-17,マルハン仙台泉店,スマスロ ミリオンゴッド-神々の軌跡-,778,0,6201,100.0,https://min-repo.com/3356548/?kishu=all
2026-09-17,マルハン仙台泉店,スマスロ ミリオンゴッド-神々の軌跡-,777,0,2718,100.0,https://min-repo.com/3356548/?kishu=all
2026-09-17,マルハン仙台泉店,スマスロ ミリオンゴッド-神々の軌跡-,776,0,4766,100.0,https://min-repo.com/3356548/?kishu=all
2026-09-17,マルハン仙台泉店,スマスロ ミリオンゴッド-神々の軌跡-,775,0,763,100.0,https://min-repo.com/3356548/?kishu=all
2026-09-17,マルハン仙台泉店,スマスロ ミリオンゴッド-神々の軌跡-,774,0,1470,100.0,https://min-repo.com/3356548/?kishu=all
2026-09-17,マルハン仙台泉店,スマスロ ミリオンゴッド-神々の軌跡-,773,0,5786,100.0,https://min-repo.com/3356548/?kishu=all
2026-09-17,マルハン仙台泉店,スマスロ ミリオンゴッド-神々の軌跡-,772,0,743,100.0,https://min-repo.com/3356548/?kishu=all
2026-09-17,マルハン仙台泉店,スマスロ ミリオンゴッド-神々の軌跡-,771,0,6502,100.0,https://min-repo.com/3356548/?kishu=all
2026-09-17,マルハン仙台泉店,スマスロ マギアレコード 魔法少女まどか☆マギカ外伝,586,0,3211,100.0,https://min-repo.com/3356548/?kishu=all
2026-09-17,マルハン仙台泉店,スマスロ マギアレコード 魔法少女まどか☆マギカ外伝,585,0,2214,100.0,https://min-repo.com/3356548/?kishu=all
2026-09-17,マルハン仙台泉店,スマスロ バイオハザードRE:3,610,0,126,100.0,https://min-repo.com/3356548/?kishu=all
2026-09-17,マルハン仙台泉店,スマスロ バイオハザードRE:3,609,0,481,100.0,https://min-repo.com/3356548/?kishu=all
2026-09-17,マルハン仙台泉店,スマスロ バイオハザードRE:3,608,0,976,100.0,https://min-repo.com/3356548/?kishu=all
2026-09-17,マルハン仙台泉店,スマスロ バイオハザード5,604,0,770,100.0,https://min-repo.com/3356548/?kishu=all
2026-09-17,マルハン仙台泉店,スマスロ ハナビ,838,0,8186,100.0,https://min-repo.com/3356548/?kishu=all
2026-09-17,マルハン仙台泉店,スマスロ ハナビ,837,0,1563,100.0,https://min-repo.com/3356548/?kishu=all
2026-09-17,マルハン仙台泉店,スマスロ タコスロ,844,0,7484,100.0,https://min-repo.com/3356548/?kishu=all
2026-09-17,マルハン仙台泉店,スマスロ タコスロ,843,0,5689,100.0,https://min-repo.com/3356548/?kishu=all
2026-09-17,マルハン仙台泉店,スマスロ タコスロ,842,0,4207,100.0,https://min-repo.com/3356548/?kishu=all
2026-09-17,マルハン仙台泉店,スマスロ スーパーリオエース2,588,0,833,100.0,https://min-repo.com/3356548/?kishu=all
2026-09-17,マルハン仙台泉店,スマスロ スーパーリオエース2,587,0,7568,100.0,https://min-repo.com/3356548/?kishu=all
2026-09-17,マルハン仙台泉店,スマスロ スーパーブラックジャック,663,0,1358,100.0,https://min-repo.com/3356548/?kishu=all
2026-09-17,マルハン仙台泉店,スマスロ スーパーブラックジャック,662,0,1159,100.0,https://min-repo.com/3356548/?kishu=all
2026-09-17,マルハン仙台泉店,スマスロ スーパーブラックジャック,661,0,870,100.0,https://min-repo.com/3356548/?kishu=all
2026-09-17,マルハン仙台泉店,スマスロ スーパーブラックジャック,660,0,1737,100.0,https://min-repo.com/3356548/?kishu=all
2026-09-17,マルハン仙台泉店,スマスロ ストリートファイター6,692,0,2492,100.0,https://min-repo.com/3356548/?kishu=all
2026-09-17,マルハン仙台泉店,スマスロ ストリートファイター6,691,0,479,100.0,https://min-repo.com/3356548/?kishu=all
2026-09-17,マルハン仙台泉店,スマスロ ストリートファイター6,690,0,604,100.0,https://min-repo.com/3356548/?kishu=all
2026-09-17,マルハン仙台泉店,スマスロ シャーマンキング,603,0,1342,100.0,https://min-repo.com/3356548/?kishu=all
2026-09-17,マルハン仙台泉店,スマスロ サンダーV,839,0,6706,100.0,https://min-repo.com/3356548/?kishu=all
2026-09-17,マルハン仙台泉店,スマスロ ゴッドイーター リザレクション,726,0,4975,100.0,https://min-repo.com/3356548/?kishu=all
2026-09-17,マルハン仙台泉店,スマスロ ゴッドイーター リザレクション,725,0,2991,100.0,https://min-repo.com/3356548/?kishu=all
2026-09-17,マルハン仙台泉店,スマスロ ゴッドイーター リザレクション,724,0,1570,100.0,https://min-repo.com/3356548/?kishu=all
2026-09-17,マルハン仙台泉店,スマスロ やじきた道中記参る！,694,0,4686,100.0,https://min-repo.com/3356548/?kishu=all
2026-09-17,マルハン仙台泉店,スマスロ やじきた道中記参る！,693,0,486,100.0,https://min-repo.com/3356548/?kishu=all
2026-09-17,マルハン仙台泉店,スマスロ とある魔術の禁書目録2,689,0,4854,100.0,https://min-repo.com/3356548/?kishu=all
2026-09-17,マルハン仙台泉店,スマスロ とある魔術の禁書目録2,688,0,1773,100.0,https://min-repo.com/3356548/?kishu=all
2026-09-17,マルハン仙台泉店,スマスロ とある魔術の禁書目録2,687,0,3863,100.0,https://min-repo.com/3356548/?kishu=all
2026-09-17,マルハン仙台泉店,ゴーゴージャグラー３,808,0,5839,100.0,https://min-repo.com/3356548/?kishu=all
2026-09-17,マルハン仙台泉店,ゴーゴージャグラー３,807,0,2324,100.0,https://min-repo.com/3356548/?kishu=all
2026-09-17,マルハン仙台泉店,ゴーゴージャグラー３,806,0,4451,100.0,https://min-repo.com/3356548/?kishu=all
2026-09-17,マルハン仙台泉店,ゴーゴージャグラー３,805,0,5989,100.0,https://min-repo.com/3356548/?kishu=all
2026-09-17,マルハン仙台泉店,ゴーゴージャグラー３,804,0,3412,100.0,https://min-repo.com/3356548/?kishu=all
2026-09-17,マルハン仙台泉店,ゴーゴージャグラー３,803,0,8794,100.0,https://min-repo.com/3356548/?kishu=all
2026-09-17,マルハン仙台泉店,ゴーゴージャグラー３,802,0,8748,100.0,https://min-repo.com/3356548/?kishu=all
2026-09-17,マルハン仙台泉店,ゴーゴージャグラー３,801,0,2286,100.0,https://min-repo.com/3356548/?kishu=all
2026-09-17,マルハン仙台泉店,ゴーゴージャグラー３,800,0,3827,100.0,https://min-repo.com/3356548/?kishu=all
2026-09-17,マルハン仙台泉店,ゴーゴージャグラー３,799,0,3513,100.0,https://min-repo.com/3356548/?kishu=all
2026-09-17,マルハン仙台泉店,ゴーゴージャグラー３,798,0,6434,100.0,https://min-repo.com/3356548/?kishu=all
2026-09-17,マルハン仙台泉店,ゴーゴージャグラー３,797,0,2642,100.0,https://min-repo.com/3356548/?kishu=all
2026-09-17,マルハン仙台泉店,ゴーゴージャグラー３,796,0,4676,100.0,https://min-repo.com/3356548/?kishu=all
2026-09-17,マルハン仙台泉店,ゴーゴージャグラー３,795,0,6302,100.0,https://min-repo.com/3356548/?kishu=all
2026-09-17,マルハン仙台泉店,ゴーゴージャグラー３,794,0,6650,100.0,https://min-repo.com/3356548/?kishu=all
2026-09-17,マルハン仙台泉店,ゴーゴージャグラー３,793,0,2344,100.0,https://min-repo.com/3356548/?kishu=all
2026-09-17,マルハン仙台泉店,ゴーゴージャグラー３,792,0,1620,100.0,https://min-repo.com/3356548/?kishu=all
2026-09-17,マルハン仙台泉店,ゴーゴージャグラー３,791,0,8550,100.0,https://min-repo.com/3356548/?kishu=all
2026-09-17,マルハン仙台泉店,ゴーゴージャグラー３,790,0,1409,100.0,https://min-repo.com/3356548/?kishu=all
2026-09-17,マルハン仙台泉店,ゴーゴージャグラー３,789,0,3301,100.0,https://min-repo.com/3356548/?kishu=all
2026-09-17,マルハン仙台泉店,ゴーゴージャグラー３,788,0,4411,100.0,https://min-repo.com/3356548/?kishu=all
2026-09-17,マルハン仙台泉店,ゴーゴージャグラー３,787,0,3344,100.0,https://min-repo.com/3356548/?kishu=all
2026-09-17,マルハン仙台泉店,ゴーゴージャグラー３,786,0,4546,100.0,https://min-repo.com/3356548/?kishu=all
2026-09-17,マルハン仙台泉店,ゴーゴージャグラー３,785,0,1888,100.0,https://min-repo.com/3356548/?kishu=all
2026-09-17,マルハン仙台泉店,ゴーゴージャグラー３,784,0,858,100.0,https://min-repo.com/3356548/?kishu=all
2026-09-17,マルハン仙台泉店,ゴーゴージャグラー３,783,0,6173,100.0,https://min-repo.com/3356548/?kishu=all
2026-09-17,マルハン仙台泉店,ゴーゴージャグラー３,782,0,5532,100.0,https://min-repo.com/3356548/?kishu=all
2026-09-17,マルハン仙台泉店,ゴーゴージャグラー３,781,0,4304,100.0,https://min-repo.com/3356548/?kishu=all
2026-09-17,マルハン仙台泉店,クレアの秘宝伝～はじまりの扉と太陽の石～ボーナストリガーver.,841,0,2547,100.0,https://min-repo.com/3356548/?kishu=all
2026-09-17,マルハン仙台泉店,ウルトラミラクルジャグラー,671,0,2186,100.0,https://min-repo.com/3356548/?kishu=all
2026-09-17,マルハン仙台泉店,ウルトラミラクルジャグラー,670,0,6795,100.0,https://min-repo.com/3356548/?kishu=all
2026-09-17,マルハン仙台泉店,ウルトラミラクルジャグラー,669,0,1704,100.0,https://min-repo.com/3356548/?kishu=all
2026-09-17,マルハン仙台泉店,ウルトラミラクルジャグラー,668,0,5449,100.0,https://min-repo.com/3356548/?kishu=all
2026-09-17,マルハン仙台泉店,アレックス ブライト,840,0,3126,100.0,https://min-repo.com/3356548/?kishu=all
2026-09-17,マルハン仙台泉店,アニマルスロット ドッチ,594,0,1430,100.0,https://min-repo.com/3356548/?kishu=all
2026-09-17,マルハン仙台泉店,いざ！番長,592,0,2875,100.0,https://min-repo.com/3356548/?kishu=all
2026-09-17,マルハン仙台泉店,L青春ブタ野郎はバニーガール先輩の夢を見ない,584,0,7708,100.0,https://min-repo.com/3356548/?kishu=all
2026-09-17,マルハン仙台泉店,L青春ブタ野郎はバニーガール先輩の夢を見ない,583,0,2933,100.0,https://min-repo.com/3356548/?kishu=all
2026-09-17,マルハン仙台泉店,L邪神ちゃんドロップキック,695,0,1309,100.0,https://min-repo.com/3356548/?kishu=all
2026-09-17,マルハン仙台泉店,L虚構推理,591,0,2320,100.0,https://min-repo.com/3356548/?kishu=all
2026-09-17,マルハン仙台泉店,L無職転生～異世界行ったら本気だす～,599,0,3009,100.0,https://min-repo.com/3356548/?kishu=all
2026-09-17,マルハン仙台泉店,L東京喰種,706,0,3733,100.0,https://min-repo.com/3356548/?kishu=all
2026-09-17,マルハン仙台泉店,L東京喰種,705,0,1550,100.0,https://min-repo.com/3356548/?kishu=all
2026-09-17,マルハン仙台泉店,L東京喰種,704,0,1062,100.0,https://min-repo.com/3356548/?kishu=all
2026-09-17,マルハン仙台泉店,L東京喰種,703,0,5167,100.0,https://min-repo.com/3356548/?kishu=all
2026-09-17,マルハン仙台泉店,L東京喰種,702,0,2093,100.0,https://min-repo.com/3356548/?kishu=all
2026-09-17,マルハン仙台泉店,L東京喰種,701,0,804,100.0,https://min-repo.com/3356548/?kishu=all
2026-09-17,マルハン仙台泉店,L東京喰種,700,0,2352,100.0,https://min-repo.com/3356548/?kishu=all
2026-09-17,マルハン仙台泉店,L東京喰種,699,0,1135,100.0,https://min-repo.com/3356548/?kishu=all
2026-09-17,マルハン仙台泉店,L東京喰種,698,0,1660,100.0,https://min-repo.com/3356548/?kishu=all
2026-09-17,マルハン仙台泉店,L東京喰種,697,0,1418,100.0,https://min-repo.com/3356548/?kishu=all
2026-09-17,マルハン仙台泉店,L東京喰種,647,0,332,100.0,https://min-repo.com/3356548/?kishu=all
2026-09-17,マルハン仙台泉店,L東京喰種,646,0,1796,100.0,https://min-repo.com/3356548/?kishu=all
2026-09-17,マルハン仙台泉店,L東京喰種,645,0,2046,100.0,https://min-repo.com/3356548/?kishu=all
2026-09-17,マルハン仙台泉店,L東京喰種,644,0,6058,100.0,https://min-repo.com/3356548/?kishu=all
2026-09-17,マルハン仙台泉店,L東京喰種,643,0,1929,100.0,https://min-repo.com/3356548/?kishu=all
2026-09-17,マルハン仙台泉店,L東京喰種,642,0,1212,100.0,https://min-repo.com/3356548/?kishu=all
2026-09-17,マルハン仙台泉店,L東京喰種,641,0,2387,100.0,https://min-repo.com/3356548/?kishu=all
2026-09-17,マルハン仙台泉店,L東京喰種,640,0,940,100.0,https://min-repo.com/3356548/?kishu=all
2026-09-17,マルハン仙台泉店,L東京喰種,639,0,1258,100.0,https://min-repo.com/3356548/?kishu=all
2026-09-17,マルハン仙台泉店,L東京喰種,638,0,3360,100.0,https://min-repo.com/3356548/?kishu=all
2026-09-17,マルハン仙台泉店,L東京喰種,637,0,3934,100.0,https://min-repo.com/3356548/?kishu=all
2026-09-17,マルハン仙台泉店,L東京喰種,636,0,3124,100.0,https://min-repo.com/3356548/?kishu=all
2026-09-17,マルハン仙台泉店,L戦国乙女5 業火を穿つ宿焔の双刃,615,0,5750,100.0,https://min-repo.com/3356548/?kishu=all
2026-09-17,マルハン仙台泉店,L戦国乙女5 業火を穿つ宿焔の双刃,614,0,4444,100.0,https://min-repo.com/3356548/?kishu=all
2026-09-17,マルハン仙台泉店,L戦国乙女5 業火を穿つ宿焔の双刃,613,0,3509,100.0,https://min-repo.com/3356548/?kishu=all
2026-09-17,マルハン仙台泉店,L主役は銭形5,612,0,1732,100.0,https://min-repo.com/3356548/?kishu=all
2026-09-17,マルハン仙台泉店,L主役は銭形5,611,0,2073,100.0,https://min-repo.com/3356548/?kishu=all
2026-09-17,マルハン仙台泉店,Lパチスロ革命機ヴァルヴレイヴ2,686,0,1783,100.0,https://min-repo.com/3356548/?kishu=all
2026-09-17,マルハン仙台泉店,Lパチスロ革命機ヴァルヴレイヴ2,685,0,2135,100.0,https://min-repo.com/3356548/?kishu=all
2026-09-17,マルハン仙台泉店,Lパチスロ革命機ヴァルヴレイヴ2,684,0,1819,100.0,https://min-repo.com/3356548/?kishu=all
2026-09-17,マルハン仙台泉店,Lパチスロ革命機ヴァルヴレイヴ2,683,0,2088,100.0,https://min-repo.com/3356548/?kishu=all
2026-09-17,マルハン仙台泉店,Lパチスロ炎炎ノ消防隊2,617,0,1878,100.0,https://min-repo.com/3356548/?kishu=all
2026-09-17,マルハン仙台泉店,Lパチスロ炎炎ノ消防隊2,616,0,6003,100.0,https://min-repo.com/3356548/?kishu=all
2026-09-17,マルハン仙台泉店,Lパチスロ彼女、お借りします,605,0,6179,100.0,https://min-repo.com/3356548/?kishu=all
2026-09-17,マルハン仙台泉店,Lパチスロからくりサーカス2,655,0,4423,100.0,https://min-repo.com/3356548/?kishu=all
2026-09-17,マルハン仙台泉店,Lパチスロからくりサーカス2,654,0,1272,100.0,https://min-repo.com/3356548/?kishu=all
2026-09-17,マルハン仙台泉店,Lパチスロからくりサーカス2,653,0,2935,100.0,https://min-repo.com/3356548/?kishu=all
2026-09-17,マルハン仙台泉店,Lパチスロからくりサーカス2,652,0,1485,100.0,https://min-repo.com/3356548/?kishu=all
2026-09-17,マルハン仙台泉店,Lパチスロ かぐや様は告らせたい,682,0,2565,100.0,https://min-repo.com/3356548/?kishu=all
2026-09-17,マルハン仙台泉店,Lパチスロ かぐや様は告らせたい,681,0,1083,100.0,https://min-repo.com/3356548/?kishu=all
2026-09-17,マルハン仙台泉店,Lパチスロ かぐや様は告らせたい,680,0,2525,100.0,https://min-repo.com/3356548/?kishu=all
2026-09-17,マルハン仙台泉店,Lパチスロ かぐや様は告らせたい,679,0,2453,100.0,https://min-repo.com/3356548/?kishu=all
2026-09-17,マルハン仙台泉店,Lタクトオーパス デスティニー,607,0,247,100.0,https://min-repo.com/3356548/?kishu=all
2026-09-17,マルハン仙台泉店,Lスマスロ北斗の拳,578,0,3690,100.0,https://min-repo.com/3356548/?kishu=all
2026-09-17,マルハン仙台泉店,Lスマスロ北斗の拳,577,0,1707,100.0,https://min-repo.com/3356548/?kishu=all
2026-09-17,マルハン仙台泉店,Lスマスロ北斗の拳,576,0,518,100.0,https://min-repo.com/3356548/?kishu=all
2026-09-17,マルハン仙台泉店,Lスマスロ北斗の拳,575,0,1573,100.0,https://min-repo.com/3356548/?kishu=all
2026-09-17,マルハン仙台泉店,Lスマスロ北斗の拳,574,0,2229,100.0,https://min-repo.com/3356548/?kishu=all
2026-09-17,マルハン仙台泉店,Lスマスロ北斗の拳,573,0,1323,100.0,https://min-repo.com/3356548/?kishu=all
2026-09-17,マルハン仙台泉店,Lスマスロ北斗の拳,572,0,6687,100.0,https://min-repo.com/3356548/?kishu=all
2026-09-17,マルハン仙台泉店,Lスマスロ北斗の拳,571,0,861,100.0,https://min-repo.com/3356548/?kishu=all
2026-09-17,マルハン仙台泉店,Lスマスロ北斗の拳,570,0,2900,100.0,https://min-repo.com/3356548/?kishu=all
2026-09-17,マルハン仙台泉店,Lスマスロ北斗の拳,569,0,5216,100.0,https://min-repo.com/3356548/?kishu=all
2026-09-17,マルハン仙台泉店,Lスマスロ北斗の拳,568,0,7463,100.0,https://min-repo.com/3356548/?kishu=all
2026-09-17,マルハン仙台泉店,Lスマスロ北斗の拳,567,0,479,100.0,https://min-repo.com/3356548/?kishu=all
2026-09-17,マルハン仙台泉店,Lスマスロ北斗の拳,566,0,2455,100.0,https://min-repo.com/3356548/?kishu=all
2026-09-17,マルハン仙台泉店,Lスマスロ北斗の拳,565,0,1785,100.0,https://min-repo.com/3356548/?kishu=all
2026-09-17,マルハン仙台泉店,Lスマスロ北斗の拳,564,0,3027,100.0,https://min-repo.com/3356548/?kishu=all
2026-09-17,マルハン仙台泉店,Lスマスロ北斗の拳,563,0,2160,100.0,https://min-repo.com/3356548/?kishu=all
2026-09-17,マルハン仙台泉店,Lスマスロ北斗の拳,562,0,1522,100.0,https://min-repo.com/3356548/?kishu=all
2026-09-17,マルハン仙台泉店,Lスマスロ北斗の拳,561,0,5432,100.0,https://min-repo.com/3356548/?kishu=all
2026-09-17,マルハン仙台泉店,Lアズールレーン THE ANIMATION,601,0,2197,100.0,https://min-repo.com/3356548/?kishu=all
2026-09-17,マルハン仙台泉店,Lアクダマドライブ,600,0,1429,100.0,https://min-repo.com/3356548/?kishu=all
2026-09-17,マルハン仙台泉店,LBパチスロ ヱヴァンゲリヲン～約束の扉～,939,0,0,,https://min-repo.com/3356548/?kishu=all
2026-09-17,マルハン仙台泉店,L ULTRAMAN 最終決戦,593,0,1124,100.0,https://min-repo.com/3356548/?kishu=all
2026-09-17,マルハン仙台泉店,L ToLOVEるダークネス,606,0,1235,100.0,https://min-repo.com/3356548/?kishu=all
2026-09-17,マルハン仙台新港店,真打 吉宗,592,0,4797,100.0,https://min-repo.com/3357034/?kishu=all
2026-09-17,マルハン仙台新港店,真打 吉宗,591,0,3417,100.0,https://min-repo.com/3357034/?kishu=all
2026-09-17,マルハン仙台新港店,真打 吉宗,590,0,6928,100.0,https://min-repo.com/3357034/?kishu=all
2026-09-17,マルハン仙台新港店,沖ドキ!ゴージャス 25Φ,732,0,3355,100.0,https://min-repo.com/3357034/?kishu=all
2026-09-17,マルハン仙台新港店,沖ドキ!ゴージャス 25Φ,731,0,1425,100.0,https://min-repo.com/3357034/?kishu=all
2026-09-17,マルハン仙台新港店,沖ドキ!ゴージャス 25Φ,730,0,745,100.0,https://min-repo.com/3357034/?kishu=all
2026-09-17,マルハン仙台新港店,沖ドキ!ゴージャス 25Φ,729,0,1578,100.0,https://min-repo.com/3357034/?kishu=all
2026-09-17,マルハン仙台新港店,沖ドキ!ゴージャス 25Φ,728,0,4574,100.0,https://min-repo.com/3357034/?kishu=all
2026-09-17,マルハン仙台新港店,沖ドキ!ゴージャス 25Φ,727,0,1670,100.0,https://min-repo.com/3357034/?kishu=all
2026-09-17,マルハン仙台新港店,沖ドキ!ゴージャス 25Φ,726,0,1337,100.0,https://min-repo.com/3357034/?kishu=all
2026-09-17,マルハン仙台新港店,沖ドキ!ゴージャス 25Φ,725,0,1376,100.0,https://min-repo.com/3357034/?kishu=all
2026-09-17,マルハン仙台新港店,沖ドキ!ゴージャス 25Φ,724,0,688,100.0,https://min-repo.com/3357034/?kishu=all
2026-09-17,マルハン仙台新港店,沖ドキ!ゴージャス 25Φ,723,0,5427,100.0,https://min-repo.com/3357034/?kishu=all
2026-09-17,マルハン仙台新港店,沖ドキ!ゴージャス 25Φ,722,0,94,,https://min-repo.com/3357034/?kishu=all
2026-09-17,マルハン仙台新港店,沖ドキ!ゴージャス 25Φ,721,0,1814,100.0,https://min-repo.com/3357034/?kishu=all
2026-09-17,マルハン仙台新港店,沖ドキ!ゴージャス 25Φ,720,0,1682,100.0,https://min-repo.com/3357034/?kishu=all
2026-09-17,マルハン仙台新港店,沖ドキ!ゴージャス 25Φ,719,0,5340,100.0,https://min-repo.com/3357034/?kishu=all
2026-09-17,マルハン仙台新港店,沖ドキ!ゴージャス 25Φ,718,0,6620,100.0,https://min-repo.com/3357034/?kishu=all
2026-09-17,マルハン仙台新港店,沖ドキ!ゴージャス 25Φ,717,0,2116,100.0,https://min-repo.com/3357034/?kishu=all
2026-09-17,マルハン仙台新港店,沖ドキ!ゴージャス 25Φ,716,0,1794,100.0,https://min-repo.com/3357034/?kishu=all
2026-09-17,マルハン仙台新港店,沖ドキ!ゴージャス 25Φ,715,0,1371,100.0,https://min-repo.com/3357034/?kishu=all
2026-09-17,マルハン仙台新港店,沖ドキ!ゴージャス 25Φ,714,0,1280,100.0,https://min-repo.com/3357034/?kishu=all
2026-09-17,マルハン仙台新港店,沖ドキ!ゴージャス 25Φ,713,0,2508,100.0,https://min-repo.com/3357034/?kishu=all
2026-09-17,マルハン仙台新港店,沖ドキ!ゴージャス 25Φ,712,0,3707,100.0,https://min-repo.com/3357034/?kishu=all
2026-09-17,マルハン仙台新港店,沖ドキ!ゴージャス 25Φ,711,0,1446,100.0,https://min-repo.com/3357034/?kishu=all
2026-09-17,マルハン仙台新港店,沖ドキ!ゴージャス 25Φ,710,0,1543,100.0,https://min-repo.com/3357034/?kishu=all
2026-09-17,マルハン仙台新港店,沖ドキ!ゴージャス 25Φ,709,0,1276,100.0,https://min-repo.com/3357034/?kishu=all
2026-09-17,マルハン仙台新港店,沖ドキ!ゴージャス 25Φ,708,0,205,100.0,https://min-repo.com/3357034/?kishu=all
2026-09-17,マルハン仙台新港店,沖ドキ!ゴージャス 25Φ,707,0,4374,100.0,https://min-repo.com/3357034/?kishu=all
2026-09-17,マルハン仙台新港店,沖ドキ!ゴージャス 25Φ,706,0,671,100.0,https://min-repo.com/3357034/?kishu=all
2026-09-17,マルハン仙台新港店,沖ドキ!ゴージャス 25Φ,705,0,3646,100.0,https://min-repo.com/3357034/?kishu=all
2026-09-17,マルハン仙台新港店,押忍！番長4,413,0,2881,100.0,https://min-repo.com/3357034/?kishu=all
2026-09-17,マルハン仙台新港店,押忍！番長4,412,0,2262,100.0,https://min-repo.com/3357034/?kishu=all
2026-09-17,マルハン仙台新港店,戦国コレクション6,536,0,4011,100.0,https://min-repo.com/3357034/?kishu=all
2026-09-17,マルハン仙台新港店,戦国コレクション6,535,0,945,100.0,https://min-repo.com/3357034/?kishu=all
2026-09-17,マルハン仙台新港店,戦国コレクション6,534,0,444,100.0,https://min-repo.com/3357034/?kishu=all
2026-09-17,マルハン仙台新港店,戦国コレクション6,533,0,1425,100.0,https://min-repo.com/3357034/?kishu=all
2026-09-17,マルハン仙台新港店,ローティス,785,0,1071,100.0,https://min-repo.com/3357034/?kishu=all
2026-09-17,マルハン仙台新港店,ヤバチバ,405,0,38,,https://min-repo.com/3357034/?kishu=all
2026-09-17,マルハン仙台新港店,ヤバチバ,404,0,155,100.0,https://min-repo.com/3357034/?kishu=all
2026-09-17,マルハン仙台新港店,ヤバチバ,403,0,440,100.0,https://min-repo.com/3357034/?kishu=all
2026-09-17,マルハン仙台新港店,ヤバチバ,402,0,632,100.0,https://min-repo.com/3357034/?kishu=all
2026-09-17,マルハン仙台新港店,ヤバチバ,401,0,1382,100.0,https://min-repo.com/3357034/?kishu=all
2026-09-17,マルハン仙台新港店,ミスタージャグラー,757,0,8387,100.0,https://min-repo.com/3357034/?kishu=all
2026-09-17,マルハン仙台新港店,ミスタージャグラー,756,0,669,100.0,https://min-repo.com/3357034/?kishu=all
2026-09-17,マルハン仙台新港店,ミスタージャグラー,755,0,893,100.0,https://min-repo.com/3357034/?kishu=all
2026-09-17,マルハン仙台新港店,マイジャグラーV,646,0,7941,100.0,https://min-repo.com/3357034/?kishu=all
2026-09-17,マルハン仙台新港店,マイジャグラーV,645,0,6377,100.0,https://min-repo.com/3357034/?kishu=all
2026-09-17,マルハン仙台新港店,マイジャグラーV,644,0,8429,100.0,https://min-repo.com/3357034/?kishu=all
2026-09-17,マルハン仙台新港店,マイジャグラーV,643,0,8994,100.0,https://min-repo.com/3357034/?kishu=all
2026-09-17,マルハン仙台新港店,マイジャグラーV,642,0,4996,100.0,https://min-repo.com/3357034/?kishu=all
2026-09-17,マルハン仙台新港店,マイジャグラーV,641,0,9215,100.0,https://min-repo.com/3357034/?kishu=all
2026-09-17,マルハン仙台新港店,マイジャグラーV,640,0,4720,100.0,https://min-repo.com/3357034/?kishu=all
2026-09-17,マルハン仙台新港店,マイジャグラーV,639,0,6751,100.0,https://min-repo.com/3357034/?kishu=all
2026-09-17,マルハン仙台新港店,マイジャグラーV,638,0,6942,100.0,https://min-repo.com/3357034/?kishu=all
2026-09-17,マルハン仙台新港店,マイジャグラーV,637,0,3425,100.0,https://min-repo.com/3357034/?kishu=all
2026-09-17,マルハン仙台新港店,マイジャグラーV,636,0,8069,100.0,https://min-repo.com/3357034/?kishu=all
2026-09-17,マルハン仙台新港店,マイジャグラーV,635,0,5930,100.0,https://min-repo.com/3357034/?kishu=all
2026-09-17,マルハン仙台新港店,マイジャグラーV,634,0,5671,100.0,https://min-repo.com/3357034/?kishu=all
2026-09-17,マルハン仙台新港店,マイジャグラーV,633,0,4173,100.0,https://min-repo.com/3357034/?kishu=all
2026-09-17,マルハン仙台新港店,マイジャグラーV,632,0,10321,100.0,https://min-repo.com/3357034/?kishu=all
2026-09-17,マルハン仙台新港店,マイジャグラーV,631,0,6241,100.0,https://min-repo.com/3357034/?kishu=all
2026-09-17,マルハン仙台新港店,マイジャグラーV,630,0,9352,100.0,https://min-repo.com/3357034/?kishu=all
2026-09-17,マルハン仙台新港店,マイジャグラーV,629,0,8835,100.0,https://min-repo.com/3357034/?kishu=all
2026-09-17,マルハン仙台新港店,ファンキージャグラー２ＫＴ,810,0,8817,100.0,https://min-repo.com/3357034/?kishu=all
2026-09-17,マルハン仙台新港店,ファンキージャグラー２ＫＴ,809,0,1031,100.0,https://min-repo.com/3357034/?kishu=all
2026-09-17,マルハン仙台新港店,ファンキージャグラー２ＫＴ,808,0,2862,100.0,https://min-repo.com/3357034/?kishu=all
2026-09-17,マルハン仙台新港店,ファンキージャグラー２ＫＴ,807,0,6862,100.0,https://min-repo.com/3357034/?kishu=all
2026-09-17,マルハン仙台新港店,ファンキージャグラー２ＫＴ,806,0,2583,100.0,https://min-repo.com/3357034/?kishu=all
2026-09-17,マルハン仙台新港店,ファンキージャグラー２ＫＴ,805,0,739,100.0,https://min-repo.com/3357034/?kishu=all
2026-09-17,マルハン仙台新港店,ファンキージャグラー２ＫＴ,804,0,5253,100.0,https://min-repo.com/3357034/?kishu=all
2026-09-17,マルハン仙台新港店,ファンキージャグラー２ＫＴ,803,0,6855,100.0,https://min-repo.com/3357034/?kishu=all
2026-09-17,マルハン仙台新港店,ファンキージャグラー２ＫＴ,802,0,7260,100.0,https://min-repo.com/3357034/?kishu=all
2026-09-17,マルハン仙台新港店,ファンキージャグラー２ＫＴ,801,0,1171,100.0,https://min-repo.com/3357034/?kishu=all
2026-09-17,マルハン仙台新港店,ファンキージャグラー２ＫＴ,800,0,4098,100.0,https://min-repo.com/3357034/?kishu=all
2026-09-17,マルハン仙台新港店,ファンキージャグラー２ＫＴ,799,0,610,100.0,https://min-repo.com/3357034/?kishu=all
2026-09-17,マルハン仙台新港店,ファンキージャグラー２ＫＴ,798,0,9036,100.0,https://min-repo.com/3357034/?kishu=all
2026-09-17,マルハン仙台新港店,ファンキージャグラー２ＫＴ,797,0,7767,100.0,https://min-repo.com/3357034/?kishu=all
2026-09-17,マルハン仙台新港店,ファンキージャグラー２ＫＴ,796,0,3433,100.0,https://min-repo.com/3357034/?kishu=all
2026-09-17,マルハン仙台新港店,ファンキージャグラー２ＫＴ,795,0,5282,100.0,https://min-repo.com/3357034/?kishu=all
2026-09-17,マルハン仙台新港店,ファンキージャグラー２ＫＴ,794,0,2788,100.0,https://min-repo.com/3357034/?kishu=all
2026-09-17,マルハン仙台新港店,ファンキージャグラー２ＫＴ,793,0,8095,100.0,https://min-repo.com/3357034/?kishu=all
2026-09-17,マルハン仙台新港店,ファンキージャグラー２ＫＴ,747,0,3468,100.0,https://min-repo.com/3357034/?kishu=all
2026-09-17,マルハン仙台新港店,ハッピージャグラーＶＩＩＩ,676,0,1700,100.0,https://min-repo.com/3357034/?kishu=all
2026-09-17,マルハン仙台新港店,ハッピージャグラーＶＩＩＩ,675,0,6796,100.0,https://min-repo.com/3357034/?kishu=all
2026-09-17,マルハン仙台新港店,ハッピージャグラーＶＩＩＩ,674,0,1405,100.0,https://min-repo.com/3357034/?kishu=all
2026-09-17,マルハン仙台新港店,ハッピージャグラーＶＩＩＩ,673,0,6644,100.0,https://min-repo.com/3357034/?kishu=all
2026-09-17,マルハン仙台新港店,ハッピージャグラーＶＩＩＩ,672,0,982,100.0,https://min-repo.com/3357034/?kishu=all
2026-09-17,マルハン仙台新港店,ハッピージャグラーＶＩＩＩ,671,0,2583,100.0,https://min-repo.com/3357034/?kishu=all
2026-09-17,マルハン仙台新港店,ハッピージャグラーＶＩＩＩ,670,0,8945,100.0,https://min-repo.com/3357034/?kishu=all
2026-09-17,マルハン仙台新港店,ハッピージャグラーＶＩＩＩ,669,0,1659,100.0,https://min-repo.com/3357034/?kishu=all
2026-09-17,マルハン仙台新港店,ハッピージャグラーＶＩＩＩ,668,0,914,100.0,https://min-repo.com/3357034/?kishu=all
2026-09-17,マルハン仙台新港店,ハッピージャグラーＶＩＩＩ,667,0,873,100.0,https://min-repo.com/3357034/?kishu=all
2026-09-17,マルハン仙台新港店,ハッピージャグラーＶＩＩＩ,666,0,10719,100.0,https://min-repo.com/3357034/?kishu=all
2026-09-17,マルハン仙台新港店,ハッピージャグラーＶＩＩＩ,665,0,3833,100.0,https://min-repo.com/3357034/?kishu=all
2026-09-17,マルハン仙台新港店,ハッピージャグラーＶＩＩＩ,664,0,3466,100.0,https://min-repo.com/3357034/?kishu=all
2026-09-17,マルハン仙台新港店,ハッピージャグラーＶＩＩＩ,663,0,5032,100.0,https://min-repo.com/3357034/?kishu=all
2026-09-17,マルハン仙台新港店,ハッピージャグラーＶＩＩＩ,662,0,2033,100.0,https://min-repo.com/3357034/?kishu=all
2026-09-17,マルハン仙台新港店,ハッピージャグラーＶＩＩＩ,661,0,3221,100.0,https://min-repo.com/3357034/?kishu=all
2026-09-17,マルハン仙台新港店,ハッピージャグラーＶＩＩＩ,660,0,2468,100.0,https://min-repo.com/3357034/?kishu=all
2026-09-17,マルハン仙台新港店,ハッピージャグラーＶＩＩＩ,659,0,2689,100.0,https://min-repo.com/3357034/?kishu=all
2026-09-17,マルハン仙台新港店,ハッピージャグラーＶＩＩＩ,658,0,1475,100.0,https://min-repo.com/3357034/?kishu=all
2026-09-17,マルハン仙台新港店,ハッピージャグラーＶＩＩＩ,657,0,3780,100.0,https://min-repo.com/3357034/?kishu=all
2026-09-17,マルハン仙台新港店,ハッピージャグラーＶＩＩＩ,656,0,866,100.0,https://min-repo.com/3357034/?kishu=all
2026-09-17,マルハン仙台新港店,ハッピージャグラーＶＩＩＩ,655,0,6527,100.0,https://min-repo.com/3357034/?kishu=all
2026-09-17,マルハン仙台新港店,ネオアイムジャグラーEX,749,0,4090,100.0,https://min-repo.com/3357034/?kishu=all
2026-09-17,マルハン仙台新港店,ネオアイムジャグラーEX,748,0,828,100.0,https://min-repo.com/3357034/?kishu=all
2026-09-17,マルハン仙台新港店,ネオアイムジャグラーEX,746,0,2323,100.0,https://min-repo.com/3357034/?kishu=all
2026-09-17,マルハン仙台新港店,ネオアイムジャグラーEX,745,0,4319,100.0,https://min-repo.com/3357034/?kishu=all
2026-09-17,マルハン仙台新港店,ネオアイムジャグラーEX,744,0,4412,100.0,https://min-repo.com/3357034/?kishu=all
2026-09-17,マルハン仙台新港店,ネオアイムジャグラーEX,743,0,4600,100.0,https://min-repo.com/3357034/?kishu=all
2026-09-17,マルハン仙台新港店,ネオアイムジャグラーEX,742,0,1093,100.0,https://min-repo.com/3357034/?kishu=all
2026-09-17,マルハン仙台新港店,ネオアイムジャグラーEX,741,0,5444,100.0,https://min-repo.com/3357034/?kishu=all
2026-09-17,マルハン仙台新港店,ネオアイムジャグラーEX,740,0,2137,100.0,https://min-repo.com/3357034/?kishu=all
2026-09-17,マルハン仙台新港店,ネオアイムジャグラーEX,739,0,2528,100.0,https://min-repo.com/3357034/?kishu=all
2026-09-17,マルハン仙台新港店,ネオアイムジャグラーEX,738,0,2529,100.0,https://min-repo.com/3357034/?kishu=all
2026-09-17,マルハン仙台新港店,ネオアイムジャグラーEX,737,0,10309,100.0,https://min-repo.com/3357034/?kishu=all
2026-09-17,マルハン仙台新港店,ネオアイムジャグラーEX,736,0,8923,100.0,https://min-repo.com/3357034/?kishu=all
2026-09-17,マルハン仙台新港店,ネオアイムジャグラーEX,735,0,8790,100.0,https://min-repo.com/3357034/?kishu=all
2026-09-17,マルハン仙台新港店,ネオアイムジャグラーEX,734,0,834,100.0,https://min-repo.com/3357034/?kishu=all
2026-09-17,マルハン仙台新港店,ネオアイムジャグラーEX,733,0,2480,100.0,https://min-repo.com/3357034/?kishu=all
2026-09-17,マルハン仙台新港店,ネオアイムジャグラーEX,704,0,4170,100.0,https://min-repo.com/3357034/?kishu=all
2026-09-17,マルハン仙台新港店,ネオアイムジャグラーEX,703,0,3898,100.0,https://min-repo.com/3357034/?kishu=all
2026-09-17,マルハン仙台新港店,ネオアイムジャグラーEX,702,0,2908,100.0,https://min-repo.com/3357034/?kishu=all
2026-09-17,マルハン仙台新港店,ネオアイムジャグラーEX,701,0,3967,100.0,https://min-repo.com/3357034/?kishu=all
2026-09-17,マルハン仙台新港店,ネオアイムジャグラーEX,700,0,4948,100.0,https://min-repo.com/3357034/?kishu=all
2026-09-17,マルハン仙台新港店,ネオアイムジャグラーEX,699,0,1599,100.0,https://min-repo.com/3357034/?kishu=all
2026-09-17,マルハン仙台新港店,ネオアイムジャグラーEX,698,0,2871,100.0,https://min-repo.com/3357034/?kishu=all
2026-09-17,マルハン仙台新港店,ネオアイムジャグラーEX,697,0,2267,100.0,https://min-repo.com/3357034/?kishu=all
2026-09-17,マルハン仙台新港店,ネオアイムジャグラーEX,696,0,3613,100.0,https://min-repo.com/3357034/?kishu=all
2026-09-17,マルハン仙台新港店,ネオアイムジャグラーEX,695,0,3019,100.0,https://min-repo.com/3357034/?kishu=all
2026-09-17,マルハン仙台新港店,ネオアイムジャグラーEX,694,0,2277,100.0,https://min-repo.com/3357034/?kishu=all
2026-09-17,マルハン仙台新港店,ネオアイムジャグラーEX,693,0,3236,100.0,https://min-repo.com/3357034/?kishu=all
2026-09-17,マルハン仙台新港店,ネオアイムジャグラーEX,692,0,2053,100.0,https://min-repo.com/3357034/?kishu=all
2026-09-17,マルハン仙台新港店,ネオアイムジャグラーEX,691,0,4854,100.0,https://min-repo.com/3357034/?kishu=all
2026-09-17,マルハン仙台新港店,ドラゴンハナハナ～閃光～‐30,782,0,7093,100.0,https://min-repo.com/3357034/?kishu=all
2026-09-17,マルハン仙台新港店,ドラゴンハナハナ～閃光～‐30,781,0,1380,100.0,https://min-repo.com/3357034/?kishu=all
2026-09-17,マルハン仙台新港店,ドラゴンハナハナ～閃光～‐30,780,0,7507,100.0,https://min-repo.com/3357034/?kishu=all
2026-09-17,マルハン仙台新港店,ドラゴンハナハナ～閃光～‐30,779,0,9854,100.0,https://min-repo.com/3357034/?kishu=all
2026-09-17,マルハン仙台新港店,ドラゴンハナハナ～閃光～‐30,778,0,8084,100.0,https://min-repo.com/3357034/?kishu=all
2026-09-17,マルハン仙台新港店,ドラゴンハナハナ～閃光～‐30,777,0,3299,100.0,https://min-repo.com/3357034/?kishu=all
2026-09-17,マルハン仙台新港店,ドラゴンハナハナ～閃光～‐30,776,0,1641,100.0,https://min-repo.com/3357034/?kishu=all
2026-09-17,マルハン仙台新港店,ドラゴンハナハナ～閃光～‐30,775,0,4716,100.0,https://min-repo.com/3357034/?kishu=all
2026-09-17,マルハン仙台新港店,スロット ワールドダイスター,407,0,5973,100.0,https://min-repo.com/3357034/?kishu=all
2026-09-17,マルハン仙台新港店,スロット ワールドダイスター,406,0,4651,100.0,https://min-repo.com/3357034/?kishu=all
2026-09-17,マルハン仙台新港店,スロット ソードアート・オンラインⅡ,584,0,3084,100.0,https://min-repo.com/3357034/?kishu=all
2026-09-17,マルハン仙台新港店,スロット ソードアート・オンラインⅡ,583,0,4753,100.0,https://min-repo.com/3357034/?kishu=all
2026-09-17,マルハン仙台新港店,スロット ソードアート・オンラインⅡ,582,0,2100,100.0,https://min-repo.com/3357034/?kishu=all
2026-09-17,マルハン仙台新港店,スロット ソードアート・オンラインⅡ,581,0,2439,100.0,https://min-repo.com/3357034/?kishu=all
2026-09-17,マルハン仙台新港店,スロット ソードアート・オンラインⅡ,580,0,7911,100.0,https://min-repo.com/3357034/?kishu=all
2026-09-17,マルハン仙台新港店,スロット ソードアート・オンラインⅡ,579,0,5972,100.0,https://min-repo.com/3357034/?kishu=all
2026-09-17,マルハン仙台新港店,スマスロ鉄拳6,597,0,2705,100.0,https://min-repo.com/3357034/?kishu=all
2026-09-17,マルハン仙台新港店,スマスロ新鬼武者3,601,0,153,100.0,https://min-repo.com/3357034/?kishu=all
2026-09-17,マルハン仙台新港店,スマスロ新鬼武者3,600,0,626,100.0,https://min-repo.com/3357034/?kishu=all
2026-09-17,マルハン仙台新港店,スマスロ新鬼武者3,599,0,1900,100.0,https://min-repo.com/3357034/?kishu=all
2026-09-17,マルハン仙台新港店,スマスロ北斗の拳 転生の章2,520,0,1156,100.0,https://min-repo.com/3357034/?kishu=all
2026-09-17,マルハン仙台新港店,スマスロ北斗の拳 転生の章2,519,0,887,100.0,https://min-repo.com/3357034/?kishu=all
2026-09-17,マルハン仙台新港店,スマスロ北斗の拳 転生の章2,518,0,455,100.0,https://min-repo.com/3357034/?kishu=all
2026-09-17,マルハン仙台新港店,スマスロ北斗の拳 転生の章2,517,0,2058,100.0,https://min-repo.com/3357034/?kishu=all
2026-09-17,マルハン仙台新港店,スマスロ北斗の拳 転生の章2,516,0,1770,100.0,https://min-repo.com/3357034/?kishu=all
2026-09-17,マルハン仙台新港店,スマスロ北斗の拳 転生の章2,515,0,253,100.0,https://min-repo.com/3357034/?kishu=all
2026-09-17,マルハン仙台新港店,スマスロ北斗の拳 転生の章2,514,0,125,100.0,https://min-repo.com/3357034/?kishu=all
2026-09-17,マルハン仙台新港店,スマスロ北斗の拳 転生の章2,513,0,184,100.0,https://min-repo.com/3357034/?kishu=all
2026-09-17,マルハン仙台新港店,スマスロ北斗の拳 転生の章2,512,0,3238,100.0,https://min-repo.com/3357034/?kishu=all
2026-09-17,マルハン仙台新港店,スマスロ北斗の拳 転生の章2,511,0,735,100.0,https://min-repo.com/3357034/?kishu=all
2026-09-17,マルハン仙台新港店,スマスロ北斗の拳 転生の章2,510,0,1533,100.0,https://min-repo.com/3357034/?kishu=all
2026-09-17,マルハン仙台新港店,スマスロ北斗の拳 転生の章2,509,0,1967,100.0,https://min-repo.com/3357034/?kishu=all
2026-09-17,マルハン仙台新港店,スマスロ北斗の拳 転生の章2,508,0,85,,https://min-repo.com/3357034/?kishu=all
2026-09-17,マルハン仙台新港店,スマスロ化物語,596,0,681,100.0,https://min-repo.com/3357034/?kishu=all
2026-09-17,マルハン仙台新港店,スマスロ化物語,595,0,0,,https://min-repo.com/3357034/?kishu=all
2026-09-17,マルハン仙台新港店,スマスロ化物語,594,0,0,,https://min-repo.com/3357034/?kishu=all
2026-09-17,マルハン仙台新港店,スマスロ化物語,593,0,0,,https://min-repo.com/3357034/?kishu=all
2026-09-17,マルハン仙台新港店,スマスロモンキーターンV,495,0,1687,100.0,https://min-repo.com/3357034/?kishu=all
2026-09-17,マルハン仙台新港店,スマスロモンキーターンV,494,0,410,100.0,https://min-repo.com/3357034/?kishu=all
2026-09-17,マルハン仙台新港店,スマスロモンキーターンV,493,0,1334,100.0,https://min-repo.com/3357034/?kishu=all
2026-09-17,マルハン仙台新港店,スマスロモンキーターンV,492,0,414,100.0,https://min-repo.com/3357034/?kishu=all
2026-09-17,マルハン仙台新港店,スマスロモンキーターンV,491,0,4542,100.0,https://min-repo.com/3357034/?kishu=all
2026-09-17,マルハン仙台新港店,スマスロモンキーターンV,490,0,203,100.0,https://min-repo.com/3357034/?kishu=all
2026-09-17,マルハン仙台新港店,スマスロモンキーターンV,489,0,1300,100.0,https://min-repo.com/3357034/?kishu=all
2026-09-17,マルハン仙台新港店,スマスロモンキーターンV,488,0,2677,100.0,https://min-repo.com/3357034/?kishu=all
2026-09-17,マルハン仙台新港店,スマスロモンキーターンV,487,0,641,100.0,https://min-repo.com/3357034/?kishu=all
2026-09-17,マルハン仙台新港店,スマスロモンキーターンV,486,0,1923,100.0,https://min-repo.com/3357034/?kishu=all
2026-09-17,マルハン仙台新港店,スマスロモンキーターンV,485,0,478,100.0,https://min-repo.com/3357034/?kishu=all
2026-09-17,マルハン仙台新港店,スマスロモンキーターンV,484,0,1227,100.0,https://min-repo.com/3357034/?kishu=all
2026-09-17,マルハン仙台新港店,スマスロモンキーターンV,483,0,1305,100.0,https://min-repo.com/3357034/?kishu=all
2026-09-17,マルハン仙台新港店,スマスロモンキーターンV,482,0,2719,100.0,https://min-repo.com/3357034/?kishu=all
2026-09-17,マルハン仙台新港店,スマスロモンキーターンV,481,0,1984,100.0,https://min-repo.com/3357034/?kishu=all
2026-09-17,マルハン仙台新港店,スマスロ 甲鉄城のカバネリ 海門決戦,558,0,5978,100.0,https://min-repo.com/3357034/?kishu=all
2026-09-17,マルハン仙台新港店,スマスロ 甲鉄城のカバネリ 海門決戦,557,0,5543,100.0,https://min-repo.com/3357034/?kishu=all
2026-09-17,マルハン仙台新港店,スマスロ 甲鉄城のカバネリ 海門決戦,556,0,3043,100.0,https://min-repo.com/3357034/?kishu=all
2026-09-17,マルハン仙台新港店,スマスロ 甲鉄城のカバネリ 海門決戦,555,0,5824,100.0,https://min-repo.com/3357034/?kishu=all
2026-09-17,マルハン仙台新港店,スマスロ 甲鉄城のカバネリ 海門決戦,554,0,4127,100.0,https://min-repo.com/3357034/?kishu=all
2026-09-17,マルハン仙台新港店,スマスロ 甲鉄城のカバネリ 海門決戦,553,0,3846,100.0,https://min-repo.com/3357034/?kishu=all
2026-09-17,マルハン仙台新港店,スマスロ 甲鉄城のカバネリ 海門決戦,552,0,6219,100.0,https://min-repo.com/3357034/?kishu=all
2026-09-17,マルハン仙台新港店,スマスロ 甲鉄城のカバネリ 海門決戦,551,0,3016,100.0,https://min-repo.com/3357034/?kishu=all
2026-09-17,マルハン仙台新港店,スマスロ 甲鉄城のカバネリ 海門決戦,550,0,5068,100.0,https://min-repo.com/3357034/?kishu=all
2026-09-17,マルハン仙台新港店,スマスロ 甲鉄城のカバネリ 海門決戦,549,0,3087,100.0,https://min-repo.com/3357034/?kishu=all
2026-09-17,マルハン仙台新港店,スマスロ 甲鉄城のカバネリ 海門決戦,548,0,6110,100.0,https://min-repo.com/3357034/?kishu=all
2026-09-17,マルハン仙台新港店,スマスロ 甲鉄城のカバネリ 海門決戦,547,0,5187,100.0,https://min-repo.com/3357034/?kishu=all
2026-09-17,マルハン仙台新港店,スマスロ 甲鉄城のカバネリ 海門決戦,546,0,6036,100.0,https://min-repo.com/3357034/?kishu=all
2026-09-17,マルハン仙台新港店,スマスロ 甲鉄城のカバネリ 海門決戦,545,0,7162,100.0,https://min-repo.com/3357034/?kishu=all
2026-09-17,マルハン仙台新港店,スマスロ 甲鉄城のカバネリ 海門決戦,544,0,6127,100.0,https://min-repo.com/3357034/?kishu=all
2026-09-17,マルハン仙台新港店,スマスロ 甲鉄城のカバネリ 海門決戦,543,0,5596,100.0,https://min-repo.com/3357034/?kishu=all
2026-09-17,マルハン仙台新港店,スマスロ 甲鉄城のカバネリ 海門決戦,542,0,6988,100.0,https://min-repo.com/3357034/?kishu=all
2026-09-17,マルハン仙台新港店,スマスロ 甲鉄城のカバネリ 海門決戦,541,0,6301,100.0,https://min-repo.com/3357034/?kishu=all
2026-09-17,マルハン仙台新港店,スマスロ 沖ドキ!DUO アンコール,774,0,21,,https://min-repo.com/3357034/?kishu=all
2026-09-17,マルハン仙台新港店,スマスロ 沖ドキ!DUO アンコール,773,0,18,,https://min-repo.com/3357034/?kishu=all
2026-09-17,マルハン仙台新港店,スマスロ 沖ドキ!DUO アンコール,772,0,342,100.0,https://min-repo.com/3357034/?kishu=all
2026-09-17,マルハン仙台新港店,スマスロ 沖ドキ!DUO アンコール,771,0,18,,https://min-repo.com/3357034/?kishu=all
2026-09-17,マルハン仙台新港店,スマスロ 沖ドキ!DUO アンコール,770,0,1857,100.0,https://min-repo.com/3357034/?kishu=all
2026-09-17,マルハン仙台新港店,スマスロ 沖ドキ!DUO アンコール,769,0,30,,https://min-repo.com/3357034/?kishu=all
2026-09-17,マルハン仙台新港店,スマスロ 沖ドキ!DUO アンコール,768,0,20,,https://min-repo.com/3357034/?kishu=all
2026-09-17,マルハン仙台新港店,スマスロ 沖ドキ!DUO アンコール,767,0,2374,100.0,https://min-repo.com/3357034/?kishu=all
2026-09-17,マルハン仙台新港店,スマスロ 沖ドキ!DUO アンコール,766,0,0,,https://min-repo.com/3357034/?kishu=all
2026-09-17,マルハン仙台新港店,スマスロ 沖ドキ!DUO アンコール,765,0,1542,100.0,https://min-repo.com/3357034/?kishu=all
2026-09-17,マルハン仙台新港店,スマスロ 沖ドキ!DUO アンコール,764,0,18,,https://min-repo.com/3357034/?kishu=all
2026-09-17,マルハン仙台新港店,スマスロ 沖ドキ!DUO アンコール,763,0,20,,https://min-repo.com/3357034/?kishu=all
2026-09-17,マルハン仙台新港店,スマスロ 沖ドキ!DUO アンコール,762,0,39,,https://min-repo.com/3357034/?kishu=all
2026-09-17,マルハン仙台新港店,スマスロ 沖ドキ!DUO アンコール,761,0,18,,https://min-repo.com/3357034/?kishu=all
2026-09-17,マルハン仙台新港店,スマスロ 東京リベンジャーズ,566,0,2579,100.0,https://min-repo.com/3357034/?kishu=all
2026-09-17,マルハン仙台新港店,スマスロ 東京リベンジャーズ,565,0,1678,100.0,https://min-repo.com/3357034/?kishu=all
2026-09-17,マルハン仙台新港店,スマスロ 東京リベンジャーズ,564,0,828,100.0,https://min-repo.com/3357034/?kishu=all
2026-09-17,マルハン仙台新港店,スマスロ 攻殻機動隊,560,0,2020,100.0,https://min-repo.com/3357034/?kishu=all
2026-09-17,マルハン仙台新港店,スマスロ 攻殻機動隊,559,0,396,100.0,https://min-repo.com/3357034/?kishu=all
2026-09-17,マルハン仙台新港店,スマスロ リコリス・リコイル,465,0,2048,100.0,https://min-repo.com/3357034/?kishu=all
2026-09-17,マルハン仙台新港店,スマスロ リコリス・リコイル,464,0,7989,100.0,https://min-repo.com/3357034/?kishu=all
2026-09-17,マルハン仙台新港店,スマスロ リコリス・リコイル,463,0,5935,100.0,https://min-repo.com/3357034/?kishu=all
2026-09-17,マルハン仙台新港店,スマスロ リコリス・リコイル,462,0,3628,100.0,https://min-repo.com/3357034/?kishu=all
2026-09-17,マルハン仙台新港店,スマスロ リコリス・リコイル,461,0,9355,100.0,https://min-repo.com/3357034/?kishu=all
2026-09-17,マルハン仙台新港店,スマスロ リコリス・リコイル,420,0,8732,100.0,https://min-repo.com/3357034/?kishu=all
2026-09-17,マルハン仙台新港店,スマスロ リコリス・リコイル,419,0,5132,100.0,https://min-repo.com/3357034/?kishu=all
2026-09-17,マルハン仙台新港店,スマスロ リコリス・リコイル,418,0,4085,100.0,https://min-repo.com/3357034/?kishu=all
2026-09-17,マルハン仙台新港店,スマスロ リコリス・リコイル,417,0,5683,100.0,https://min-repo.com/3357034/?kishu=all
2026-09-17,マルハン仙台新港店,スマスロ リコリス・リコイル,416,0,4587,100.0,https://min-repo.com/3357034/?kishu=all
2026-09-17,マルハン仙台新港店,スマスロ モンスターハンターライズ,410,0,912,100.0,https://min-repo.com/3357034/?kishu=all
2026-09-17,マルハン仙台新港店,スマスロ モンスターハンターライズ,409,0,3376,100.0,https://min-repo.com/3357034/?kishu=all
2026-09-17,マルハン仙台新港店,スマスロ モンスターハンターライズ,408,0,1059,100.0,https://min-repo.com/3357034/?kishu=all
2026-09-17,マルハン仙台新港店,スマスロ ミリオンゴッド-神々の軌跡-,578,0,2931,100.0,https://min-repo.com/3357034/?kishu=all
2026-09-17,マルハン仙台新港店,スマスロ ミリオンゴッド-神々の軌跡-,577,0,3747,100.0,https://min-repo.com/3357034/?kishu=all
2026-09-17,マルハン仙台新港店,スマスロ ミリオンゴッド-神々の軌跡-,576,0,1926,100.0,https://min-repo.com/3357034/?kishu=all
2026-09-17,マルハン仙台新港店,スマスロ ミリオンゴッド-神々の軌跡-,575,0,876,100.0,https://min-repo.com/3357034/?kishu=all
2026-09-17,マルハン仙台新港店,スマスロ ミリオンゴッド-神々の軌跡-,574,0,1597,100.0,https://min-repo.com/3357034/?kishu=all
2026-09-17,マルハン仙台新港店,スマスロ ミリオンゴッド-神々の軌跡-,573,0,5429,100.0,https://min-repo.com/3357034/?kishu=all
2026-09-17,マルハン仙台新港店,スマスロ ミリオンゴッド-神々の軌跡-,572,0,2679,100.0,https://min-repo.com/3357034/?kishu=all
2026-09-17,マルハン仙台新港店,スマスロ ミリオンゴッド-神々の軌跡-,571,0,4481,100.0,https://min-repo.com/3357034/?kishu=all
2026-09-17,マルハン仙台新港店,スマスロ ミリオンゴッド-神々の軌跡-,570,0,2536,100.0,https://min-repo.com/3357034/?kishu=all
2026-09-17,マルハン仙台新港店,スマスロ ミリオンゴッド-神々の軌跡-,569,0,2695,100.0,https://min-repo.com/3357034/?kishu=all
2026-09-17,マルハン仙台新港店,スマスロ ミリオンゴッド-神々の軌跡-,568,0,2203,100.0,https://min-repo.com/3357034/?kishu=all
2026-09-17,マルハン仙台新港店,スマスロ ミリオンゴッド-神々の軌跡-,567,0,3743,100.0,https://min-repo.com/3357034/?kishu=all
2026-09-17,マルハン仙台新港店,スマスロ マギアレコード 魔法少女まどか☆マギカ外伝,474,0,0,,https://min-repo.com/3357034/?kishu=all
2026-09-17,マルハン仙台新港店,スマスロ マギアレコード 魔法少女まどか☆マギカ外伝,473,0,0,,https://min-repo.com/3357034/?kishu=all
2026-09-17,マルハン仙台新港店,スマスロ マギアレコード 魔法少女まどか☆マギカ外伝,472,0,0,,https://min-repo.com/3357034/?kishu=all
2026-09-17,マルハン仙台新港店,スマスロ マギアレコード 魔法少女まどか☆マギカ外伝,471,0,2572,100.0,https://min-repo.com/3357034/?kishu=all
2026-09-17,マルハン仙台新港店,スマスロ マギアレコード 魔法少女まどか☆マギカ外伝,470,0,0,,https://min-repo.com/3357034/?kishu=all
2026-09-17,マルハン仙台新港店,スマスロ バイオハザードRE:3,530,0,556,100.0,https://min-repo.com/3357034/?kishu=all
2026-09-17,マルハン仙台新港店,スマスロ バイオハザードRE:3,529,0,36,,https://min-repo.com/3357034/?kishu=all
2026-09-17,マルハン仙台新港店,スマスロ バイオハザードRE:3,528,0,19,,https://min-repo.com/3357034/?kishu=all
2026-09-17,マルハン仙台新港店,スマスロ バイオハザードRE:3,527,0,1981,100.0,https://min-repo.com/3357034/?kishu=all
2026-09-17,マルハン仙台新港店,スマスロ バイオハザードRE:3,526,0,0,,https://min-repo.com/3357034/?kishu=all
2026-09-17,マルハン仙台新港店,スマスロ ハナビ,792,0,3772,100.0,https://min-repo.com/3357034/?kishu=all
2026-09-17,マルハン仙台新港店,スマスロ ハナビ,791,0,2058,100.0,https://min-repo.com/3357034/?kishu=all
2026-09-17,マルハン仙台新港店,スマスロ タコスロ,790,0,6848,100.0,https://min-repo.com/3357034/?kishu=all
2026-09-17,マルハン仙台新港店,スマスロ タコスロ,789,0,3045,100.0,https://min-repo.com/3357034/?kishu=all
2026-09-17,マルハン仙台新港店,スマスロ スーパーリオエース2,563,0,0,,https://min-repo.com/3357034/?kishu=all
2026-09-17,マルハン仙台新港店,スマスロ スーパーリオエース2,562,0,0,,https://min-repo.com/3357034/?kishu=all
2026-09-17,マルハン仙台新港店,スマスロ スーパーリオエース2,561,0,0,,https://min-repo.com/3357034/?kishu=all
2026-09-17,マルハン仙台新港店,スマスロ ストリートファイター6,504,0,2968,100.0,https://min-repo.com/3357034/?kishu=all
2026-09-17,マルハン仙台新港店,スマスロ ストリートファイター6,503,0,0,,https://min-repo.com/3357034/?kishu=all
2026-09-17,マルハン仙台新港店,スマスロ ストリートファイター6,502,0,0,,https://min-repo.com/3357034/?kishu=all
2026-09-17,マルハン仙台新港店,スマスロ ストリートファイター6,501,0,0,,https://min-repo.com/3357034/?kishu=all
2026-09-17,マルハン仙台新港店,スマスロ やじきた道中記参る！,507,0,570,100.0,https://min-repo.com/3357034/?kishu=all
2026-09-17,マルハン仙台新港店,スマスロ やじきた道中記参る！,506,0,651,100.0,https://min-repo.com/3357034/?kishu=all
2026-09-17,マルハン仙台新港店,スマスロ やじきた道中記参る！,505,0,62,,https://min-repo.com/3357034/?kishu=all
2026-09-17,マルハン仙台新港店,スマスロ とある魔術の禁書目録2,540,0,534,100.0,https://min-repo.com/3357034/?kishu=all
2026-09-17,マルハン仙台新港店,スマスロ とある魔術の禁書目録2,539,0,1584,100.0,https://min-repo.com/3357034/?kishu=all
2026-09-17,マルハン仙台新港店,スマスロ とある魔術の禁書目録2,538,0,312,100.0,https://min-repo.com/3357034/?kishu=all
2026-09-17,マルハン仙台新港店,スマスロ とある魔術の禁書目録2,537,0,3202,100.0,https://min-repo.com/3357034/?kishu=all
2026-09-17,マルハン仙台新港店,ジャグラーガールズSS,754,0,2342,100.0,https://min-repo.com/3357034/?kishu=all
2026-09-17,マルハン仙台新港店,ジャグラーガールズSS,753,0,1169,100.0,https://min-repo.com/3357034/?kishu=all
2026-09-17,マルハン仙台新港店,ジャグラーガールズSS,752,0,323,100.0,https://min-repo.com/3357034/?kishu=all
2026-09-17,マルハン仙台新港店,ジャグラーガールズSS,751,0,6921,100.0,https://min-repo.com/3357034/?kishu=all
2026-09-17,マルハン仙台新港店,ジャグラーガールズSS,750,0,2087,100.0,https://min-repo.com/3357034/?kishu=all
2026-09-17,マルハン仙台新港店,ゴーゴージャグラー３,690,0,4813,100.0,https://min-repo.com/3357034/?kishu=all
2026-09-17,マルハン仙台新港店,ゴーゴージャグラー３,689,0,8374,100.0,https://min-repo.com/3357034/?kishu=all
2026-09-17,マルハン仙台新港店,ゴーゴージャグラー３,688,0,6089,100.0,https://min-repo.com/3357034/?kishu=all
2026-09-17,マルハン仙台新港店,ゴーゴージャグラー３,687,0,7642,100.0,https://min-repo.com/3357034/?kishu=all
2026-09-17,マルハン仙台新港店,ゴーゴージャグラー３,686,0,4324,100.0,https://min-repo.com/3357034/?kishu=all
2026-09-17,マルハン仙台新港店,ゴーゴージャグラー３,685,0,6881,100.0,https://min-repo.com/3357034/?kishu=all
2026-09-17,マルハン仙台新港店,ゴーゴージャグラー３,684,0,4818,100.0,https://min-repo.com/3357034/?kishu=all
2026-09-17,マルハン仙台新港店,ゴーゴージャグラー３,683,0,2675,100.0,https://min-repo.com/3357034/?kishu=all
2026-09-17,マルハン仙台新港店,ゴーゴージャグラー３,682,0,8744,100.0,https://min-repo.com/3357034/?kishu=all
2026-09-17,マルハン仙台新港店,ゴーゴージャグラー３,681,0,850,100.0,https://min-repo.com/3357034/?kishu=all
2026-09-17,マルハン仙台新港店,ゴーゴージャグラー３,680,0,7462,100.0,https://min-repo.com/3357034/?kishu=all
2026-09-17,マルハン仙台新港店,ゴーゴージャグラー３,679,0,3173,100.0,https://min-repo.com/3357034/?kishu=all
2026-09-17,マルハン仙台新港店,ゴーゴージャグラー３,678,0,3546,100.0,https://min-repo.com/3357034/?kishu=all
2026-09-17,マルハン仙台新港店,ゴーゴージャグラー３,677,0,3735,100.0,https://min-repo.com/3357034/?kishu=all
2026-09-17,マルハン仙台新港店,ゴーゴージャグラー３,654,0,8090,100.0,https://min-repo.com/3357034/?kishu=all
2026-09-17,マルハン仙台新港店,ゴーゴージャグラー３,653,0,5591,100.0,https://min-repo.com/3357034/?kishu=all
2026-09-17,マルハン仙台新港店,ゴーゴージャグラー３,652,0,684,100.0,https://min-repo.com/3357034/?kishu=all
2026-09-17,マルハン仙台新港店,ゴーゴージャグラー３,651,0,1215,100.0,https://min-repo.com/3357034/?kishu=all
2026-09-17,マルハン仙台新港店,ゴーゴージャグラー３,650,0,3933,100.0,https://min-repo.com/3357034/?kishu=all
2026-09-17,マルハン仙台新港店,ゴーゴージャグラー３,649,0,2353,100.0,https://min-repo.com/3357034/?kishu=all
2026-09-17,マルハン仙台新港店,ゴーゴージャグラー３,648,0,3141,100.0,https://min-repo.com/3357034/?kishu=all
2026-09-17,マルハン仙台新港店,ゴーゴージャグラー３,647,0,4404,100.0,https://min-repo.com/3357034/?kishu=all
2026-09-17,マルハン仙台新港店,クレアの秘宝伝～はじまりの扉と太陽の石～ボーナストリガーver.,786,0,1315,100.0,https://min-repo.com/3357034/?kishu=all
2026-09-17,マルハン仙台新港店,ウルトラミラクルジャグラー,760,0,3510,100.0,https://min-repo.com/3357034/?kishu=all
2026-09-17,マルハン仙台新港店,ウルトラミラクルジャグラー,759,0,1270,100.0,https://min-repo.com/3357034/?kishu=all
2026-09-17,マルハン仙台新港店,ウルトラミラクルジャグラー,758,0,1816,100.0,https://min-repo.com/3357034/?kishu=all
2026-09-17,マルハン仙台新港店,アレックス ブライト,788,0,567,100.0,https://min-repo.com/3357034/?kishu=all
2026-09-17,マルハン仙台新港店,アレックス ブライト,787,0,2543,100.0,https://min-repo.com/3357034/?kishu=all
2026-09-17,マルハン仙台新港店,アニマルスロット ドッチ,598,0,635,100.0,https://min-repo.com/3357034/?kishu=all
2026-09-17,マルハン仙台新港店,いざ！番長,628,0,1160,100.0,https://min-repo.com/3357034/?kishu=all
2026-09-17,マルハン仙台新港店,いざ！番長,627,0,730,100.0,https://min-repo.com/3357034/?kishu=all
2026-09-17,マルハン仙台新港店,L青春ブタ野郎はバニーガール先輩の夢を見ない,469,0,5702,100.0,https://min-repo.com/3357034/?kishu=all
2026-09-17,マルハン仙台新港店,L青春ブタ野郎はバニーガール先輩の夢を見ない,468,0,2501,100.0,https://min-repo.com/3357034/?kishu=all
2026-09-17,マルハン仙台新港店,L青春ブタ野郎はバニーガール先輩の夢を見ない,467,0,3667,100.0,https://min-repo.com/3357034/?kishu=all
2026-09-17,マルハン仙台新港店,L青春ブタ野郎はバニーガール先輩の夢を見ない,466,0,2322,100.0,https://min-repo.com/3357034/?kishu=all
2026-09-17,マルハン仙台新港店,L邪神ちゃんドロップキック,532,0,567,100.0,https://min-repo.com/3357034/?kishu=all
2026-09-17,マルハン仙台新港店,L邪神ちゃんドロップキック,531,0,713,100.0,https://min-repo.com/3357034/?kishu=all
2026-09-17,マルハン仙台新港店,L虚構推理,476,0,0,,https://min-repo.com/3357034/?kishu=all
2026-09-17,マルハン仙台新港店,L東京喰種,626,0,6935,100.0,https://min-repo.com/3357034/?kishu=all
2026-09-17,マルハン仙台新港店,L東京喰種,625,0,7263,100.0,https://min-repo.com/3357034/?kishu=all
2026-09-17,マルハン仙台新港店,L東京喰種,624,0,5094,100.0,https://min-repo.com/3357034/?kishu=all
2026-09-17,マルハン仙台新港店,L東京喰種,623,0,6773,100.0,https://min-repo.com/3357034/?kishu=all
2026-09-17,マルハン仙台新港店,L東京喰種,622,0,3265,100.0,https://min-repo.com/3357034/?kishu=all
2026-09-17,マルハン仙台新港店,L東京喰種,621,0,6512,100.0,https://min-repo.com/3357034/?kishu=all
2026-09-17,マルハン仙台新港店,L東京喰種,620,0,5906,100.0,https://min-repo.com/3357034/?kishu=all
2026-09-17,マルハン仙台新港店,L東京喰種,619,0,6640,100.0,https://min-repo.com/3357034/?kishu=all
2026-09-17,マルハン仙台新港店,L東京喰種,618,0,4736,100.0,https://min-repo.com/3357034/?kishu=all
2026-09-17,マルハン仙台新港店,L東京喰種,617,0,4205,100.0,https://min-repo.com/3357034/?kishu=all
2026-09-17,マルハン仙台新港店,L東京喰種,616,0,6279,100.0,https://min-repo.com/3357034/?kishu=all
2026-09-17,マルハン仙台新港店,L東京喰種,615,0,3590,100.0,https://min-repo.com/3357034/?kishu=all
2026-09-17,マルハン仙台新港店,L東京喰種,614,0,6151,100.0,https://min-repo.com/3357034/?kishu=all
2026-09-17,マルハン仙台新港店,L東京喰種,613,0,6189,100.0,https://min-repo.com/3357034/?kishu=all
2026-09-17,マルハン仙台新港店,L戦国乙女5 業火を穿つ宿焔の双刃,500,0,4174,100.0,https://min-repo.com/3357034/?kishu=all
2026-09-17,マルハン仙台新港店,L戦国乙女5 業火を穿つ宿焔の双刃,499,0,3798,100.0,https://min-repo.com/3357034/?kishu=all
2026-09-17,マルハン仙台新港店,L戦国乙女5 業火を穿つ宿焔の双刃,498,0,2951,100.0,https://min-repo.com/3357034/?kishu=all
2026-09-17,マルハン仙台新港店,L戦国乙女5 業火を穿つ宿焔の双刃,497,0,3668,100.0,https://min-repo.com/3357034/?kishu=all
2026-09-17,マルハン仙台新港店,L戦国乙女5 業火を穿つ宿焔の双刃,496,0,4867,100.0,https://min-repo.com/3357034/?kishu=all
2026-09-17,マルハン仙台新港店,L南国育ち SPECIAL,784,0,680,100.0,https://min-repo.com/3357034/?kishu=all
2026-09-17,マルハン仙台新港店,L不二子BT,411,0,744,100.0,https://min-repo.com/3357034/?kishu=all
2026-09-17,マルハン仙台新港店,Lパチスロ革命機ヴァルヴレイヴ2,589,0,2186,100.0,https://min-repo.com/3357034/?kishu=all
2026-09-17,マルハン仙台新港店,Lパチスロ革命機ヴァルヴレイヴ2,588,0,2410,100.0,https://min-repo.com/3357034/?kishu=all
2026-09-17,マルハン仙台新港店,Lパチスロ革命機ヴァルヴレイヴ2,587,0,2058,100.0,https://min-repo.com/3357034/?kishu=all
2026-09-17,マルハン仙台新港店,Lパチスロ革命機ヴァルヴレイヴ2,586,0,4485,100.0,https://min-repo.com/3357034/?kishu=all
2026-09-17,マルハン仙台新港店,Lパチスロ革命機ヴァルヴレイヴ2,585,0,2031,100.0,https://min-repo.com/3357034/?kishu=all
2026-09-17,マルハン仙台新港店,Lパチスロ炎炎ノ消防隊2,606,0,556,100.0,https://min-repo.com/3357034/?kishu=all
2026-09-17,マルハン仙台新港店,Lパチスロ炎炎ノ消防隊2,605,0,2092,100.0,https://min-repo.com/3357034/?kishu=all
2026-09-17,マルハン仙台新港店,Lパチスロ炎炎ノ消防隊2,604,0,330,100.0,https://min-repo.com/3357034/?kishu=all
2026-09-17,マルハン仙台新港店,Lパチスロ炎炎ノ消防隊2,603,0,1620,100.0,https://min-repo.com/3357034/?kishu=all
2026-09-17,マルハン仙台新港店,Lパチスロ炎炎ノ消防隊2,602,0,1085,100.0,https://min-repo.com/3357034/?kishu=all
2026-09-17,マルハン仙台新港店,Lパチスロ彼女、お借りします,415,0,3312,100.0,https://min-repo.com/3357034/?kishu=all
2026-09-17,マルハン仙台新港店,Lパチスロ彼女、お借りします,414,0,4554,100.0,https://min-repo.com/3357034/?kishu=all
2026-09-17,マルハン仙台新港店,Lパチスロからくりサーカス2,612,0,1256,100.0,https://min-repo.com/3357034/?kishu=all
2026-09-17,マルハン仙台新港店,Lパチスロからくりサーカス2,611,0,0,,https://min-repo.com/3357034/?kishu=all
2026-09-17,マルハン仙台新港店,Lパチスロからくりサーカス2,610,0,1870,100.0,https://min-repo.com/3357034/?kishu=all
2026-09-17,マルハン仙台新港店,Lパチスロからくりサーカス2,609,0,1843,100.0,https://min-repo.com/3357034/?kishu=all
2026-09-17,マルハン仙台新港店,Lパチスロからくりサーカス2,608,0,1594,100.0,https://min-repo.com/3357034/?kishu=all
2026-09-17,マルハン仙台新港店,Lパチスロからくりサーカス2,607,0,2579,100.0,https://min-repo.com/3357034/?kishu=all
2026-09-17,マルハン仙台新港店,Lパチスロからくりサーカス,479,0,893,100.0,https://min-repo.com/3357034/?kishu=all
2026-09-17,マルハン仙台新港店,Lパチスロ かぐや様は告らせたい,480,0,1465,100.0,https://min-repo.com/3357034/?kishu=all
2026-09-17,マルハン仙台新港店,Lタクトオーパス デスティニー,475,0,241,100.0,https://min-repo.com/3357034/?kishu=all
2026-09-17,マルハン仙台新港店,Lスマスロ北斗の拳,525,0,1159,100.0,https://min-repo.com/3357034/?kishu=all
2026-09-17,マルハン仙台新港店,Lスマスロ北斗の拳,524,0,1126,100.0,https://min-repo.com/3357034/?kishu=all
2026-09-17,マルハン仙台新港店,Lスマスロ北斗の拳,523,0,860,100.0,https://min-repo.com/3357034/?kishu=all
2026-09-17,マルハン仙台新港店,Lスマスロ北斗の拳,522,0,1192,100.0,https://min-repo.com/3357034/?kishu=all
2026-09-17,マルハン仙台新港店,Lスマスロ北斗の拳,521,0,3286,100.0,https://min-repo.com/3357034/?kishu=all
2026-09-17,マルハン仙台新港店,L ULTRAMAN 最終決戦,478,0,269,100.0,https://min-repo.com/3357034/?kishu=all
2026-09-17,マルハン仙台新港店,L ToLOVEるダークネス TRANCE ver.8.7,477,0,1578,100.0,https://min-repo.com/3357034/?kishu=all
2026-09-17,マルハン仙台新港店,A-SLOT+異世界かるてっとBT,783,0,1265,100.0,https://min-repo.com/3357034/?kishu=all
2026-09-17,マルハン仙台卸町店,真打 吉宗,390,0,1495,100.0,https://min-repo.com/3356933/?kishu=all
2026-09-17,マルハン仙台卸町店,真打 吉宗,389,0,749,100.0,https://min-repo.com/3356933/?kishu=all
2026-09-17,マルハン仙台卸町店,沖ドキ！ＧＯＬＤ,422,0,99,,https://min-repo.com/3356933/?kishu=all
2026-09-17,マルハン仙台卸町店,沖ドキ！ＧＯＬＤ,421,0,59,,https://min-repo.com/3356933/?kishu=all
2026-09-17,マルハン仙台卸町店,沖ドキ！ＧＯＬＤ,420,0,100,,https://min-repo.com/3356933/?kishu=all
2026-09-17,マルハン仙台卸町店,沖ドキ！ＧＯＬＤ,419,0,3949,100.0,https://min-repo.com/3356933/?kishu=all
2026-09-17,マルハン仙台卸町店,沖ドキ！ＧＯＬＤ,418,0,1534,100.0,https://min-repo.com/3356933/?kishu=all
2026-09-17,マルハン仙台卸町店,沖ドキ！ＧＯＬＤ,417,0,2063,100.0,https://min-repo.com/3356933/?kishu=all
2026-09-17,マルハン仙台卸町店,沖ドキ！ＧＯＬＤ,416,0,48,,https://min-repo.com/3356933/?kishu=all
2026-09-17,マルハン仙台卸町店,沖ドキ！ＧＯＬＤ,415,0,51,,https://min-repo.com/3356933/?kishu=all
2026-09-17,マルハン仙台卸町店,沖ドキ！ＧＯＬＤ,414,0,85,,https://min-repo.com/3356933/?kishu=all
2026-09-17,マルハン仙台卸町店,沖ドキ！ＧＯＬＤ,413,0,69,,https://min-repo.com/3356933/?kishu=all
2026-09-17,マルハン仙台卸町店,戦国コレクション6,392,0,1800,100.0,https://min-repo.com/3356933/?kishu=all
2026-09-17,マルハン仙台卸町店,戦国コレクション6,391,0,575,100.0,https://min-repo.com/3356933/?kishu=all
2026-09-17,マルハン仙台卸町店,吉宗,546,0,188,100.0,https://min-repo.com/3356933/?kishu=all
2026-09-17,マルハン仙台卸町店,吉宗,545,0,1001,100.0,https://min-repo.com/3356933/?kishu=all
2026-09-17,マルハン仙台卸町店,吉宗,544,0,196,100.0,https://min-repo.com/3356933/?kishu=all
2026-09-17,マルハン仙台卸町店,ローティス,399,0,1181,100.0,https://min-repo.com/3356933/?kishu=all
2026-09-17,マルハン仙台卸町店,マイジャグラーV,482,0,6105,100.0,https://min-repo.com/3356933/?kishu=all
2026-09-17,マルハン仙台卸町店,マイジャグラーV,481,0,1483,100.0,https://min-repo.com/3356933/?kishu=all
2026-09-17,マルハン仙台卸町店,マイジャグラーV,480,0,5073,100.0,https://min-repo.com/3356933/?kishu=all
2026-09-17,マルハン仙台卸町店,マイジャグラーV,446,0,5598,100.0,https://min-repo.com/3356933/?kishu=all
2026-09-17,マルハン仙台卸町店,マイジャグラーV,445,0,1296,100.0,https://min-repo.com/3356933/?kishu=all
2026-09-17,マルハン仙台卸町店,マイジャグラーV,444,0,3860,100.0,https://min-repo.com/3356933/?kishu=all
2026-09-17,マルハン仙台卸町店,マイジャグラーV,443,0,461,100.0,https://min-repo.com/3356933/?kishu=all
2026-09-17,マルハン仙台卸町店,マイジャグラーV,442,0,5596,100.0,https://min-repo.com/3356933/?kishu=all
2026-09-17,マルハン仙台卸町店,マイジャグラーV,441,0,5992,100.0,https://min-repo.com/3356933/?kishu=all
2026-09-17,マルハン仙台卸町店,マイジャグラーV,440,0,3076,100.0,https://min-repo.com/3356933/?kishu=all
2026-09-17,マルハン仙台卸町店,マイジャグラーV,439,0,4714,100.0,https://min-repo.com/3356933/?kishu=all
2026-09-17,マルハン仙台卸町店,マイジャグラーV,438,0,642,100.0,https://min-repo.com/3356933/?kishu=all
2026-09-17,マルハン仙台卸町店,マイジャグラーV,437,0,7001,100.0,https://min-repo.com/3356933/?kishu=all
2026-09-17,マルハン仙台卸町店,マイジャグラーV,436,0,503,100.0,https://min-repo.com/3356933/?kishu=all
2026-09-17,マルハン仙台卸町店,マイジャグラーV,435,0,6373,100.0,https://min-repo.com/3356933/?kishu=all
2026-09-17,マルハン仙台卸町店,ファンキージャグラー２ＫＴ,493,0,621,100.0,https://min-repo.com/3356933/?kishu=all
2026-09-17,マルハン仙台卸町店,ファンキージャグラー２ＫＴ,492,0,599,100.0,https://min-repo.com/3356933/?kishu=all
2026-09-17,マルハン仙台卸町店,ファンキージャグラー２ＫＴ,491,0,345,100.0,https://min-repo.com/3356933/?kishu=all
2026-09-17,マルハン仙台卸町店,ファンキージャグラー２ＫＴ,490,0,257,100.0,https://min-repo.com/3356933/?kishu=all
2026-09-17,マルハン仙台卸町店,ファンキージャグラー２ＫＴ,489,0,540,100.0,https://min-repo.com/3356933/?kishu=all
2026-09-17,マルハン仙台卸町店,ファンキージャグラー２ＫＴ,488,0,3613,100.0,https://min-repo.com/3356933/?kishu=all
2026-09-17,マルハン仙台卸町店,ファンキージャグラー２ＫＴ,487,0,595,100.0,https://min-repo.com/3356933/?kishu=all
2026-09-17,マルハン仙台卸町店,ファンキージャグラー２ＫＴ,486,0,430,100.0,https://min-repo.com/3356933/?kishu=all
2026-09-17,マルハン仙台卸町店,ファンキージャグラー２ＫＴ,485,0,970,100.0,https://min-repo.com/3356933/?kishu=all
2026-09-17,マルハン仙台卸町店,ファンキージャグラー２ＫＴ,484,0,591,100.0,https://min-repo.com/3356933/?kishu=all
2026-09-17,マルハン仙台卸町店,ファンキージャグラー２ＫＴ,483,0,2127,100.0,https://min-repo.com/3356933/?kishu=all
2026-09-17,マルハン仙台卸町店,ハッピージャグラーＶＩＩＩ,458,0,3538,100.0,https://min-repo.com/3356933/?kishu=all
2026-09-17,マルハン仙台卸町店,ハッピージャグラーＶＩＩＩ,457,0,688,100.0,https://min-repo.com/3356933/?kishu=all
2026-09-17,マルハン仙台卸町店,ハッピージャグラーＶＩＩＩ,456,0,2955,100.0,https://min-repo.com/3356933/?kishu=all
2026-09-17,マルハン仙台卸町店,ハッピージャグラーＶＩＩＩ,455,0,538,100.0,https://min-repo.com/3356933/?kishu=all
2026-09-17,マルハン仙台卸町店,ハッピージャグラーＶＩＩＩ,454,0,226,100.0,https://min-repo.com/3356933/?kishu=all
2026-09-17,マルハン仙台卸町店,ハッピージャグラーＶＩＩＩ,453,0,977,100.0,https://min-repo.com/3356933/?kishu=all
2026-09-17,マルハン仙台卸町店,ハッピージャグラーＶＩＩＩ,452,0,821,100.0,https://min-repo.com/3356933/?kishu=all
2026-09-17,マルハン仙台卸町店,ハッピージャグラーＶＩＩＩ,451,0,108,100.0,https://min-repo.com/3356933/?kishu=all
2026-09-17,マルハン仙台卸町店,ハッピージャグラーＶＩＩＩ,450,0,3542,100.0,https://min-repo.com/3356933/?kishu=all
2026-09-17,マルハン仙台卸町店,ハッピージャグラーＶＩＩＩ,449,0,45,,https://min-repo.com/3356933/?kishu=all
2026-09-17,マルハン仙台卸町店,ハッピージャグラーＶＩＩＩ,448,0,572,100.0,https://min-repo.com/3356933/?kishu=all
2026-09-17,マルハン仙台卸町店,ハッピージャグラーＶＩＩＩ,447,0,492,100.0,https://min-repo.com/3356933/?kishu=all
2026-09-17,マルハン仙台卸町店,ネオアイムジャグラーEX,524,0,6880,100.0,https://min-repo.com/3356933/?kishu=all
2026-09-17,マルハン仙台卸町店,ネオアイムジャグラーEX,523,0,838,100.0,https://min-repo.com/3356933/?kishu=all
2026-09-17,マルハン仙台卸町店,ネオアイムジャグラーEX,522,0,975,100.0,https://min-repo.com/3356933/?kishu=all
2026-09-17,マルハン仙台卸町店,ネオアイムジャグラーEX,521,0,2207,100.0,https://min-repo.com/3356933/?kishu=all
2026-09-17,マルハン仙台卸町店,ネオアイムジャグラーEX,520,0,5465,100.0,https://min-repo.com/3356933/?kishu=all
2026-09-17,マルハン仙台卸町店,ネオアイムジャグラーEX,519,0,4117,100.0,https://min-repo.com/3356933/?kishu=all
2026-09-17,マルハン仙台卸町店,ネオアイムジャグラーEX,518,0,1429,100.0,https://min-repo.com/3356933/?kishu=all
2026-09-17,マルハン仙台卸町店,ネオアイムジャグラーEX,517,0,1391,100.0,https://min-repo.com/3356933/?kishu=all
2026-09-17,マルハン仙台卸町店,ネオアイムジャグラーEX,516,0,1306,100.0,https://min-repo.com/3356933/?kishu=all
2026-09-17,マルハン仙台卸町店,ネオアイムジャグラーEX,515,0,1777,100.0,https://min-repo.com/3356933/?kishu=all
2026-09-17,マルハン仙台卸町店,ネオアイムジャグラーEX,514,0,383,100.0,https://min-repo.com/3356933/?kishu=all
2026-09-17,マルハン仙台卸町店,ネオアイムジャグラーEX,513,0,1621,100.0,https://min-repo.com/3356933/?kishu=all
2026-09-17,マルハン仙台卸町店,ネオアイムジャグラーEX,512,0,495,100.0,https://min-repo.com/3356933/?kishu=all
2026-09-17,マルハン仙台卸町店,ネオアイムジャグラーEX,511,0,5427,100.0,https://min-repo.com/3356933/?kishu=all
2026-09-17,マルハン仙台卸町店,ネオアイムジャグラーEX,510,0,744,100.0,https://min-repo.com/3356933/?kishu=all
2026-09-17,マルハン仙台卸町店,ネオアイムジャグラーEX,509,0,4369,100.0,https://min-repo.com/3356933/?kishu=all
2026-09-17,マルハン仙台卸町店,ネオアイムジャグラーEX,508,0,1629,100.0,https://min-repo.com/3356933/?kishu=all
2026-09-17,マルハン仙台卸町店,ネオアイムジャグラーEX,507,0,1860,100.0,https://min-repo.com/3356933/?kishu=all
2026-09-17,マルハン仙台卸町店,ネオアイムジャグラーEX,506,0,2455,100.0,https://min-repo.com/3356933/?kishu=all
2026-09-17,マルハン仙台卸町店,ネオアイムジャグラーEX,505,0,1757,100.0,https://min-repo.com/3356933/?kishu=all
2026-09-17,マルハン仙台卸町店,ネオアイムジャグラーEX,504,0,726,100.0,https://min-repo.com/3356933/?kishu=all
2026-09-17,マルハン仙台卸町店,ネオアイムジャグラーEX,503,0,1593,100.0,https://min-repo.com/3356933/?kishu=all
2026-09-17,マルハン仙台卸町店,ネオアイムジャグラーEX,502,0,714,100.0,https://min-repo.com/3356933/?kishu=all
2026-09-17,マルハン仙台卸町店,ネオアイムジャグラーEX,501,0,1052,100.0,https://min-repo.com/3356933/?kishu=all
2026-09-17,マルハン仙台卸町店,ネオアイムジャグラーEX,500,0,811,100.0,https://min-repo.com/3356933/?kishu=all
2026-09-17,マルハン仙台卸町店,ネオアイムジャグラーEX,499,0,316,100.0,https://min-repo.com/3356933/?kishu=all
2026-09-17,マルハン仙台卸町店,ネオアイムジャグラーEX,498,0,4922,100.0,https://min-repo.com/3356933/?kishu=all
2026-09-17,マルハン仙台卸町店,ネオアイムジャグラーEX,497,0,365,100.0,https://min-repo.com/3356933/?kishu=all
2026-09-17,マルハン仙台卸町店,ネオアイムジャグラーEX,496,0,5144,100.0,https://min-repo.com/3356933/?kishu=all
2026-09-17,マルハン仙台卸町店,ネオアイムジャグラーEX,495,0,3425,100.0,https://min-repo.com/3356933/?kishu=all
2026-09-17,マルハン仙台卸町店,ネオアイムジャグラーEX,494,0,585,100.0,https://min-repo.com/3356933/?kishu=all
2026-09-17,マルハン仙台卸町店,スロット ワールドダイスター,566,0,1975,100.0,https://min-repo.com/3356933/?kishu=all
2026-09-17,マルハン仙台卸町店,スロット ワールドダイスター,400,0,2756,100.0,https://min-repo.com/3356933/?kishu=all
2026-09-17,マルハン仙台卸町店,スロット ソードアート・オンラインⅡ,548,0,3280,100.0,https://min-repo.com/3356933/?kishu=all
2026-09-17,マルハン仙台卸町店,スロット ソードアート・オンラインⅡ,547,0,4498,100.0,https://min-repo.com/3356933/?kishu=all
2026-09-17,マルハン仙台卸町店,スマスロ頭文字D 2nd,543,0,3086,100.0,https://min-repo.com/3356933/?kishu=all
2026-09-17,マルハン仙台卸町店,スマスロ鉄拳6,558,0,0,,https://min-repo.com/3356933/?kishu=all
2026-09-17,マルハン仙台卸町店,スマスロ北斗の拳 転生の章2,365,0,554,100.0,https://min-repo.com/3356933/?kishu=all
2026-09-17,マルハン仙台卸町店,スマスロ北斗の拳 転生の章2,364,0,257,100.0,https://min-repo.com/3356933/?kishu=all
2026-09-17,マルハン仙台卸町店,スマスロ北斗の拳 転生の章2,363,0,755,100.0,https://min-repo.com/3356933/?kishu=all
2026-09-17,マルハン仙台卸町店,スマスロ北斗の拳 転生の章2,362,0,161,100.0,https://min-repo.com/3356933/?kishu=all
2026-09-17,マルハン仙台卸町店,スマスロ北斗の拳 転生の章2,361,0,469,100.0,https://min-repo.com/3356933/?kishu=all
2026-09-17,マルハン仙台卸町店,スマスロ北斗の拳 転生の章2,354,0,2467,100.0,https://min-repo.com/3356933/?kishu=all
2026-09-17,マルハン仙台卸町店,スマスロ北斗の拳 転生の章2,353,0,160,100.0,https://min-repo.com/3356933/?kishu=all
2026-09-17,マルハン仙台卸町店,スマスロ北斗の拳 転生の章2,352,0,51,,https://min-repo.com/3356933/?kishu=all
2026-09-17,マルハン仙台卸町店,スマスロ北斗の拳 転生の章2,351,0,1529,100.0,https://min-repo.com/3356933/?kishu=all
2026-09-17,マルハン仙台卸町店,スマスロ北斗の拳 転生の章2,350,0,1033,100.0,https://min-repo.com/3356933/?kishu=all
2026-09-17,マルハン仙台卸町店,スマスロ化物語,532,0,0,,https://min-repo.com/3356933/?kishu=all
2026-09-17,マルハン仙台卸町店,スマスロ化物語,531,0,0,,https://min-repo.com/3356933/?kishu=all
2026-09-17,マルハン仙台卸町店,スマスロ化物語,530,0,565,100.0,https://min-repo.com/3356933/?kishu=all
2026-09-17,マルハン仙台卸町店,スマスロモンキーターンV,376,0,257,100.0,https://min-repo.com/3356933/?kishu=all
2026-09-17,マルハン仙台卸町店,スマスロモンキーターンV,375,0,5935,100.0,https://min-repo.com/3356933/?kishu=all
2026-09-17,マルハン仙台卸町店,スマスロモンキーターンV,374,0,891,100.0,https://min-repo.com/3356933/?kishu=all
2026-09-17,マルハン仙台卸町店,スマスロモンキーターンV,373,0,276,100.0,https://min-repo.com/3356933/?kishu=all
2026-09-17,マルハン仙台卸町店,スマスロモンキーターンV,372,0,3416,100.0,https://min-repo.com/3356933/?kishu=all
2026-09-17,マルハン仙台卸町店,スマスロモンキーターンV,343,0,487,100.0,https://min-repo.com/3356933/?kishu=all
2026-09-17,マルハン仙台卸町店,スマスロモンキーターンV,342,0,146,100.0,https://min-repo.com/3356933/?kishu=all
2026-09-17,マルハン仙台卸町店,スマスロモンキーターンV,341,0,927,100.0,https://min-repo.com/3356933/?kishu=all
2026-09-17,マルハン仙台卸町店,スマスロモンキーターンV,340,0,1835,100.0,https://min-repo.com/3356933/?kishu=all
2026-09-17,マルハン仙台卸町店,スマスロモンキーターンV,339,0,623,100.0,https://min-repo.com/3356933/?kishu=all
2026-09-17,マルハン仙台卸町店,スマスロネオプラネット,553,0,0,,https://min-repo.com/3356933/?kishu=all
2026-09-17,マルハン仙台卸町店,スマスロ 甲鉄城のカバネリ 海門決戦,383,0,1522,100.0,https://min-repo.com/3356933/?kishu=all
2026-09-17,マルハン仙台卸町店,スマスロ 甲鉄城のカバネリ 海門決戦,382,0,492,100.0,https://min-repo.com/3356933/?kishu=all
2026-09-17,マルハン仙台卸町店,スマスロ 甲鉄城のカバネリ 海門決戦,381,0,3743,100.0,https://min-repo.com/3356933/?kishu=all
2026-09-17,マルハン仙台卸町店,スマスロ 甲鉄城のカバネリ 海門決戦,380,0,1091,100.0,https://min-repo.com/3356933/?kishu=all
2026-09-17,マルハン仙台卸町店,スマスロ 甲鉄城のカバネリ 海門決戦,335,0,2384,100.0,https://min-repo.com/3356933/?kishu=all
2026-09-17,マルハン仙台卸町店,スマスロ 甲鉄城のカバネリ 海門決戦,334,0,263,100.0,https://min-repo.com/3356933/?kishu=all
2026-09-17,マルハン仙台卸町店,スマスロ 甲鉄城のカバネリ 海門決戦,333,0,2377,100.0,https://min-repo.com/3356933/?kishu=all
2026-09-17,マルハン仙台卸町店,スマスロ 甲鉄城のカバネリ 海門決戦,332,0,3637,100.0,https://min-repo.com/3356933/?kishu=all
2026-09-17,マルハン仙台卸町店,スマスロ 沖ドキ!DUO アンコール,398,0,1048,100.0,https://min-repo.com/3356933/?kishu=all
2026-09-17,マルハン仙台卸町店,スマスロ 沖ドキ!DUO アンコール,397,0,538,100.0,https://min-repo.com/3356933/?kishu=all
2026-09-17,マルハン仙台卸町店,スマスロ 攻殻機動隊,562,0,362,100.0,https://min-repo.com/3356933/?kishu=all
2026-09-17,マルハン仙台卸町店,スマスロ リコリス・リコイル,378,0,1580,100.0,https://min-repo.com/3356933/?kishu=all
2026-09-17,マルハン仙台卸町店,スマスロ リコリス・リコイル,377,0,5180,100.0,https://min-repo.com/3356933/?kishu=all
2026-09-17,マルハン仙台卸町店,スマスロ リコリス・リコイル,338,0,2304,100.0,https://min-repo.com/3356933/?kishu=all
2026-09-17,マルハン仙台卸町店,スマスロ リコリス・リコイル,337,0,5190,100.0,https://min-repo.com/3356933/?kishu=all
2026-09-17,マルハン仙台卸町店,スマスロ リコリス・リコイル,336,0,2722,100.0,https://min-repo.com/3356933/?kishu=all
2026-09-17,マルハン仙台卸町店,スマスロ モンスターハンターライズ,536,0,1052,100.0,https://min-repo.com/3356933/?kishu=all
2026-09-17,マルハン仙台卸町店,スマスロ モンスターハンターライズ,535,0,1468,100.0,https://min-repo.com/3356933/?kishu=all
2026-09-17,マルハン仙台卸町店,スマスロ モンスターハンターライズ,534,0,999,100.0,https://min-repo.com/3356933/?kishu=all
2026-09-17,マルハン仙台卸町店,スマスロ モンスターハンターライズ,533,0,564,100.0,https://min-repo.com/3356933/?kishu=all
2026-09-17,マルハン仙台卸町店,スマスロ ミリオンゴッド-神々の軌跡-,388,0,224,100.0,https://min-repo.com/3356933/?kishu=all
2026-09-17,マルハン仙台卸町店,スマスロ ミリオンゴッド-神々の軌跡-,387,0,1343,100.0,https://min-repo.com/3356933/?kishu=all
2026-09-17,マルハン仙台卸町店,スマスロ ミリオンゴッド-神々の軌跡-,386,0,1774,100.0,https://min-repo.com/3356933/?kishu=all
2026-09-17,マルハン仙台卸町店,スマスロ マギアレコード 魔法少女まどか☆マギカ外伝,360,0,390,100.0,https://min-repo.com/3356933/?kishu=all
2026-09-17,マルハン仙台卸町店,スマスロ マギアレコード 魔法少女まどか☆マギカ外伝,359,0,0,,https://min-repo.com/3356933/?kishu=all
2026-09-17,マルハン仙台卸町店,スマスロ マギアレコード 魔法少女まどか☆マギカ外伝,358,0,827,100.0,https://min-repo.com/3356933/?kishu=all
2026-09-17,マルハン仙台卸町店,スマスロ バイオハザードRE:3,357,0,676,100.0,https://min-repo.com/3356933/?kishu=all
2026-09-17,マルハン仙台卸町店,スマスロ バイオハザードRE:3,356,0,0,,https://min-repo.com/3356933/?kishu=all
2026-09-17,マルハン仙台卸町店,スマスロ バイオハザードRE:3,355,0,0,,https://min-repo.com/3356933/?kishu=all
2026-09-17,マルハン仙台卸町店,スマスロ ハナビ,410,0,99,,https://min-repo.com/3356933/?kishu=all
2026-09-17,マルハン仙台卸町店,スマスロ ハナビ,409,0,1966,100.0,https://min-repo.com/3356933/?kishu=all
2026-09-17,マルハン仙台卸町店,スマスロ ハナビ,408,0,2712,100.0,https://min-repo.com/3356933/?kishu=all
2026-09-17,マルハン仙台卸町店,スマスロ ハナビ,407,0,1382,100.0,https://min-repo.com/3356933/?kishu=all
2026-09-17,マルハン仙台卸町店,スマスロ ハナビ,406,0,1768,100.0,https://min-repo.com/3356933/?kishu=all
2026-09-17,マルハン仙台卸町店,スマスロ スーパーリオエース2,556,0,227,100.0,https://min-repo.com/3356933/?kishu=all
2026-09-17,マルハン仙台卸町店,スマスロ スーパーブラックジャック,555,0,1346,100.0,https://min-repo.com/3356933/?kishu=all
2026-09-17,マルハン仙台卸町店,スマスロ ストリートファイター6,554,0,2114,100.0,https://min-repo.com/3356933/?kishu=all
2026-09-17,マルハン仙台卸町店,スマスロ ストリートファイター6,542,0,0,,https://min-repo.com/3356933/?kishu=all
2026-09-17,マルハン仙台卸町店,スマスロ サンダーV,411,0,3448,100.0,https://min-repo.com/3356933/?kishu=all
2026-09-17,マルハン仙台卸町店,スマスロ ゴッドイーター リザレクション,541,0,133,100.0,https://min-repo.com/3356933/?kishu=all
2026-09-17,マルハン仙台卸町店,スマスロ ゴッドイーター リザレクション,540,0,392,100.0,https://min-repo.com/3356933/?kishu=all
2026-09-17,マルハン仙台卸町店,スマスロ ゴッドイーター リザレクション,539,0,627,100.0,https://min-repo.com/3356933/?kishu=all
2026-09-17,マルハン仙台卸町店,スマスロ ゴッドイーター リザレクション,538,0,135,100.0,https://min-repo.com/3356933/?kishu=all
2026-09-17,マルハン仙台卸町店,スマスロ ゴッドイーター リザレクション,537,0,1692,100.0,https://min-repo.com/3356933/?kishu=all
2026-09-17,マルハン仙台卸町店,スマスロ やじきた道中記参る！,394,0,27,,https://min-repo.com/3356933/?kishu=all
2026-09-17,マルハン仙台卸町店,スマスロ とある魔術の禁書目録2,396,0,1902,100.0,https://min-repo.com/3356933/?kishu=all
2026-09-17,マルハン仙台卸町店,スマスロ とある魔術の禁書目録2,395,0,2047,100.0,https://min-repo.com/3356933/?kishu=all
2026-09-17,マルハン仙台卸町店,ジャグラーガールズSS,529,0,7009,100.0,https://min-repo.com/3356933/?kishu=all
2026-09-17,マルハン仙台卸町店,ジャグラーガールズSS,528,0,70,,https://min-repo.com/3356933/?kishu=all
2026-09-17,マルハン仙台卸町店,ジャグラーガールズSS,527,0,1141,100.0,https://min-repo.com/3356933/?kishu=all
2026-09-17,マルハン仙台卸町店,ジャグラーガールズSS,526,0,445,100.0,https://min-repo.com/3356933/?kishu=all
2026-09-17,マルハン仙台卸町店,ジャグラーガールズSS,525,0,1774,100.0,https://min-repo.com/3356933/?kishu=all
2026-09-17,マルハン仙台卸町店,ゴーゴージャグラー３,479,0,431,100.0,https://min-repo.com/3356933/?kishu=all
2026-09-17,マルハン仙台卸町店,ゴーゴージャグラー３,478,0,2825,100.0,https://min-repo.com/3356933/?kishu=all
2026-09-17,マルハン仙台卸町店,ゴーゴージャグラー３,477,0,1867,100.0,https://min-repo.com/3356933/?kishu=all
2026-09-17,マルハン仙台卸町店,ゴーゴージャグラー３,476,0,3985,100.0,https://min-repo.com/3356933/?kishu=all
2026-09-17,マルハン仙台卸町店,ゴーゴージャグラー３,475,0,959,100.0,https://min-repo.com/3356933/?kishu=all
2026-09-17,マルハン仙台卸町店,ゴーゴージャグラー３,474,0,3252,100.0,https://min-repo.com/3356933/?kishu=all
2026-09-17,マルハン仙台卸町店,ゴーゴージャグラー３,473,0,368,100.0,https://min-repo.com/3356933/?kishu=all
2026-09-17,マルハン仙台卸町店,ゴーゴージャグラー３,472,0,2851,100.0,https://min-repo.com/3356933/?kishu=all
2026-09-17,マルハン仙台卸町店,ゴーゴージャグラー３,471,0,691,100.0,https://min-repo.com/3356933/?kishu=all
2026-09-17,マルハン仙台卸町店,ゴーゴージャグラー３,470,0,698,100.0,https://min-repo.com/3356933/?kishu=all
2026-09-17,マルハン仙台卸町店,ゴーゴージャグラー３,469,0,3814,100.0,https://min-repo.com/3356933/?kishu=all
2026-09-17,マルハン仙台卸町店,ゴーゴージャグラー３,468,0,134,100.0,https://min-repo.com/3356933/?kishu=all
2026-09-17,マルハン仙台卸町店,ゴーゴージャグラー３,467,0,6082,100.0,https://min-repo.com/3356933/?kishu=all
2026-09-17,マルハン仙台卸町店,ゴーゴージャグラー３,466,0,576,100.0,https://min-repo.com/3356933/?kishu=all
2026-09-17,マルハン仙台卸町店,ゴーゴージャグラー３,465,0,601,100.0,https://min-repo.com/3356933/?kishu=all
2026-09-17,マルハン仙台卸町店,ゴーゴージャグラー３,464,0,549,100.0,https://min-repo.com/3356933/?kishu=all
2026-09-17,マルハン仙台卸町店,ゴーゴージャグラー３,463,0,852,100.0,https://min-repo.com/3356933/?kishu=all
2026-09-17,マルハン仙台卸町店,ゴーゴージャグラー３,462,0,3104,100.0,https://min-repo.com/3356933/?kishu=all
2026-09-17,マルハン仙台卸町店,クレアの秘宝伝～はじまりの扉と太陽の石～ボーナストリガーver.,402,0,1329,100.0,https://min-repo.com/3356933/?kishu=all
2026-09-17,マルハン仙台卸町店,アレックス ブライト,412,0,1111,100.0,https://min-repo.com/3356933/?kishu=all
2026-09-17,マルハン仙台卸町店,いざ！番長,552,0,0,,https://min-repo.com/3356933/?kishu=all
2026-09-17,マルハン仙台卸町店,SアイムジャグラーＥＸ,461,0,976,100.0,https://min-repo.com/3356933/?kishu=all
2026-09-17,マルハン仙台卸町店,SアイムジャグラーＥＸ,460,0,399,100.0,https://min-repo.com/3356933/?kishu=all
2026-09-17,マルハン仙台卸町店,SアイムジャグラーＥＸ,459,0,1215,100.0,https://min-repo.com/3356933/?kishu=all
2026-09-17,マルハン仙台卸町店,L麻雀格闘倶楽部　覚醒,563,0,2210,100.0,https://min-repo.com/3356933/?kishu=all
2026-09-17,マルハン仙台卸町店,L青春ブタ野郎はバニーガール先輩の夢を見ない,379,0,2545,100.0,https://min-repo.com/3356933/?kishu=all
2026-09-17,マルハン仙台卸町店,L邪神ちゃんドロップキック,393,0,908,100.0,https://min-repo.com/3356933/?kishu=all
2026-09-17,マルハン仙台卸町店,L無職転生～異世界行ったら本気だす～,561,0,589,100.0,https://min-repo.com/3356933/?kishu=all
2026-09-17,マルハン仙台卸町店,L東京喰種,385,0,2184,100.0,https://min-repo.com/3356933/?kishu=all
2026-09-17,マルハン仙台卸町店,L東京喰種,384,0,806,100.0,https://min-repo.com/3356933/?kishu=all
2026-09-17,マルハン仙台卸町店,L東京喰種,331,0,2644,100.0,https://min-repo.com/3356933/?kishu=all
2026-09-17,マルハン仙台卸町店,L東京喰種,330,0,543,100.0,https://min-repo.com/3356933/?kishu=all
2026-09-17,マルハン仙台卸町店,L戦国乙女４　戦乱に閃く炯眼の軍師,565,0,25,,https://min-repo.com/3356933/?kishu=all
2026-09-17,マルハン仙台卸町店,L戦国乙女４　戦乱に閃く炯眼の軍師,564,0,0,,https://min-repo.com/3356933/?kishu=all
2026-09-17,マルハン仙台卸町店,L戦国乙女5 業火を穿つ宿焔の双刃,550,0,2236,100.0,https://min-repo.com/3356933/?kishu=all
2026-09-17,マルハン仙台卸町店,L戦国乙女5 業火を穿つ宿焔の双刃,549,0,994,100.0,https://min-repo.com/3356933/?kishu=all
2026-09-17,マルハン仙台卸町店,L主役は銭形5,426,0,0,,https://min-repo.com/3356933/?kishu=all
2026-09-17,マルハン仙台卸町店,Lラブ嬢3～Wご指名はいかがですか?～,560,0,760,100.0,https://min-repo.com/3356933/?kishu=all
2026-09-17,マルハン仙台卸町店,Lパチスロ革命機ヴァルヴレイヴ2,434,0,0,,https://min-repo.com/3356933/?kishu=all
2026-09-17,マルハン仙台卸町店,Lパチスロ革命機ヴァルヴレイヴ2,433,0,1273,100.0,https://min-repo.com/3356933/?kishu=all
2026-09-17,マルハン仙台卸町店,Lパチスロ革命機ヴァルヴレイヴ2,432,0,775,100.0,https://min-repo.com/3356933/?kishu=all
2026-09-17,マルハン仙台卸町店,Lパチスロ革命機ヴァルヴレイヴ2,431,0,0,,https://min-repo.com/3356933/?kishu=all
2026-09-17,マルハン仙台卸町店,Lパチスロ炎炎ノ消防隊2,428,0,1629,100.0,https://min-repo.com/3356933/?kishu=all
2026-09-17,マルハン仙台卸町店,Lパチスロ炎炎ノ消防隊2,427,0,1637,100.0,https://min-repo.com/3356933/?kishu=all
2026-09-17,マルハン仙台卸町店,Lパチスロからくりサーカス2,425,0,1283,100.0,https://min-repo.com/3356933/?kishu=all
2026-09-17,マルハン仙台卸町店,Lパチスロからくりサーカス2,424,0,0,,https://min-repo.com/3356933/?kishu=all
2026-09-17,マルハン仙台卸町店,Lパチスロからくりサーカス2,423,0,0,,https://min-repo.com/3356933/?kishu=all
2026-09-17,マルハン仙台卸町店,Lパチスロうみねこのなく頃に2,403,0,1169,100.0,https://min-repo.com/3356933/?kishu=all
2026-09-17,マルハン仙台卸町店,Lパチスロ かぐや様は告らせたい,430,0,0,,https://min-repo.com/3356933/?kishu=all
2026-09-17,マルハン仙台卸町店,Lパチスロ かぐや様は告らせたい,429,0,1630,100.0,https://min-repo.com/3356933/?kishu=all
2026-09-17,マルハン仙台卸町店,Lバンドリ！,559,0,285,100.0,https://min-repo.com/3356933/?kishu=all
2026-09-17,マルハン仙台卸町店,Lスマスロ北斗の拳,371,0,0,,https://min-repo.com/3356933/?kishu=all
2026-09-17,マルハン仙台卸町店,Lスマスロ北斗の拳,370,0,879,100.0,https://min-repo.com/3356933/?kishu=all
2026-09-17,マルハン仙台卸町店,Lスマスロ北斗の拳,369,0,43,,https://min-repo.com/3356933/?kishu=all
2026-09-17,マルハン仙台卸町店,Lスマスロ北斗の拳,368,0,150,100.0,https://min-repo.com/3356933/?kishu=all
2026-09-17,マルハン仙台卸町店,Lスマスロ北斗の拳,367,0,3869,100.0,https://min-repo.com/3356933/?kishu=all
2026-09-17,マルハン仙台卸町店,Lスマスロ北斗の拳,366,0,993,100.0,https://min-repo.com/3356933/?kishu=all
2026-09-17,マルハン仙台卸町店,Lスマスロ北斗の拳,349,0,644,100.0,https://min-repo.com/3356933/?kishu=all
2026-09-17,マルハン仙台卸町店,Lスマスロ北斗の拳,348,0,1209,100.0,https://min-repo.com/3356933/?kishu=all
2026-09-17,マルハン仙台卸町店,Lスマスロ北斗の拳,347,0,891,100.0,https://min-repo.com/3356933/?kishu=all
2026-09-17,マルハン仙台卸町店,Lスマスロ北斗の拳,346,0,348,100.0,https://min-repo.com/3356933/?kishu=all
2026-09-17,マルハン仙台卸町店,Lスマスロ北斗の拳,345,0,385,100.0,https://min-repo.com/3356933/?kishu=all
2026-09-17,マルハン仙台卸町店,Lスマスロ北斗の拳,344,0,1365,100.0,https://min-repo.com/3356933/?kishu=all
2026-09-17,マルハン仙台卸町店,Lアズールレーン THE ANIMATION,551,0,111,100.0,https://min-repo.com/3356933/?kishu=all
2026-09-17,マルハン仙台卸町店,LBパチスロ ヱヴァンゲリヲン～約束の扉～,401,0,349,100.0,https://min-repo.com/3356933/?kishu=all
2026-09-17,マルハン仙台卸町店,L ToLOVEるダークネス,557,0,641,100.0,https://min-repo.com/3356933/?kishu=all
2026-09-17,マルハン仙台卸町店,A-SLOT+ ディスクアップ ULTRAREMIX,405,0,785,100.0,https://min-repo.com/3356933/?kishu=all
2026-09-17,マルハン仙台卸町店,A-SLOT+ ディスクアップ ULTRAREMIX,404,0,231,100.0,https://min-repo.com/3356933/?kishu=all
2026-09-17,マルハンSLOT仙台一番町店,真打 吉宗,166,0,3751,100.0,https://min-repo.com/3356932/?kishu=all
2026-09-17,マルハンSLOT仙台一番町店,真打 吉宗,165,0,1351,100.0,https://min-repo.com/3356932/?kishu=all
2026-09-17,マルハンSLOT仙台一番町店,真打 吉宗,164,0,2085,100.0,https://min-repo.com/3356932/?kishu=all
2026-09-17,マルハンSLOT仙台一番町店,真打 吉宗,163,0,1046,100.0,https://min-repo.com/3356932/?kishu=all
2026-09-17,マルハンSLOT仙台一番町店,沖ドキ！BLACK,9,0,215,100.0,https://min-repo.com/3356932/?kishu=all
2026-09-17,マルハンSLOT仙台一番町店,沖ドキ！BLACK,8,0,330,100.0,https://min-repo.com/3356932/?kishu=all
2026-09-17,マルハンSLOT仙台一番町店,沖ドキ！BLACK,7,0,201,100.0,https://min-repo.com/3356932/?kishu=all
2026-09-17,マルハンSLOT仙台一番町店,沖ドキ！BLACK,6,0,1851,100.0,https://min-repo.com/3356932/?kishu=all
2026-09-17,マルハンSLOT仙台一番町店,沖ドキ！BLACK,5,0,1542,100.0,https://min-repo.com/3356932/?kishu=all
2026-09-17,マルハンSLOT仙台一番町店,沖ドキ！BLACK,4,0,1153,100.0,https://min-repo.com/3356932/?kishu=all
2026-09-17,マルハンSLOT仙台一番町店,沖ドキ！BLACK,3,0,212,100.0,https://min-repo.com/3356932/?kishu=all
2026-09-17,マルハンSLOT仙台一番町店,沖ドキ！BLACK,2,0,215,100.0,https://min-repo.com/3356932/?kishu=all
2026-09-17,マルハンSLOT仙台一番町店,沖ドキ！BLACK,12,0,652,100.0,https://min-repo.com/3356932/?kishu=all
2026-09-17,マルハンSLOT仙台一番町店,沖ドキ！BLACK,11,0,499,100.0,https://min-repo.com/3356932/?kishu=all
2026-09-17,マルハンSLOT仙台一番町店,沖ドキ！BLACK,10,0,253,100.0,https://min-repo.com/3356932/?kishu=all
2026-09-17,マルハンSLOT仙台一番町店,沖ドキ！BLACK,1,0,280,100.0,https://min-repo.com/3356932/?kishu=all
2026-09-17,マルハンSLOT仙台一番町店,戦国コレクション6,160,0,2559,100.0,https://min-repo.com/3356932/?kishu=all
2026-09-17,マルハンSLOT仙台一番町店,戦国コレクション6,159,0,2025,100.0,https://min-repo.com/3356932/?kishu=all
2026-09-17,マルハンSLOT仙台一番町店,戦国コレクション6,158,0,2370,100.0,https://min-repo.com/3356932/?kishu=all
2026-09-17,マルハンSLOT仙台一番町店,吉宗,325,0,1407,100.0,https://min-repo.com/3356932/?kishu=all
2026-09-17,マルハンSLOT仙台一番町店,吉宗,324,0,1249,100.0,https://min-repo.com/3356932/?kishu=all
2026-09-17,マルハンSLOT仙台一番町店,ローティス,397,0,182,100.0,https://min-repo.com/3356932/?kishu=all
2026-09-17,マルハンSLOT仙台一番町店,ミスタージャグラー,73,0,1589,100.0,https://min-repo.com/3356932/?kishu=all
2026-09-17,マルハンSLOT仙台一番町店,ミスタージャグラー,72,0,3363,100.0,https://min-repo.com/3356932/?kishu=all
2026-09-17,マルハンSLOT仙台一番町店,マイジャグラーV,96,0,2779,100.0,https://min-repo.com/3356932/?kishu=all
2026-09-17,マルハンSLOT仙台一番町店,マイジャグラーV,95,0,4565,100.0,https://min-repo.com/3356932/?kishu=all
2026-09-17,マルハンSLOT仙台一番町店,マイジャグラーV,94,0,1579,100.0,https://min-repo.com/3356932/?kishu=all
2026-09-17,マルハンSLOT仙台一番町店,マイジャグラーV,93,0,941,100.0,https://min-repo.com/3356932/?kishu=all
2026-09-17,マルハンSLOT仙台一番町店,マイジャグラーV,92,0,1934,100.0,https://min-repo.com/3356932/?kishu=all
2026-09-17,マルハンSLOT仙台一番町店,マイジャグラーV,91,0,5696,100.0,https://min-repo.com/3356932/?kishu=all
2026-09-17,マルハンSLOT仙台一番町店,マイジャグラーV,90,0,4380,100.0,https://min-repo.com/3356932/?kishu=all
2026-09-17,マルハンSLOT仙台一番町店,マイジャグラーV,89,0,444,100.0,https://min-repo.com/3356932/?kishu=all
2026-09-17,マルハンSLOT仙台一番町店,マイジャグラーV,88,0,9018,100.0,https://min-repo.com/3356932/?kishu=all
2026-09-17,マルハンSLOT仙台一番町店,マイジャグラーV,87,0,1795,100.0,https://min-repo.com/3356932/?kishu=all
2026-09-17,マルハンSLOT仙台一番町店,マイジャグラーV,130,0,1349,100.0,https://min-repo.com/3356932/?kishu=all
2026-09-17,マルハンSLOT仙台一番町店,マイジャグラーV,129,0,3598,100.0,https://min-repo.com/3356932/?kishu=all
2026-09-17,マルハンSLOT仙台一番町店,マイジャグラーV,128,0,3557,100.0,https://min-repo.com/3356932/?kishu=all
2026-09-17,マルハンSLOT仙台一番町店,マイジャグラーV,127,0,9506,100.0,https://min-repo.com/3356932/?kishu=all
2026-09-17,マルハンSLOT仙台一番町店,マイジャグラーV,126,0,7956,100.0,https://min-repo.com/3356932/?kishu=all
2026-09-17,マルハンSLOT仙台一番町店,マイジャグラーV,125,0,826,100.0,https://min-repo.com/3356932/?kishu=all
2026-09-17,マルハンSLOT仙台一番町店,マイジャグラーV,124,0,5331,100.0,https://min-repo.com/3356932/?kishu=all
2026-09-17,マルハンSLOT仙台一番町店,マイジャグラーV,123,0,2317,100.0,https://min-repo.com/3356932/?kishu=all
2026-09-17,マルハンSLOT仙台一番町店,マイジャグラーV,122,0,1403,100.0,https://min-repo.com/3356932/?kishu=all
2026-09-17,マルハンSLOT仙台一番町店,マイジャグラーV,121,0,4963,100.0,https://min-repo.com/3356932/?kishu=all
2026-09-17,マルハンSLOT仙台一番町店,ネオアイムジャグラーEX,79,0,1967,100.0,https://min-repo.com/3356932/?kishu=all
2026-09-17,マルハンSLOT仙台一番町店,ネオアイムジャグラーEX,78,0,1658,100.0,https://min-repo.com/3356932/?kishu=all
2026-09-17,マルハンSLOT仙台一番町店,ネオアイムジャグラーEX,77,0,4468,100.0,https://min-repo.com/3356932/?kishu=all
2026-09-17,マルハンSLOT仙台一番町店,ネオアイムジャグラーEX,76,0,3241,100.0,https://min-repo.com/3356932/?kishu=all
2026-09-17,マルハンSLOT仙台一番町店,ネオアイムジャグラーEX,75,0,1719,100.0,https://min-repo.com/3356932/?kishu=all
2026-09-17,マルハンSLOT仙台一番町店,ネオアイムジャグラーEX,74,0,1211,100.0,https://min-repo.com/3356932/?kishu=all
2026-09-17,マルハンSLOT仙台一番町店,ネオアイムジャグラーEX,64,0,1038,100.0,https://min-repo.com/3356932/?kishu=all
2026-09-17,マルハンSLOT仙台一番町店,ネオアイムジャグラーEX,63,0,3660,100.0,https://min-repo.com/3356932/?kishu=all
2026-09-17,マルハンSLOT仙台一番町店,ネオアイムジャグラーEX,62,0,5839,100.0,https://min-repo.com/3356932/?kishu=all
2026-09-17,マルハンSLOT仙台一番町店,ネオアイムジャグラーEX,61,0,782,100.0,https://min-repo.com/3356932/?kishu=all
2026-09-17,マルハンSLOT仙台一番町店,ネオアイムジャグラーEX,60,0,1115,100.0,https://min-repo.com/3356932/?kishu=all
2026-09-17,マルハンSLOT仙台一番町店,ネオアイムジャグラーEX,59,0,5267,100.0,https://min-repo.com/3356932/?kishu=all
2026-09-17,マルハンSLOT仙台一番町店,ネオアイムジャグラーEX,58,0,2811,100.0,https://min-repo.com/3356932/?kishu=all
2026-09-17,マルハンSLOT仙台一番町店,チバリヨ2,17,0,334,100.0,https://min-repo.com/3356932/?kishu=all
2026-09-17,マルハンSLOT仙台一番町店,チバリヨ2,16,0,173,100.0,https://min-repo.com/3356932/?kishu=all
2026-09-17,マルハンSLOT仙台一番町店,チバリヨ2,15,0,483,100.0,https://min-repo.com/3356932/?kishu=all
2026-09-17,マルハンSLOT仙台一番町店,チバリヨ2,14,0,346,100.0,https://min-repo.com/3356932/?kishu=all
2026-09-17,マルハンSLOT仙台一番町店,チバリヨ2,13,0,897,100.0,https://min-repo.com/3356932/?kishu=all
2026-09-17,マルハンSLOT仙台一番町店,スロット ワールドダイスター,388,0,828,100.0,https://min-repo.com/3356932/?kishu=all
2026-09-17,マルハンSLOT仙台一番町店,スロット ソードアート・オンラインⅡ,185,0,6181,100.0,https://min-repo.com/3356932/?kishu=all
2026-09-17,マルハンSLOT仙台一番町店,スロット ソードアート・オンラインⅡ,184,0,2298,100.0,https://min-repo.com/3356932/?kishu=all
2026-09-17,マルハンSLOT仙台一番町店,スロット ソードアート・オンラインⅡ,183,0,7179,100.0,https://min-repo.com/3356932/?kishu=all
2026-09-17,マルハンSLOT仙台一番町店,スロット ソードアート・オンラインⅡ,182,0,4129,100.0,https://min-repo.com/3356932/?kishu=all
2026-09-17,マルハンSLOT仙台一番町店,スマスロ鉄拳6,154,0,0,,https://min-repo.com/3356932/?kishu=all
2026-09-17,マルハンSLOT仙台一番町店,スマスロ鉄拳6,153,0,325,100.0,https://min-repo.com/3356932/?kishu=all
2026-09-17,マルハンSLOT仙台一番町店,スマスロ秘宝伝,32,0,0,,https://min-repo.com/3356932/?kishu=all
2026-09-17,マルハンSLOT仙台一番町店,スマスロ痛いのは嫌なので防御力に極振りしたいと思います。,394,0,1268,100.0,https://min-repo.com/3356932/?kishu=all
2026-09-17,マルハンSLOT仙台一番町店,スマスロ新鬼武者3,255,0,817,100.0,https://min-repo.com/3356932/?kishu=all
2026-09-17,マルハンSLOT仙台一番町店,スマスロ新鬼武者3,254,0,599,100.0,https://min-repo.com/3356932/?kishu=all
2026-09-17,マルハンSLOT仙台一番町店,スマスロ新鬼武者3,253,0,540,100.0,https://min-repo.com/3356932/?kishu=all
2026-09-17,マルハンSLOT仙台一番町店,スマスロ新鬼武者3,252,0,566,100.0,https://min-repo.com/3356932/?kishu=all
2026-09-17,マルハンSLOT仙台一番町店,スマスロ新鬼武者3,251,0,648,100.0,https://min-repo.com/3356932/?kishu=all
2026-09-17,マルハンSLOT仙台一番町店,スマスロ北斗の拳 転生の章2,195,0,63,,https://min-repo.com/3356932/?kishu=all
2026-09-17,マルハンSLOT仙台一番町店,スマスロ北斗の拳 転生の章2,194,0,782,100.0,https://min-repo.com/3356932/?kishu=all
2026-09-17,マルハンSLOT仙台一番町店,スマスロ北斗の拳 転生の章2,193,0,777,100.0,https://min-repo.com/3356932/?kishu=all
2026-09-17,マルハンSLOT仙台一番町店,スマスロ北斗の拳 転生の章2,192,0,135,100.0,https://min-repo.com/3356932/?kishu=all
2026-09-17,マルハンSLOT仙台一番町店,スマスロ北斗の拳 転生の章2,191,0,47,,https://min-repo.com/3356932/?kishu=all
2026-09-17,マルハンSLOT仙台一番町店,スマスロ北斗の拳 転生の章2,190,0,3202,100.0,https://min-repo.com/3356932/?kishu=all
2026-09-17,マルハンSLOT仙台一番町店,スマスロ北斗の拳 転生の章2,189,0,1259,100.0,https://min-repo.com/3356932/?kishu=all
2026-09-17,マルハンSLOT仙台一番町店,スマスロ北斗の拳 転生の章2,188,0,480,100.0,https://min-repo.com/3356932/?kishu=all
2026-09-17,マルハンSLOT仙台一番町店,スマスロ北斗の拳 転生の章2,187,0,1190,100.0,https://min-repo.com/3356932/?kishu=all
2026-09-17,マルハンSLOT仙台一番町店,スマスロ北斗の拳 転生の章2,186,0,1312,100.0,https://min-repo.com/3356932/?kishu=all
2026-09-17,マルハンSLOT仙台一番町店,スマスロ化物語,250,0,856,100.0,https://min-repo.com/3356932/?kishu=all
2026-09-17,マルハンSLOT仙台一番町店,スマスロ化物語,249,0,130,100.0,https://min-repo.com/3356932/?kishu=all
2026-09-17,マルハンSLOT仙台一番町店,スマスロ化物語,248,0,0,,https://min-repo.com/3356932/?kishu=all
2026-09-17,マルハンSLOT仙台一番町店,スマスロ化物語,247,0,925,100.0,https://min-repo.com/3356932/?kishu=all
2026-09-17,マルハンSLOT仙台一番町店,スマスロ化物語,246,0,25,,https://min-repo.com/3356932/?kishu=all
2026-09-17,マルハンSLOT仙台一番町店,スマスロ化物語,245,0,0,,https://min-repo.com/3356932/?kishu=all
2026-09-17,マルハンSLOT仙台一番町店,スマスロ化物語,244,0,1001,100.0,https://min-repo.com/3356932/?kishu=all
2026-09-17,マルハンSLOT仙台一番町店,スマスロ化物語,243,0,590,100.0,https://min-repo.com/3356932/?kishu=all
2026-09-17,マルハンSLOT仙台一番町店,スマスロヨルムンガンド,257,0,406,100.0,https://min-repo.com/3356932/?kishu=all
2026-09-17,マルハンSLOT仙台一番町店,スマスロヨルムンガンド,256,0,0,,https://min-repo.com/3356932/?kishu=all
2026-09-17,マルハンSLOT仙台一番町店,スマスロモンキーターンV,390,0,2132,100.0,https://min-repo.com/3356932/?kishu=all
2026-09-17,マルハンSLOT仙台一番町店,スマスロモンキーターンV,237,0,1615,100.0,https://min-repo.com/3356932/?kishu=all
2026-09-17,マルハンSLOT仙台一番町店,スマスロモンキーターンV,236,0,1896,100.0,https://min-repo.com/3356932/?kishu=all
2026-09-17,マルハンSLOT仙台一番町店,スマスロモンキーターンV,235,0,416,100.0,https://min-repo.com/3356932/?kishu=all
2026-09-17,マルハンSLOT仙台一番町店,スマスロモンキーターンV,234,0,1146,100.0,https://min-repo.com/3356932/?kishu=all
2026-09-17,マルハンSLOT仙台一番町店,スマスロモンキーターンV,233,0,659,100.0,https://min-repo.com/3356932/?kishu=all
2026-09-17,マルハンSLOT仙台一番町店,スマスロモンキーターンV,232,0,1301,100.0,https://min-repo.com/3356932/?kishu=all
2026-09-17,マルハンSLOT仙台一番町店,スマスロモンキーターンV,231,0,706,100.0,https://min-repo.com/3356932/?kishu=all
2026-09-17,マルハンSLOT仙台一番町店,スマスロモンキーターンV,230,0,775,100.0,https://min-repo.com/3356932/?kishu=all
2026-09-17,マルハンSLOT仙台一番町店,スマスロモンキーターンV,229,0,644,100.0,https://min-repo.com/3356932/?kishu=all
2026-09-17,マルハンSLOT仙台一番町店,スマスロモンキーターンV,228,0,2052,100.0,https://min-repo.com/3356932/?kishu=all
2026-09-17,マルハンSLOT仙台一番町店,スマスロモンキーターンV,227,0,3423,100.0,https://min-repo.com/3356932/?kishu=all
2026-09-17,マルハンSLOT仙台一番町店,スマスロモンキーターンV,226,0,1624,100.0,https://min-repo.com/3356932/?kishu=all
2026-09-17,マルハンSLOT仙台一番町店,スマスロモンキーターンV,225,0,2318,100.0,https://min-repo.com/3356932/?kishu=all
2026-09-17,マルハンSLOT仙台一番町店,スマスロモンキーターンV,224,0,2089,100.0,https://min-repo.com/3356932/?kishu=all
2026-09-17,マルハンSLOT仙台一番町店,スマスロモンキーターンV,223,0,492,100.0,https://min-repo.com/3356932/?kishu=all
2026-09-17,マルハンSLOT仙台一番町店,スマスロモンキーターンV,222,0,4277,100.0,https://min-repo.com/3356932/?kishu=all
2026-09-17,マルハンSLOT仙台一番町店,スマスロモンキーターンV,221,0,1206,100.0,https://min-repo.com/3356932/?kishu=all
2026-09-17,マルハンSLOT仙台一番町店,スマスロモンキーターンV,220,0,670,100.0,https://min-repo.com/3356932/?kishu=all
2026-09-17,マルハンSLOT仙台一番町店,スマスロモンキーターンV,219,0,1278,100.0,https://min-repo.com/3356932/?kishu=all
2026-09-17,マルハンSLOT仙台一番町店,スマスロモンキーターンV,218,0,938,100.0,https://min-repo.com/3356932/?kishu=all
2026-09-17,マルハンSLOT仙台一番町店,スマスロモンキーターンV,217,0,3209,100.0,https://min-repo.com/3356932/?kishu=all
2026-09-17,マルハンSLOT仙台一番町店,スマスロモンキーターンV,216,0,376,100.0,https://min-repo.com/3356932/?kishu=all
2026-09-17,マルハンSLOT仙台一番町店,スマスロモンキーターンV,215,0,671,100.0,https://min-repo.com/3356932/?kishu=all
2026-09-17,マルハンSLOT仙台一番町店,スマスロモンキーターンV,214,0,593,100.0,https://min-repo.com/3356932/?kishu=all
2026-09-17,マルハンSLOT仙台一番町店,スマスロモンキーターンV,213,0,2394,100.0,https://min-repo.com/3356932/?kishu=all
2026-09-17,マルハンSLOT仙台一番町店,スマスロモンキーターンV,212,0,135,100.0,https://min-repo.com/3356932/?kishu=all
2026-09-17,マルハンSLOT仙台一番町店,スマスロBIRDIE WING-Golf Girls’ Story-,383,0,791,100.0,https://min-repo.com/3356932/?kishu=all
2026-09-17,マルハンSLOT仙台一番町店,スマスロBIRDIE WING-Golf Girls’ Story-,382,0,464,100.0,https://min-repo.com/3356932/?kishu=all
2026-09-17,マルハンSLOT仙台一番町店,スマスロ 甲鉄城のカバネリ 海門決戦,205,0,1237,100.0,https://min-repo.com/3356932/?kishu=all
2026-09-17,マルハンSLOT仙台一番町店,スマスロ 甲鉄城のカバネリ 海門決戦,204,0,5950,100.0,https://min-repo.com/3356932/?kishu=all
2026-09-17,マルハンSLOT仙台一番町店,スマスロ 甲鉄城のカバネリ 海門決戦,203,0,2958,100.0,https://min-repo.com/3356932/?kishu=all
2026-09-17,マルハンSLOT仙台一番町店,スマスロ 甲鉄城のカバネリ 海門決戦,202,0,4785,100.0,https://min-repo.com/3356932/?kishu=all
2026-09-17,マルハンSLOT仙台一番町店,スマスロ 甲鉄城のカバネリ 海門決戦,201,0,3168,100.0,https://min-repo.com/3356932/?kishu=all
2026-09-17,マルハンSLOT仙台一番町店,スマスロ 甲鉄城のカバネリ 海門決戦,200,0,2207,100.0,https://min-repo.com/3356932/?kishu=all
2026-09-17,マルハンSLOT仙台一番町店,スマスロ 甲鉄城のカバネリ 海門決戦,199,0,2303,100.0,https://min-repo.com/3356932/?kishu=all
2026-09-17,マルハンSLOT仙台一番町店,スマスロ 甲鉄城のカバネリ 海門決戦,198,0,5542,100.0,https://min-repo.com/3356932/?kishu=all
2026-09-17,マルハンSLOT仙台一番町店,スマスロ 甲鉄城のカバネリ 海門決戦,197,0,469,100.0,https://min-repo.com/3356932/?kishu=all
2026-09-17,マルハンSLOT仙台一番町店,スマスロ 甲鉄城のカバネリ 海門決戦,196,0,1926,100.0,https://min-repo.com/3356932/?kishu=all
2026-09-17,マルハンSLOT仙台一番町店,スマスロ 甲鉄城のカバネリ 海門決戦,178,0,3217,100.0,https://min-repo.com/3356932/?kishu=all
2026-09-17,マルハンSLOT仙台一番町店,スマスロ 甲鉄城のカバネリ 海門決戦,177,0,4015,100.0,https://min-repo.com/3356932/?kishu=all
2026-09-17,マルハンSLOT仙台一番町店,スマスロ 甲鉄城のカバネリ 海門決戦,176,0,2349,100.0,https://min-repo.com/3356932/?kishu=all
2026-09-17,マルハンSLOT仙台一番町店,スマスロ 甲鉄城のカバネリ 海門決戦,175,0,481,100.0,https://min-repo.com/3356932/?kishu=all
2026-09-17,マルハンSLOT仙台一番町店,スマスロ 甲鉄城のカバネリ 海門決戦,174,0,5543,100.0,https://min-repo.com/3356932/?kishu=all
2026-09-17,マルハンSLOT仙台一番町店,スマスロ 甲鉄城のカバネリ 海門決戦,173,0,482,100.0,https://min-repo.com/3356932/?kishu=all
2026-09-17,マルハンSLOT仙台一番町店,スマスロ 甲鉄城のカバネリ 海門決戦,172,0,6457,100.0,https://min-repo.com/3356932/?kishu=all
2026-09-17,マルハンSLOT仙台一番町店,スマスロ 甲鉄城のカバネリ 海門決戦,171,0,1170,100.0,https://min-repo.com/3356932/?kishu=all
2026-09-17,マルハンSLOT仙台一番町店,スマスロ 甲鉄城のカバネリ 海門決戦,170,0,4867,100.0,https://min-repo.com/3356932/?kishu=all
2026-09-17,マルハンSLOT仙台一番町店,スマスロ 甲鉄城のカバネリ 海門決戦,169,0,3902,100.0,https://min-repo.com/3356932/?kishu=all
2026-09-17,マルハンSLOT仙台一番町店,スマスロ 甲鉄城のカバネリ 海門決戦,168,0,2183,100.0,https://min-repo.com/3356932/?kishu=all
2026-09-17,マルハンSLOT仙台一番町店,スマスロ 甲鉄城のカバネリ 海門決戦,167,0,7206,100.0,https://min-repo.com/3356932/?kishu=all
2026-09-17,マルハンSLOT仙台一番町店,スマスロ 東京リベンジャーズ,323,0,569,100.0,https://min-repo.com/3356932/?kishu=all
2026-09-17,マルハンSLOT仙台一番町店,スマスロ 東京リベンジャーズ,322,0,1160,100.0,https://min-repo.com/3356932/?kishu=all
2026-09-17,マルハンSLOT仙台一番町店,スマスロ 東京リベンジャーズ,321,0,136,100.0,https://min-repo.com/3356932/?kishu=all
2026-09-17,マルハンSLOT仙台一番町店,スマスロ 東京リベンジャーズ,320,0,1700,100.0,https://min-repo.com/3356932/?kishu=all
2026-09-17,マルハンSLOT仙台一番町店,スマスロ 東京リベンジャーズ,319,0,142,100.0,https://min-repo.com/3356932/?kishu=all
2026-09-17,マルハンSLOT仙台一番町店,スマスロ 東京リベンジャーズ,318,0,130,100.0,https://min-repo.com/3356932/?kishu=all
2026-09-17,マルハンSLOT仙台一番町店,スマスロ 東京リベンジャーズ,317,0,1008,100.0,https://min-repo.com/3356932/?kishu=all
2026-09-17,マルハンSLOT仙台一番町店,スマスロ 攻殻機動隊,146,0,763,100.0,https://min-repo.com/3356932/?kishu=all
2026-09-17,マルハンSLOT仙台一番町店,スマスロ 攻殻機動隊,145,0,873,100.0,https://min-repo.com/3356932/?kishu=all
2026-09-17,マルハンSLOT仙台一番町店,スマスロ 攻殻機動隊,144,0,1760,100.0,https://min-repo.com/3356932/?kishu=all
2026-09-17,マルハンSLOT仙台一番町店,スマスロ 七つの魔剣が支配する,24,0,2547,100.0,https://min-repo.com/3356932/?kishu=all
2026-09-17,マルハンSLOT仙台一番町店,スマスロ リコリス・リコイル,137,0,5043,100.0,https://min-repo.com/3356932/?kishu=all
2026-09-17,マルハンSLOT仙台一番町店,スマスロ リコリス・リコイル,136,0,4923,100.0,https://min-repo.com/3356932/?kishu=all
2026-09-17,マルハンSLOT仙台一番町店,スマスロ リコリス・リコイル,135,0,5329,100.0,https://min-repo.com/3356932/?kishu=all
2026-09-17,マルハンSLOT仙台一番町店,スマスロ リコリス・リコイル,134,0,4628,100.0,https://min-repo.com/3356932/?kishu=all
2026-09-17,マルハンSLOT仙台一番町店,スマスロ リコリス・リコイル,133,0,6496,100.0,https://min-repo.com/3356932/?kishu=all
2026-09-17,マルハンSLOT仙台一番町店,スマスロ リコリス・リコイル,132,0,5056,100.0,https://min-repo.com/3356932/?kishu=all
2026-09-17,マルハンSLOT仙台一番町店,スマスロ リコリス・リコイル,131,0,8091,100.0,https://min-repo.com/3356932/?kishu=all
2026-09-17,マルハンSLOT仙台一番町店,スマスロ モンスターハンターライズ,346,0,504,100.0,https://min-repo.com/3356932/?kishu=all
2026-09-17,マルハンSLOT仙台一番町店,スマスロ モンスターハンターライズ,345,0,1886,100.0,https://min-repo.com/3356932/?kishu=all
2026-09-17,マルハンSLOT仙台一番町店,スマスロ モンスターハンターライズ,344,0,1007,100.0,https://min-repo.com/3356932/?kishu=all
2026-09-17,マルハンSLOT仙台一番町店,スマスロ モンスターハンターライズ,343,0,2134,100.0,https://min-repo.com/3356932/?kishu=all
2026-09-17,マルハンSLOT仙台一番町店,スマスロ モンスターハンターライズ,342,0,88,,https://min-repo.com/3356932/?kishu=all
2026-09-17,マルハンSLOT仙台一番町店,スマスロ モンスターハンターライズ,341,0,1085,100.0,https://min-repo.com/3356932/?kishu=all
2026-09-17,マルハンSLOT仙台一番町店,スマスロ モンスターハンターライズ,340,0,630,100.0,https://min-repo.com/3356932/?kishu=all
2026-09-17,マルハンSLOT仙台一番町店,スマスロ モンスターハンターライズ,339,0,898,100.0,https://min-repo.com/3356932/?kishu=all
2026-09-17,マルハンSLOT仙台一番町店,スマスロ ミリオンゴッド-神々の軌跡-,369,0,2520,100.0,https://min-repo.com/3356932/?kishu=all
2026-09-17,マルハンSLOT仙台一番町店,スマスロ ミリオンゴッド-神々の軌跡-,368,0,978,100.0,https://min-repo.com/3356932/?kishu=all
2026-09-17,マルハンSLOT仙台一番町店,スマスロ ミリオンゴッド-神々の軌跡-,367,0,1829,100.0,https://min-repo.com/3356932/?kishu=all
2026-09-17,マルハンSLOT仙台一番町店,スマスロ ミリオンゴッド-神々の軌跡-,366,0,766,100.0,https://min-repo.com/3356932/?kishu=all
2026-09-17,マルハンSLOT仙台一番町店,スマスロ ミリオンゴッド-神々の軌跡-,365,0,1599,100.0,https://min-repo.com/3356932/?kishu=all
2026-09-17,マルハンSLOT仙台一番町店,スマスロ ミリオンゴッド-神々の軌跡-,364,0,3864,100.0,https://min-repo.com/3356932/?kishu=all
2026-09-17,マルハンSLOT仙台一番町店,スマスロ ミリオンゴッド-神々の軌跡-,363,0,1984,100.0,https://min-repo.com/3356932/?kishu=all
2026-09-17,マルハンSLOT仙台一番町店,スマスロ ミリオンゴッド-神々の軌跡-,362,0,1739,100.0,https://min-repo.com/3356932/?kishu=all
2026-09-17,マルハンSLOT仙台一番町店,スマスロ ミリオンゴッド-神々の軌跡-,361,0,2492,100.0,https://min-repo.com/3356932/?kishu=all
2026-09-17,マルハンSLOT仙台一番町店,スマスロ ミリオンゴッド-神々の軌跡-,360,0,708,100.0,https://min-repo.com/3356932/?kishu=all
2026-09-17,マルハンSLOT仙台一番町店,スマスロ ミリオンゴッド-神々の軌跡-,359,0,1048,100.0,https://min-repo.com/3356932/?kishu=all
2026-09-17,マルハンSLOT仙台一番町店,スマスロ ミリオンゴッド-神々の軌跡-,358,0,1731,100.0,https://min-repo.com/3356932/?kishu=all
2026-09-17,マルハンSLOT仙台一番町店,スマスロ ミリオンゴッド-神々の軌跡-,357,0,5676,100.0,https://min-repo.com/3356932/?kishu=all
2026-09-17,マルハンSLOT仙台一番町店,スマスロ ミリオンゴッド-神々の軌跡-,356,0,955,100.0,https://min-repo.com/3356932/?kishu=all
2026-09-17,マルハンSLOT仙台一番町店,スマスロ マギアレコード 魔法少女まどか☆マギカ外伝,331,0,1708,100.0,https://min-repo.com/3356932/?kishu=all
2026-09-17,マルハンSLOT仙台一番町店,スマスロ マギアレコード 魔法少女まどか☆マギカ外伝,330,0,762,100.0,https://min-repo.com/3356932/?kishu=all
2026-09-17,マルハンSLOT仙台一番町店,スマスロ マギアレコード 魔法少女まどか☆マギカ外伝,329,0,313,100.0,https://min-repo.com/3356932/?kishu=all
2026-09-17,マルハンSLOT仙台一番町店,スマスロ マギアレコード 魔法少女まどか☆マギカ外伝,328,0,943,100.0,https://min-repo.com/3356932/?kishu=all
2026-09-17,マルハンSLOT仙台一番町店,スマスロ マギアレコード 魔法少女まどか☆マギカ外伝,327,0,1751,100.0,https://min-repo.com/3356932/?kishu=all
2026-09-17,マルハンSLOT仙台一番町店,スマスロ マギアレコード 魔法少女まどか☆マギカ外伝,326,0,1299,100.0,https://min-repo.com/3356932/?kishu=all
2026-09-17,マルハンSLOT仙台一番町店,スマスロ ビッグドリーム THE GOLDEN PUSHER,27,0,0,,https://min-repo.com/3356932/?kishu=all
2026-09-17,マルハンSLOT仙台一番町店,スマスロ バイオハザードRE:3,143,0,0,,https://min-repo.com/3356932/?kishu=all
2026-09-17,マルハンSLOT仙台一番町店,スマスロ バイオハザードRE:3,142,0,0,,https://min-repo.com/3356932/?kishu=all
2026-09-17,マルハンSLOT仙台一番町店,スマスロ バイオハザードRE:3,141,0,0,,https://min-repo.com/3356932/?kishu=all
2026-09-17,マルハンSLOT仙台一番町店,スマスロ バイオハザードRE:3,140,0,0,,https://min-repo.com/3356932/?kishu=all
2026-09-17,マルハンSLOT仙台一番町店,スマスロ バイオハザード5,393,0,124,100.0,https://min-repo.com/3356932/?kishu=all
2026-09-17,マルハンSLOT仙台一番町店,スマスロ ハナビ,47,0,2458,100.0,https://min-repo.com/3356932/?kishu=all
2026-09-17,マルハンSLOT仙台一番町店,スマスロ ハナビ,46,0,1299,100.0,https://min-repo.com/3356932/?kishu=all
2026-09-17,マルハンSLOT仙台一番町店,スマスロ ハナビ,45,0,1297,100.0,https://min-repo.com/3356932/?kishu=all
2026-09-17,マルハンSLOT仙台一番町店,スマスロ デビルメイクライ5 スタイリッシュトライブ,399,0,853,100.0,https://min-repo.com/3356932/?kishu=all
2026-09-17,マルハンSLOT仙台一番町店,スマスロ タコスロ,29,0,3139,100.0,https://min-repo.com/3356932/?kishu=all
2026-09-17,マルハンSLOT仙台一番町店,スマスロ タコスロ,28,0,3507,100.0,https://min-repo.com/3356932/?kishu=all
2026-09-17,マルハンSLOT仙台一番町店,スマスロ スーパーリオエース2,267,0,1304,100.0,https://min-repo.com/3356932/?kishu=all
2026-09-17,マルハンSLOT仙台一番町店,スマスロ スーパーブラックジャック,181,0,0,,https://min-repo.com/3356932/?kishu=all
2026-09-17,マルハンSLOT仙台一番町店,スマスロ スーパーブラックジャック,180,0,828,100.0,https://min-repo.com/3356932/?kishu=all
2026-09-17,マルハンSLOT仙台一番町店,スマスロ スーパーブラックジャック,179,0,0,,https://min-repo.com/3356932/?kishu=all
2026-09-17,マルハンSLOT仙台一番町店,スマスロ ストリートファイター6,386,0,579,100.0,https://min-repo.com/3356932/?kishu=all
2026-09-17,マルハンSLOT仙台一番町店,スマスロ ストリートファイター6,385,0,1391,100.0,https://min-repo.com/3356932/?kishu=all
2026-09-17,マルハンSLOT仙台一番町店,スマスロ ストリートファイター6,384,0,811,100.0,https://min-repo.com/3356932/?kishu=all
2026-09-17,マルハンSLOT仙台一番町店,スマスロ シャーマンキング,150,0,1241,100.0,https://min-repo.com/3356932/?kishu=all
2026-09-17,マルハンSLOT仙台一番町店,スマスロ シャーマンキング,149,0,11,,https://min-repo.com/3356932/?kishu=all
2026-09-17,マルハンSLOT仙台一番町店,スマスロ シャーマンキング,148,0,619,100.0,https://min-repo.com/3356932/?kishu=all
2026-09-17,マルハンSLOT仙台一番町店,スマスロ シャーマンキング,147,0,412,100.0,https://min-repo.com/3356932/?kishu=all
2026-09-17,マルハンSLOT仙台一番町店,スマスロ サンダーV,44,0,268,100.0,https://min-repo.com/3356932/?kishu=all
2026-09-17,マルハンSLOT仙台一番町店,スマスロ サンダーV,43,0,376,100.0,https://min-repo.com/3356932/?kishu=all
2026-09-17,マルハンSLOT仙台一番町店,スマスロ サンダーV,42,0,722,100.0,https://min-repo.com/3356932/?kishu=all
2026-09-17,マルハンSLOT仙台一番町店,スマスロ サンダーV,41,0,763,100.0,https://min-repo.com/3356932/?kishu=all
2026-09-17,マルハンSLOT仙台一番町店,スマスロ ゴッドイーター リザレクション,381,0,832,100.0,https://min-repo.com/3356932/?kishu=all
2026-09-17,マルハンSLOT仙台一番町店,スマスロ ゴッドイーター リザレクション,380,0,134,100.0,https://min-repo.com/3356932/?kishu=all
2026-09-17,マルハンSLOT仙台一番町店,スマスロ ゴッドイーター リザレクション,379,0,602,100.0,https://min-repo.com/3356932/?kishu=all
2026-09-17,マルハンSLOT仙台一番町店,スマスロ ゴッドイーター リザレクション,378,0,163,100.0,https://min-repo.com/3356932/?kishu=all
2026-09-17,マルハンSLOT仙台一番町店,スマスロ ゴッドイーター リザレクション,377,0,629,100.0,https://min-repo.com/3356932/?kishu=all
2026-09-17,マルハンSLOT仙台一番町店,スマスロ ゴッドイーター リザレクション,376,0,539,100.0,https://min-repo.com/3356932/?kishu=all
2026-09-17,マルハンSLOT仙台一番町店,スマスロ ゴッドイーター リザレクション,375,0,594,100.0,https://min-repo.com/3356932/?kishu=all
2026-09-17,マルハンSLOT仙台一番町店,スマスロ ゴッドイーター リザレクション,374,0,610,100.0,https://min-repo.com/3356932/?kishu=all
2026-09-17,マルハンSLOT仙台一番町店,スマスロ ゴッドイーター リザレクション,373,0,736,100.0,https://min-repo.com/3356932/?kishu=all
2026-09-17,マルハンSLOT仙台一番町店,スマスロ ゴッドイーター リザレクション,372,0,470,100.0,https://min-repo.com/3356932/?kishu=all
2026-09-17,マルハンSLOT仙台一番町店,スマスロ ゴッドイーター リザレクション,371,0,1065,100.0,https://min-repo.com/3356932/?kishu=all
2026-09-17,マルハンSLOT仙台一番町店,スマスロ ゴッドイーター リザレクション,370,0,626,100.0,https://min-repo.com/3356932/?kishu=all
2026-09-17,マルハンSLOT仙台一番町店,スマスロ やじきた道中記参る！,276,0,2250,100.0,https://min-repo.com/3356932/?kishu=all
2026-09-17,マルハンSLOT仙台一番町店,スマスロ やじきた道中記参る！,275,0,1542,100.0,https://min-repo.com/3356932/?kishu=all
2026-09-17,マルハンSLOT仙台一番町店,スマスロ やじきた道中記参る！,274,0,353,100.0,https://min-repo.com/3356932/?kishu=all
2026-09-17,マルハンSLOT仙台一番町店,スマスロ とある魔術の禁書目録2,279,0,2770,100.0,https://min-repo.com/3356932/?kishu=all
2026-09-17,マルハンSLOT仙台一番町店,スマスロ とある魔術の禁書目録2,278,0,2542,100.0,https://min-repo.com/3356932/?kishu=all
2026-09-17,マルハンSLOT仙台一番町店,スマスロ とある魔術の禁書目録2,277,0,2204,100.0,https://min-repo.com/3356932/?kishu=all
2026-09-17,マルハンSLOT仙台一番町店,ジャグラーガールズSS,71,0,2678,100.0,https://min-repo.com/3356932/?kishu=all
2026-09-17,マルハンSLOT仙台一番町店,ジャグラーガールズSS,70,0,1032,100.0,https://min-repo.com/3356932/?kishu=all
2026-09-17,マルハンSLOT仙台一番町店,ジャグラーガールズSS,69,0,5142,100.0,https://min-repo.com/3356932/?kishu=all
2026-09-17,マルハンSLOT仙台一番町店,ジャグラーガールズSS,68,0,2102,100.0,https://min-repo.com/3356932/?kishu=all
2026-09-17,マルハンSLOT仙台一番町店,ゴーゴージャグラー３,99,0,1014,100.0,https://min-repo.com/3356932/?kishu=all
2026-09-17,マルハンSLOT仙台一番町店,ゴーゴージャグラー３,98,0,2448,100.0,https://min-repo.com/3356932/?kishu=all
2026-09-17,マルハンSLOT仙台一番町店,ゴーゴージャグラー３,97,0,4084,100.0,https://min-repo.com/3356932/?kishu=all
2026-09-17,マルハンSLOT仙台一番町店,ゴーゴージャグラー３,67,0,7959,100.0,https://min-repo.com/3356932/?kishu=all
2026-09-17,マルハンSLOT仙台一番町店,ゴーゴージャグラー３,66,0,469,100.0,https://min-repo.com/3356932/?kishu=all
2026-09-17,マルハンSLOT仙台一番町店,ゴーゴージャグラー３,65,0,4983,100.0,https://min-repo.com/3356932/?kishu=all
2026-09-17,マルハンSLOT仙台一番町店,ゴーゴージャグラー３,120,0,1123,100.0,https://min-repo.com/3356932/?kishu=all
2026-09-17,マルハンSLOT仙台一番町店,ゴーゴージャグラー３,119,0,4298,100.0,https://min-repo.com/3356932/?kishu=all
2026-09-17,マルハンSLOT仙台一番町店,ゴーゴージャグラー３,118,0,846,100.0,https://min-repo.com/3356932/?kishu=all
2026-09-17,マルハンSLOT仙台一番町店,ゴーゴージャグラー３,117,0,4658,100.0,https://min-repo.com/3356932/?kishu=all
2026-09-17,マルハンSLOT仙台一番町店,ゴーゴージャグラー３,116,0,3227,100.0,https://min-repo.com/3356932/?kishu=all
2026-09-17,マルハンSLOT仙台一番町店,ゴーゴージャグラー３,115,0,1223,100.0,https://min-repo.com/3356932/?kishu=all
2026-09-17,マルハンSLOT仙台一番町店,ゴーゴージャグラー３,114,0,1078,100.0,https://min-repo.com/3356932/?kishu=all
2026-09-17,マルハンSLOT仙台一番町店,ゴーゴージャグラー３,113,0,6438,100.0,https://min-repo.com/3356932/?kishu=all
2026-09-17,マルハンSLOT仙台一番町店,ゴーゴージャグラー３,112,0,460,100.0,https://min-repo.com/3356932/?kishu=all
2026-09-17,マルハンSLOT仙台一番町店,ゴーゴージャグラー３,111,0,1335,100.0,https://min-repo.com/3356932/?kishu=all
2026-09-17,マルハンSLOT仙台一番町店,ゴーゴージャグラー３,110,0,597,100.0,https://min-repo.com/3356932/?kishu=all
2026-09-17,マルハンSLOT仙台一番町店,ゴーゴージャグラー３,109,0,4230,100.0,https://min-repo.com/3356932/?kishu=all
2026-09-17,マルハンSLOT仙台一番町店,ゴーゴージャグラー３,108,0,768,100.0,https://min-repo.com/3356932/?kishu=all
2026-09-17,マルハンSLOT仙台一番町店,ゴーゴージャグラー３,107,0,6099,100.0,https://min-repo.com/3356932/?kishu=all
2026-09-17,マルハンSLOT仙台一番町店,ゴーゴージャグラー３,106,0,1170,100.0,https://min-repo.com/3356932/?kishu=all
2026-09-17,マルハンSLOT仙台一番町店,ゴーゴージャグラー３,105,0,1162,100.0,https://min-repo.com/3356932/?kishu=all
2026-09-17,マルハンSLOT仙台一番町店,ゴーゴージャグラー３,104,0,3514,100.0,https://min-repo.com/3356932/?kishu=all
2026-09-17,マルハンSLOT仙台一番町店,ゴーゴージャグラー３,103,0,3255,100.0,https://min-repo.com/3356932/?kishu=all
2026-09-17,マルハンSLOT仙台一番町店,ゴーゴージャグラー３,102,0,968,100.0,https://min-repo.com/3356932/?kishu=all
2026-09-17,マルハンSLOT仙台一番町店,ゴーゴージャグラー３,101,0,755,100.0,https://min-repo.com/3356932/?kishu=all
2026-09-17,マルハンSLOT仙台一番町店,ゴーゴージャグラー３,100,0,1728,100.0,https://min-repo.com/3356932/?kishu=all
2026-09-17,マルハンSLOT仙台一番町店,クレアの秘宝伝～はじまりの扉と太陽の石～ボーナストリガーver.,40,0,810,100.0,https://min-repo.com/3356932/?kishu=all
2026-09-17,マルハンSLOT仙台一番町店,クレアの秘宝伝～はじまりの扉と太陽の石～ボーナストリガーver.,39,0,406,100.0,https://min-repo.com/3356932/?kishu=all
2026-09-17,マルハンSLOT仙台一番町店,クレアの秘宝伝～はじまりの扉と太陽の石～ボーナストリガーver.,38,0,4441,100.0,https://min-repo.com/3356932/?kishu=all
2026-09-17,マルハンSLOT仙台一番町店,アレックス ブライト,30,0,3128,100.0,https://min-repo.com/3356932/?kishu=all
2026-09-17,マルハンSLOT仙台一番町店,いざ！番長,391,0,0,,https://min-repo.com/3356932/?kishu=all
2026-09-17,マルハンSLOT仙台一番町店,SHAKE BONUS TRIGGER,34,0,2351,100.0,https://min-repo.com/3356932/?kishu=all
2026-09-17,マルハンSLOT仙台一番町店,SHAKE BONUS TRIGGER,33,0,1383,100.0,https://min-repo.com/3356932/?kishu=all
2026-09-17,マルハンSLOT仙台一番町店,L青春ブタ野郎はバニーガール先輩の夢を見ない,162,0,6616,100.0,https://min-repo.com/3356932/?kishu=all
2026-09-17,マルハンSLOT仙台一番町店,L青春ブタ野郎はバニーガール先輩の夢を見ない,161,0,7744,100.0,https://min-repo.com/3356932/?kishu=all
2026-09-17,マルハンSLOT仙台一番町店,L邪神ちゃんドロップキック,387,0,3822,100.0,https://min-repo.com/3356932/?kishu=all
2026-09-17,マルハンSLOT仙台一番町店,L範馬刃牙,26,0,388,100.0,https://min-repo.com/3356932/?kishu=all
2026-09-17,マルハンSLOT仙台一番町店,L無職転生～異世界行ったら本気だす～,395,0,0,,https://min-repo.com/3356932/?kishu=all
2026-09-17,マルハンSLOT仙台一番町店,L東京喰種,338,0,5034,100.0,https://min-repo.com/3356932/?kishu=all
2026-09-17,マルハンSLOT仙台一番町店,L東京喰種,337,0,1258,100.0,https://min-repo.com/3356932/?kishu=all
2026-09-17,マルハンSLOT仙台一番町店,L東京喰種,336,0,4112,100.0,https://min-repo.com/3356932/?kishu=all
2026-09-17,マルハンSLOT仙台一番町店,L東京喰種,335,0,1198,100.0,https://min-repo.com/3356932/?kishu=all
2026-09-17,マルハンSLOT仙台一番町店,L東京喰種,334,0,1650,100.0,https://min-repo.com/3356932/?kishu=all
2026-09-17,マルハンSLOT仙台一番町店,L東京喰種,333,0,2912,100.0,https://min-repo.com/3356932/?kishu=all
2026-09-17,マルハンSLOT仙台一番町店,L東京喰種,332,0,818,100.0,https://min-repo.com/3356932/?kishu=all
2026-09-17,マルハンSLOT仙台一番町店,L東京喰種,316,0,7865,100.0,https://min-repo.com/3356932/?kishu=all
2026-09-17,マルハンSLOT仙台一番町店,L東京喰種,315,0,930,100.0,https://min-repo.com/3356932/?kishu=all
2026-09-17,マルハンSLOT仙台一番町店,L東京喰種,314,0,4948,100.0,https://min-repo.com/3356932/?kishu=all
2026-09-17,マルハンSLOT仙台一番町店,L東京喰種,313,0,6538,100.0,https://min-repo.com/3356932/?kishu=all
2026-09-17,マルハンSLOT仙台一番町店,L東京喰種,312,0,6806,100.0,https://min-repo.com/3356932/?kishu=all
2026-09-17,マルハンSLOT仙台一番町店,L東京喰種,311,0,2732,100.0,https://min-repo.com/3356932/?kishu=all
2026-09-17,マルハンSLOT仙台一番町店,L東京喰種,310,0,986,100.0,https://min-repo.com/3356932/?kishu=all
2026-09-17,マルハンSLOT仙台一番町店,L東京喰種,309,0,7176,100.0,https://min-repo.com/3356932/?kishu=all
2026-09-17,マルハンSLOT仙台一番町店,L東京喰種,308,0,4341,100.0,https://min-repo.com/3356932/?kishu=all
2026-09-17,マルハンSLOT仙台一番町店,L東京喰種,307,0,2580,100.0,https://min-repo.com/3356932/?kishu=all
2026-09-17,マルハンSLOT仙台一番町店,L東京喰種,306,0,4083,100.0,https://min-repo.com/3356932/?kishu=all
2026-09-17,マルハンSLOT仙台一番町店,L東京喰種,305,0,1658,100.0,https://min-repo.com/3356932/?kishu=all
2026-09-17,マルハンSLOT仙台一番町店,L東京喰種,304,0,1061,100.0,https://min-repo.com/3356932/?kishu=all
2026-09-17,マルハンSLOT仙台一番町店,L東京喰種,303,0,6112,100.0,https://min-repo.com/3356932/?kishu=all
2026-09-17,マルハンSLOT仙台一番町店,L東京喰種,302,0,363,100.0,https://min-repo.com/3356932/?kishu=all
2026-09-17,マルハンSLOT仙台一番町店,L東京喰種,301,0,2230,100.0,https://min-repo.com/3356932/?kishu=all
2026-09-17,マルハンSLOT仙台一番町店,L東京喰種,300,0,2292,100.0,https://min-repo.com/3356932/?kishu=all
2026-09-17,マルハンSLOT仙台一番町店,L東京喰種,299,0,1178,100.0,https://min-repo.com/3356932/?kishu=all
2026-09-17,マルハンSLOT仙台一番町店,L東京喰種,298,0,1432,100.0,https://min-repo.com/3356932/?kishu=all
2026-09-17,マルハンSLOT仙台一番町店,L東京喰種,297,0,4444,100.0,https://min-repo.com/3356932/?kishu=all
2026-09-17,マルハンSLOT仙台一番町店,L東京喰種,296,0,851,100.0,https://min-repo.com/3356932/?kishu=all
2026-09-17,マルハンSLOT仙台一番町店,L東京喰種,295,0,502,100.0,https://min-repo.com/3356932/?kishu=all
2026-09-17,マルハンSLOT仙台一番町店,L東京喰種,294,0,2196,100.0,https://min-repo.com/3356932/?kishu=all
2026-09-17,マルハンSLOT仙台一番町店,L東京喰種,293,0,6274,100.0,https://min-repo.com/3356932/?kishu=all
2026-09-17,マルハンSLOT仙台一番町店,L東京喰種,292,0,370,100.0,https://min-repo.com/3356932/?kishu=all
2026-09-17,マルハンSLOT仙台一番町店,L東京喰種,291,0,2871,100.0,https://min-repo.com/3356932/?kishu=all
2026-09-17,マルハンSLOT仙台一番町店,L東京喰種,290,0,565,100.0,https://min-repo.com/3356932/?kishu=all
2026-09-17,マルハンSLOT仙台一番町店,L東京喰種,289,0,2789,100.0,https://min-repo.com/3356932/?kishu=all
2026-09-17,マルハンSLOT仙台一番町店,L東京喰種,288,0,3020,100.0,https://min-repo.com/3356932/?kishu=all
2026-09-17,マルハンSLOT仙台一番町店,L東京喰種,287,0,3958,100.0,https://min-repo.com/3356932/?kishu=all
2026-09-17,マルハンSLOT仙台一番町店,L東京喰種,286,0,1076,100.0,https://min-repo.com/3356932/?kishu=all
2026-09-17,マルハンSLOT仙台一番町店,L東京喰種,285,0,1223,100.0,https://min-repo.com/3356932/?kishu=all
2026-09-17,マルハンSLOT仙台一番町店,L東京喰種,284,0,3846,100.0,https://min-repo.com/3356932/?kishu=all
2026-09-17,マルハンSLOT仙台一番町店,L戦国乙女４　戦乱に閃く炯眼の軍師,23,0,0,,https://min-repo.com/3356932/?kishu=all
2026-09-17,マルハンSLOT仙台一番町店,L戦国乙女5 業火を穿つ宿焔の双刃,283,0,5542,100.0,https://min-repo.com/3356932/?kishu=all
2026-09-17,マルハンSLOT仙台一番町店,L戦国乙女5 業火を穿つ宿焔の双刃,282,0,6155,100.0,https://min-repo.com/3356932/?kishu=all
2026-09-17,マルハンSLOT仙台一番町店,L戦国乙女5 業火を穿つ宿焔の双刃,281,0,4166,100.0,https://min-repo.com/3356932/?kishu=all
2026-09-17,マルハンSLOT仙台一番町店,L戦国乙女5 業火を穿つ宿焔の双刃,280,0,3125,100.0,https://min-repo.com/3356932/?kishu=all
2026-09-17,マルハンSLOT仙台一番町店,L南国育ち SPECIAL,396,0,4573,100.0,https://min-repo.com/3356932/?kishu=all
2026-09-17,マルハンSLOT仙台一番町店,L不二子BT,36,0,1420,100.0,https://min-repo.com/3356932/?kishu=all
2026-09-17,マルハンSLOT仙台一番町店,L不二子BT,35,0,724,100.0,https://min-repo.com/3356932/?kishu=all
2026-09-17,マルハンSLOT仙台一番町店,Lパチスロ革命機ヴァルヴレイヴ2,355,0,3837,100.0,https://min-repo.com/3356932/?kishu=all
2026-09-17,マルハンSLOT仙台一番町店,Lパチスロ革命機ヴァルヴレイヴ2,354,0,2127,100.0,https://min-repo.com/3356932/?kishu=all
2026-09-17,マルハンSLOT仙台一番町店,Lパチスロ革命機ヴァルヴレイヴ2,353,0,6576,100.0,https://min-repo.com/3356932/?kishu=all
2026-09-17,マルハンSLOT仙台一番町店,Lパチスロ革命機ヴァルヴレイヴ2,352,0,2891,100.0,https://min-repo.com/3356932/?kishu=all
2026-09-17,マルハンSLOT仙台一番町店,Lパチスロ革命機ヴァルヴレイヴ2,351,0,5268,100.0,https://min-repo.com/3356932/?kishu=all
2026-09-17,マルハンSLOT仙台一番町店,Lパチスロ革命機ヴァルヴレイヴ2,350,0,2740,100.0,https://min-repo.com/3356932/?kishu=all
2026-09-17,マルハンSLOT仙台一番町店,Lパチスロ革命機ヴァルヴレイヴ2,349,0,1161,100.0,https://min-repo.com/3356932/?kishu=all
2026-09-17,マルハンSLOT仙台一番町店,Lパチスロ革命機ヴァルヴレイヴ2,348,0,3053,100.0,https://min-repo.com/3356932/?kishu=all
2026-09-17,マルハンSLOT仙台一番町店,Lパチスロ革命機ヴァルヴレイヴ2,347,0,5580,100.0,https://min-repo.com/3356932/?kishu=all
2026-09-17,マルハンSLOT仙台一番町店,Lパチスロ革命機ヴァルヴレイヴ,152,0,0,,https://min-repo.com/3356932/?kishu=all
2026-09-17,マルハンSLOT仙台一番町店,Lパチスロ革命機ヴァルヴレイヴ,151,0,0,,https://min-repo.com/3356932/?kishu=all
2026-09-17,マルハンSLOT仙台一番町店,Lパチスロ炎炎ノ消防隊2,211,0,3278,100.0,https://min-repo.com/3356932/?kishu=all
2026-09-17,マルハンSLOT仙台一番町店,Lパチスロ炎炎ノ消防隊2,210,0,424,100.0,https://min-repo.com/3356932/?kishu=all
2026-09-17,マルハンSLOT仙台一番町店,Lパチスロ炎炎ノ消防隊2,209,0,2488,100.0,https://min-repo.com/3356932/?kishu=all
2026-09-17,マルハンSLOT仙台一番町店,Lパチスロ炎炎ノ消防隊2,208,0,1556,100.0,https://min-repo.com/3356932/?kishu=all
2026-09-17,マルハンSLOT仙台一番町店,Lパチスロ炎炎ノ消防隊2,207,0,1129,100.0,https://min-repo.com/3356932/?kishu=all
2026-09-17,マルハンSLOT仙台一番町店,Lパチスロ炎炎ノ消防隊2,206,0,749,100.0,https://min-repo.com/3356932/?kishu=all
2026-09-17,マルハンSLOT仙台一番町店,Lパチスロ彼女、お借りします,139,0,5475,100.0,https://min-repo.com/3356932/?kishu=all
2026-09-17,マルハンSLOT仙台一番町店,Lパチスロ彼女、お借りします,138,0,6851,100.0,https://min-repo.com/3356932/?kishu=all
2026-09-17,マルハンSLOT仙台一番町店,Lパチスロからくりサーカス2,242,0,1472,100.0,https://min-repo.com/3356932/?kishu=all
2026-09-17,マルハンSLOT仙台一番町店,Lパチスロからくりサーカス2,241,0,4798,100.0,https://min-repo.com/3356932/?kishu=all
2026-09-17,マルハンSLOT仙台一番町店,Lパチスロからくりサーカス2,240,0,6644,100.0,https://min-repo.com/3356932/?kishu=all
2026-09-17,マルハンSLOT仙台一番町店,Lパチスロからくりサーカス2,239,0,0,,https://min-repo.com/3356932/?kishu=all
2026-09-17,マルハンSLOT仙台一番町店,Lパチスロからくりサーカス2,238,0,2136,100.0,https://min-repo.com/3356932/?kishu=all
2026-09-17,マルハンSLOT仙台一番町店,Lパチスロからくりサーカス,157,0,116,100.0,https://min-repo.com/3356932/?kishu=all
2026-09-17,マルハンSLOT仙台一番町店,Lパチスロからくりサーカス,156,0,89,,https://min-repo.com/3356932/?kishu=all
2026-09-17,マルハンSLOT仙台一番町店,Lパチスロからくりサーカス,155,0,71,,https://min-repo.com/3356932/?kishu=all
2026-09-17,マルハンSLOT仙台一番町店,Lパチスロ 機動戦士ガンダムユニコーン 覚醒DRIVE,25,0,0,,https://min-repo.com/3356932/?kishu=all
2026-09-17,マルハンSLOT仙台一番町店,Lパチスロ かぐや様は告らせたい,266,0,360,100.0,https://min-repo.com/3356932/?kishu=all
2026-09-17,マルハンSLOT仙台一番町店,Lパチスロ かぐや様は告らせたい,265,0,10,,https://min-repo.com/3356932/?kishu=all
2026-09-17,マルハンSLOT仙台一番町店,Lパチスロ かぐや様は告らせたい,264,0,297,100.0,https://min-repo.com/3356932/?kishu=all
2026-09-17,マルハンSLOT仙台一番町店,Lパチスロ かぐや様は告らせたい,263,0,651,100.0,https://min-repo.com/3356932/?kishu=all
2026-09-17,マルハンSLOT仙台一番町店,Lパチスロ かぐや様は告らせたい,262,0,0,,https://min-repo.com/3356932/?kishu=all
2026-09-17,マルハンSLOT仙台一番町店,Lパチスロ かぐや様は告らせたい,261,0,0,,https://min-repo.com/3356932/?kishu=all
2026-09-17,マルハンSLOT仙台一番町店,Lパチスロ かぐや様は告らせたい,260,0,769,100.0,https://min-repo.com/3356932/?kishu=all
2026-09-17,マルハンSLOT仙台一番町店,Lパチスロ かぐや様は告らせたい,259,0,722,100.0,https://min-repo.com/3356932/?kishu=all
2026-09-17,マルハンSLOT仙台一番町店,Lパチスロ かぐや様は告らせたい,258,0,0,,https://min-repo.com/3356932/?kishu=all
2026-09-17,マルハンSLOT仙台一番町店,Lダーリン・イン・ザ・フランキス,392,0,803,100.0,https://min-repo.com/3356932/?kishu=all
2026-09-17,マルハンSLOT仙台一番町店,Lタクトオーパス デスティニー,389,0,261,100.0,https://min-repo.com/3356932/?kishu=all
2026-09-17,マルハンSLOT仙台一番町店,Lスマスロ北斗の拳,86,0,1590,100.0,https://min-repo.com/3356932/?kishu=all
2026-09-17,マルハンSLOT仙台一番町店,Lスマスロ北斗の拳,85,0,980,100.0,https://min-repo.com/3356932/?kishu=all
2026-09-17,マルハンSLOT仙台一番町店,Lスマスロ北斗の拳,84,0,434,100.0,https://min-repo.com/3356932/?kishu=all
2026-09-17,マルハンSLOT仙台一番町店,Lスマスロ北斗の拳,83,0,1200,100.0,https://min-repo.com/3356932/?kishu=all
2026-09-17,マルハンSLOT仙台一番町店,Lスマスロ北斗の拳,82,0,291,100.0,https://min-repo.com/3356932/?kishu=all
2026-09-17,マルハンSLOT仙台一番町店,Lスマスロ北斗の拳,81,0,702,100.0,https://min-repo.com/3356932/?kishu=all
2026-09-17,マルハンSLOT仙台一番町店,Lスマスロ北斗の拳,80,0,688,100.0,https://min-repo.com/3356932/?kishu=all
2026-09-17,マルハンSLOT仙台一番町店,Lスマスロ北斗の拳,57,0,1060,100.0,https://min-repo.com/3356932/?kishu=all
2026-09-17,マルハンSLOT仙台一番町店,Lスマスロ北斗の拳,56,0,1200,100.0,https://min-repo.com/3356932/?kishu=all
2026-09-17,マルハンSLOT仙台一番町店,Lスマスロ北斗の拳,55,0,0,,https://min-repo.com/3356932/?kishu=all
2026-09-17,マルハンSLOT仙台一番町店,Lスマスロ北斗の拳,54,0,274,100.0,https://min-repo.com/3356932/?kishu=all
2026-09-17,マルハンSLOT仙台一番町店,Lスマスロ北斗の拳,53,0,515,100.0,https://min-repo.com/3356932/?kishu=all
2026-09-17,マルハンSLOT仙台一番町店,Lスマスロ北斗の拳,52,0,860,100.0,https://min-repo.com/3356932/?kishu=all
2026-09-17,マルハンSLOT仙台一番町店,Lスマスロ北斗の拳,51,0,163,100.0,https://min-repo.com/3356932/?kishu=all
2026-09-17,マルハンSLOT仙台一番町店,Lスマスロ北斗の拳,50,0,2348,100.0,https://min-repo.com/3356932/?kishu=all
2026-09-17,マルハンSLOT仙台一番町店,Lスマスロ北斗の拳,49,0,371,100.0,https://min-repo.com/3356932/?kishu=all
2026-09-17,マルハンSLOT仙台一番町店,Lスマスロ北斗の拳,48,0,850,100.0,https://min-repo.com/3356932/?kishu=all
2026-09-17,マルハンSLOT仙台一番町店,Lアズールレーン THE ANIMATION,269,0,262,100.0,https://min-repo.com/3356932/?kishu=all
2026-09-17,マルハンSLOT仙台一番町店,Lアズールレーン THE ANIMATION,268,0,464,100.0,https://min-repo.com/3356932/?kishu=all
2026-09-17,マルハンSLOT仙台一番町店,Lアクダマドライブ,22,0,0,,https://min-repo.com/3356932/?kishu=all
2026-09-17,マルハンSLOT仙台一番町店,LBパチスロ ヱヴァンゲリヲン～約束の扉～,31,0,1122,100.0,https://min-repo.com/3356932/?kishu=all
2026-09-17,マルハンSLOT仙台一番町店,L ULTRAMAN 最終決戦,398,0,740,100.0,https://min-repo.com/3356932/?kishu=all
2026-09-17,マルハンSLOT仙台一番町店,L ToLOVEるダークネス TRANCE ver.8.7,270,0,2257,100.0,https://min-repo.com/3356932/?kishu=all
2026-09-17,マルハンSLOT仙台一番町店,L ToLOVEるダークネス,273,0,669,100.0,https://min-repo.com/3356932/?kishu=all
2026-09-17,マルハンSLOT仙台一番町店,L ToLOVEるダークネス,272,0,811,100.0,https://min-repo.com/3356932/?kishu=all
2026-09-17,マルハンSLOT仙台一番町店,L ToLOVEるダークネス,271,0,656,100.0,https://min-repo.com/3356932/?kishu=all
2026-09-17,マルハンSLOT仙台一番町店,A-SLOT+異世界かるてっとBT,37,0,926,100.0,https://min-repo.com/3356932/?kishu=all
2026-09-17,マルハンSLOT仙台一番町店,A-SLOT+ ディスクアップ ULTRAREMIX,21,0,1159,100.0,https://min-repo.com/3356932/?kishu=all
2026-09-17,マルハンSLOT仙台一番町店,A-SLOT+ ディスクアップ ULTRAREMIX,20,0,746,100.0,https://min-repo.com/3356932/?kishu=all
2026-09-17,マルハンSLOT仙台一番町店,A-SLOT+ ディスクアップ ULTRAREMIX,19,0,1163,100.0,https://min-repo.com/3356932/?kishu=all
2026-09-17,マルハンSLOT仙台一番町店,A-SLOT+ ディスクアップ ULTRAREMIX,18,0,594,100.0,https://min-repo.com/3356932/?kishu=all
2026-09-17,ベガビック1000仙台店,真打 吉宗,757,,9931,,https://min-repo.com/3356661/?kishu=all
2026-09-17,ベガビック1000仙台店,真打 吉宗,756,,8356,,https://min-repo.com/3356661/?kishu=all
2026-09-17,ベガビック1000仙台店,真打 吉宗,755,,8848,,https://min-repo.com/3356661/?kishu=all
2026-09-17,ベガビック1000仙台店,沖ドキ！BLACK,791,3010,2955,134.0,https://min-repo.com/3356661/?kishu=all
2026-09-17,ベガビック1000仙台店,沖ドキ！BLACK,790,,4604,,https://min-repo.com/3356661/?kishu=all
2026-09-17,ベガビック1000仙台店,沖ドキ！BLACK,789,,2450,,https://min-repo.com/3356661/?kishu=all
2026-09-17,ベガビック1000仙台店,沖ドキ！BLACK,788,680,600,137.8,https://min-repo.com/3356661/?kishu=all
2026-09-17,ベガビック1000仙台店,沖ドキ！BLACK,787,3290,6193,117.7,https://min-repo.com/3356661/?kishu=all
2026-09-17,ベガビック1000仙台店,沖ドキ！BLACK,786,730,431,156.5,https://min-repo.com/3356661/?kishu=all
2026-09-17,ベガビック1000仙台店,沖ドキ！BLACK,785,,959,,https://min-repo.com/3356661/?kishu=all
2026-09-17,ベガビック1000仙台店,沖ドキ！BLACK,784,2460,3898,121.0,https://min-repo.com/3356661/?kishu=all
2026-09-17,ベガビック1000仙台店,沖ドキ！BLACK,783,,3349,,https://min-repo.com/3356661/?kishu=all
2026-09-17,ベガビック1000仙台店,沖ドキ！BLACK,749,390,984,113.2,https://min-repo.com/3356661/?kishu=all
2026-09-17,ベガビック1000仙台店,沖ドキ！BLACK,748,1740,2384,124.3,https://min-repo.com/3356661/?kishu=all
2026-09-17,ベガビック1000仙台店,沖ドキ！BLACK,747,70,801,102.9,https://min-repo.com/3356661/?kishu=all
2026-09-17,ベガビック1000仙台店,沖ドキ！BLACK,746,,3701,,https://min-repo.com/3356661/?kishu=all
2026-09-17,ベガビック1000仙台店,沖ドキ！BLACK,745,1660,2453,122.6,https://min-repo.com/3356661/?kishu=all
2026-09-17,ベガビック1000仙台店,沖ドキ！BLACK,744,950,2578,112.3,https://min-repo.com/3356661/?kishu=all
2026-09-17,ベガビック1000仙台店,沖ドキ！BLACK,743,,2582,,https://min-repo.com/3356661/?kishu=all
2026-09-17,ベガビック1000仙台店,沖ドキ！BLACK,742,,799,,https://min-repo.com/3356661/?kishu=all
2026-09-17,ベガビック1000仙台店,沖ドキ！BLACK,741,530,944,118.7,https://min-repo.com/3356661/?kishu=all
2026-09-17,ベガビック1000仙台店,沖ドキ！BLACK,740,,445,,https://min-repo.com/3356661/?kishu=all
2026-09-17,ベガビック1000仙台店,沖ドキ！BLACK,739,1760,3172,118.5,https://min-repo.com/3356661/?kishu=all
2026-09-17,ベガビック1000仙台店,新ハナビ,883,,535,,https://min-repo.com/3356661/?kishu=all
2026-09-17,ベガビック1000仙台店,新ハナビ,882,,822,,https://min-repo.com/3356661/?kishu=all
2026-09-17,ベガビック1000仙台店,新ハナビ,881,,495,,https://min-repo.com/3356661/?kishu=all
2026-09-17,ベガビック1000仙台店,押忍！番長4,869,220,1869,103.9,https://min-repo.com/3356661/?kishu=all
2026-09-17,ベガビック1000仙台店,戦国コレクション6,820,0,0,,https://min-repo.com/3356661/?kishu=all
2026-09-17,ベガビック1000仙台店,戦国コレクション6,819,440,1246,111.8,https://min-repo.com/3356661/?kishu=all
2026-09-17,ベガビック1000仙台店,戦国コレクション6,818,0,0,,https://min-repo.com/3356661/?kishu=all
2026-09-17,ベガビック1000仙台店,戦国コレクション6,817,,2298,,https://min-repo.com/3356661/?kishu=all
2026-09-17,ベガビック1000仙台店,交響詩篇エウレカセブン HI-EVOLUTION ZERO TYPE-ART,893,1930,4567,114.1,https://min-repo.com/3356661/?kishu=all
2026-09-17,ベガビック1000仙台店,ローティス,876,,722,,https://min-repo.com/3356661/?kishu=all
2026-09-17,ベガビック1000仙台店,マタドールⅢ,904,400,1008,113.2,https://min-repo.com/3356661/?kishu=all
2026-09-17,ベガビック1000仙台店,マタドールⅢ,903,,559,,https://min-repo.com/3356661/?kishu=all
2026-09-17,ベガビック1000仙台店,マイジャグラーV,848,,2773,,https://min-repo.com/3356661/?kishu=all
2026-09-17,ベガビック1000仙台店,マイジャグラーV,847,1200,6313,106.3,https://min-repo.com/3356661/?kishu=all
2026-09-17,ベガビック1000仙台店,マイジャグラーV,846,1200,7774,105.1,https://min-repo.com/3356661/?kishu=all
2026-09-17,ベガビック1000仙台店,マイジャグラーV,845,,2875,,https://min-repo.com/3356661/?kishu=all
2026-09-17,ベガビック1000仙台店,マイジャグラーV,844,,4983,,https://min-repo.com/3356661/?kishu=all
2026-09-17,ベガビック1000仙台店,マイジャグラーV,843,,1319,,https://min-repo.com/3356661/?kishu=all
2026-09-17,ベガビック1000仙台店,マイジャグラーV,842,,5814,,https://min-repo.com/3356661/?kishu=all
2026-09-17,ベガビック1000仙台店,マイジャグラーV,841,,7639,,https://min-repo.com/3356661/?kishu=all
2026-09-17,ベガビック1000仙台店,ファンキージャグラー２ＫＴ,958,,1552,,https://min-repo.com/3356661/?kishu=all
2026-09-17,ベガビック1000仙台店,ファンキージャグラー２ＫＴ,957,,6155,,https://min-repo.com/3356661/?kishu=all
2026-09-17,ベガビック1000仙台店,ファンキージャグラー２ＫＴ,956,1450,6036,108.0,https://min-repo.com/3356661/?kishu=all
2026-09-17,ベガビック1000仙台店,ファンキージャグラー２ＫＴ,955,,2862,,https://min-repo.com/3356661/?kishu=all
2026-09-17,ベガビック1000仙台店,ファンキージャグラー２ＫＴ,954,1160,5408,107.1,https://min-repo.com/3356661/?kishu=all
2026-09-17,ベガビック1000仙台店,ファミスタ回胴版！！,884,,1777,,https://min-repo.com/3356661/?kishu=all
2026-09-17,ベガビック1000仙台店,パチスロ　ディスクアップ２,887,3740,6578,119.0,https://min-repo.com/3356661/?kishu=all
2026-09-17,ベガビック1000仙台店,バーサスリヴァイズ,886,,451,,https://min-repo.com/3356661/?kishu=all
2026-09-17,ベガビック1000仙台店,ハッピージャグラーＶＩＩＩ,952,950,6483,104.9,https://min-repo.com/3356661/?kishu=all
2026-09-17,ベガビック1000仙台店,ハッピージャグラーＶＩＩＩ,951,,3042,,https://min-repo.com/3356661/?kishu=all
2026-09-17,ベガビック1000仙台店,ハッピージャグラーＶＩＩＩ,950,,1509,,https://min-repo.com/3356661/?kishu=all
2026-09-17,ベガビック1000仙台店,ハッピージャグラーＶＩＩＩ,949,1160,6240,106.2,https://min-repo.com/3356661/?kishu=all
2026-09-17,ベガビック1000仙台店,ハッピージャグラーＶＩＩＩ,948,,2875,,https://min-repo.com/3356661/?kishu=all
2026-09-17,ベガビック1000仙台店,ハッピージャグラーＶＩＩＩ,947,,2830,,https://min-repo.com/3356661/?kishu=all
2026-09-17,ベガビック1000仙台店,ハッピージャグラーＶＩＩＩ,946,,2466,,https://min-repo.com/3356661/?kishu=all
2026-09-17,ベガビック1000仙台店,ネオアイムジャグラーEX,953,,3740,,https://min-repo.com/3356661/?kishu=all
2026-09-17,ベガビック1000仙台店,ネオアイムジャグラーEX,840,500,7359,102.3,https://min-repo.com/3356661/?kishu=all
2026-09-17,ベガビック1000仙台店,ネオアイムジャグラーEX,839,,2187,,https://min-repo.com/3356661/?kishu=all
2026-09-17,ベガビック1000仙台店,ネオアイムジャグラーEX,838,4490,7604,119.7,https://min-repo.com/3356661/?kishu=all
2026-09-17,ベガビック1000仙台店,ネオアイムジャグラーEX,837,,939,,https://min-repo.com/3356661/?kishu=all
2026-09-17,ベガビック1000仙台店,ネオアイムジャグラーEX,836,,5184,,https://min-repo.com/3356661/?kishu=all
2026-09-17,ベガビック1000仙台店,ネオアイムジャグラーEX,835,,3778,,https://min-repo.com/3356661/?kishu=all
2026-09-17,ベガビック1000仙台店,ネオアイムジャグラーEX,834,,2634,,https://min-repo.com/3356661/?kishu=all
2026-09-17,ベガビック1000仙台店,ネオアイムジャグラーEX,833,,2847,,https://min-repo.com/3356661/?kishu=all
2026-09-17,ベガビック1000仙台店,ネオアイムジャグラーEX,800,,1805,,https://min-repo.com/3356661/?kishu=all
2026-09-17,ベガビック1000仙台店,ネオアイムジャグラーEX,799,,3888,,https://min-repo.com/3356661/?kishu=all
2026-09-17,ベガビック1000仙台店,ネオアイムジャグラーEX,798,,1569,,https://min-repo.com/3356661/?kishu=all
2026-09-17,ベガビック1000仙台店,ネオアイムジャグラーEX,797,2200,5563,113.2,https://min-repo.com/3356661/?kishu=all
2026-09-17,ベガビック1000仙台店,ネオアイムジャグラーEX,796,,3731,,https://min-repo.com/3356661/?kishu=all
2026-09-17,ベガビック1000仙台店,ネオアイムジャグラーEX,795,,2015,,https://min-repo.com/3356661/?kishu=all
2026-09-17,ベガビック1000仙台店,ネオアイムジャグラーEX,794,,820,,https://min-repo.com/3356661/?kishu=all
2026-09-17,ベガビック1000仙台店,ネオアイムジャグラーEX,793,500,5915,102.8,https://min-repo.com/3356661/?kishu=all
2026-09-17,ベガビック1000仙台店,ネオアイムジャグラーEX,792,,1748,,https://min-repo.com/3356661/?kishu=all
2026-09-17,ベガビック1000仙台店,チバリヨ2,832,,526,,https://min-repo.com/3356661/?kishu=all
2026-09-17,ベガビック1000仙台店,チバリヨ2,831,620,773,126.7,https://min-repo.com/3356661/?kishu=all
2026-09-17,ベガビック1000仙台店,チバリヨ2,830,170,986,105.7,https://min-repo.com/3356661/?kishu=all
2026-09-17,ベガビック1000仙台店,チバリヨ2,829,,899,,https://min-repo.com/3356661/?kishu=all
2026-09-17,ベガビック1000仙台店,スロット ワールドダイスター,774,,3673,,https://min-repo.com/3356661/?kishu=all
2026-09-17,ベガビック1000仙台店,スロット ワールドダイスター,773,,2898,,https://min-repo.com/3356661/?kishu=all
2026-09-17,ベガビック1000仙台店,スロット ソードアート・オンラインⅡ,808,,7464,,https://min-repo.com/3356661/?kishu=all
2026-09-17,ベガビック1000仙台店,スロット ソードアート・オンラインⅡ,807,,7298,,https://min-repo.com/3356661/?kishu=all
2026-09-17,ベガビック1000仙台店,スロット ソードアート・オンラインⅡ,806,,7937,,https://min-repo.com/3356661/?kishu=all
2026-09-17,ベガビック1000仙台店,スマート沖スロ スターハナハナ,898,,2562,,https://min-repo.com/3356661/?kishu=all
2026-09-17,ベガビック1000仙台店,スマート沖スロ スターハナハナ,897,,789,,https://min-repo.com/3356661/?kishu=all
2026-09-17,ベガビック1000仙台店,スマスロ鉄拳6,772,0,0,,https://min-repo.com/3356661/?kishu=all
2026-09-17,ベガビック1000仙台店,スマスロ鉄拳6,771,0,0,,https://min-repo.com/3356661/?kishu=all
2026-09-17,ベガビック1000仙台店,スマスロ秘宝伝,868,,1491,,https://min-repo.com/3356661/?kishu=all
2026-09-17,ベガビック1000仙台店,スマスロ痛いのは嫌なので防御力に極振りしたいと思います。,867,,609,,https://min-repo.com/3356661/?kishu=all
2026-09-17,ベガビック1000仙台店,スマスロ新鬼武者3,866,,1390,,https://min-repo.com/3356661/?kishu=all
2026-09-17,ベガビック1000仙台店,スマスロ新鬼武者3,854,,51,,https://min-repo.com/3356661/?kishu=all
2026-09-17,ベガビック1000仙台店,スマスロ北斗の拳 転生の章2,727,190,452,114.0,https://min-repo.com/3356661/?kishu=all
2026-09-17,ベガビック1000仙台店,スマスロ北斗の拳 転生の章2,726,1670,1069,152.1,https://min-repo.com/3356661/?kishu=all
2026-09-17,ベガビック1000仙台店,スマスロ北斗の拳 転生の章2,725,,4986,,https://min-repo.com/3356661/?kishu=all
2026-09-17,ベガビック1000仙台店,スマスロ北斗の拳 転生の章2,724,50,460,103.6,https://min-repo.com/3356661/?kishu=all
2026-09-17,ベガビック1000仙台店,スマスロ北斗の拳 転生の章2,723,,44,,https://min-repo.com/3356661/?kishu=all
2026-09-17,ベガビック1000仙台店,スマスロ北斗の拳 転生の章2,722,,4978,,https://min-repo.com/3356661/?kishu=all
2026-09-17,ベガビック1000仙台店,スマスロ北斗の拳 転生の章2,721,2710,9614,109.4,https://min-repo.com/3356661/?kishu=all
2026-09-17,ベガビック1000仙台店,スマスロ北斗の拳 転生の章2,720,,2289,,https://min-repo.com/3356661/?kishu=all
2026-09-17,ベガビック1000仙台店,スマスロ化物語,932,0,0,,https://min-repo.com/3356661/?kishu=all
2026-09-17,ベガビック1000仙台店,スマスロ化物語,931,2390,2298,134.7,https://min-repo.com/3356661/?kishu=all
2026-09-17,ベガビック1000仙台店,スマスロ化物語,930,,838,,https://min-repo.com/3356661/?kishu=all
2026-09-17,ベガビック1000仙台店,スマスロ化物語,929,,1441,,https://min-repo.com/3356661/?kishu=all
2026-09-17,ベガビック1000仙台店,スマスロヨルムンガンド,879,,1498,,https://min-repo.com/3356661/?kishu=all
2026-09-17,ベガビック1000仙台店,スマスロモンキーターンV,782,,1381,,https://min-repo.com/3356661/?kishu=all
2026-09-17,ベガビック1000仙台店,スマスロモンキーターンV,781,,3178,,https://min-repo.com/3356661/?kishu=all
2026-09-17,ベガビック1000仙台店,スマスロモンキーターンV,780,600,1083,118.5,https://min-repo.com/3356661/?kishu=all
2026-09-17,ベガビック1000仙台店,スマスロモンキーターンV,779,,4641,,https://min-repo.com/3356661/?kishu=all
2026-09-17,ベガビック1000仙台店,スマスロモンキーターンV,778,2610,5228,116.6,https://min-repo.com/3356661/?kishu=all
2026-09-17,ベガビック1000仙台店,スマスロモンキーターンV,777,,3831,,https://min-repo.com/3356661/?kishu=all
2026-09-17,ベガビック1000仙台店,スマスロモンキーターンV,776,4060,5960,122.7,https://min-repo.com/3356661/?kishu=all
2026-09-17,ベガビック1000仙台店,スマスロモンキーターンV,775,,2989,,https://min-repo.com/3356661/?kishu=all
2026-09-17,ベガビック1000仙台店,スマスロバジリスク～甲賀忍法帖～絆2 天膳 BLACK EDITION,855,,33,,https://min-repo.com/3356661/?kishu=all
2026-09-17,ベガビック1000仙台店,スマスロネオプラネット,890,,1533,,https://min-repo.com/3356661/?kishu=all
2026-09-17,ベガビック1000仙台店,スマスロニューパルサーBT,900,,251,,https://min-repo.com/3356661/?kishu=all
2026-09-17,ベガビック1000仙台店,スマスロニューパルサーBT,899,,118,,https://min-repo.com/3356661/?kishu=all
2026-09-17,ベガビック1000仙台店,スマスロケロット5BT,870,,1378,,https://min-repo.com/3356661/?kishu=all
2026-09-17,ベガビック1000仙台店,スマスロキングパルサー,889,60,507,103.9,https://min-repo.com/3356661/?kishu=all
2026-09-17,ベガビック1000仙台店,スマスロとある科学の超電磁砲2,738,,1553,,https://min-repo.com/3356661/?kishu=all
2026-09-17,ベガビック1000仙台店,スマスロとある科学の超電磁砲2,737,,417,,https://min-repo.com/3356661/?kishu=all
2026-09-17,ベガビック1000仙台店,スマスロとある科学の超電磁砲2,736,0,0,,https://min-repo.com/3356661/?kishu=all
2026-09-17,ベガビック1000仙台店,スマスロBIRDIE WING-Golf Girls’ Story-,851,390,417,131.2,https://min-repo.com/3356661/?kishu=all
2026-09-17,ベガビック1000仙台店,スマスロ 銀河英雄伝説 Die Neue These,856,0,0,,https://min-repo.com/3356661/?kishu=all
2026-09-17,ベガビック1000仙台店,スマスロ 甲鉄城のカバネリ 海門決戦,701,3240,4782,122.6,https://min-repo.com/3356661/?kishu=all
2026-09-17,ベガビック1000仙台店,スマスロ 甲鉄城のカバネリ 海門決戦,700,,1748,,https://min-repo.com/3356661/?kishu=all
2026-09-17,ベガビック1000仙台店,スマスロ 甲鉄城のカバネリ 海門決戦,699,,1933,,https://min-repo.com/3356661/?kishu=all
2026-09-17,ベガビック1000仙台店,スマスロ 甲鉄城のカバネリ 海門決戦,698,970,2387,113.5,https://min-repo.com/3356661/?kishu=all
2026-09-17,ベガビック1000仙台店,スマスロ 甲鉄城のカバネリ 海門決戦,697,2750,2759,133.2,https://min-repo.com/3356661/?kishu=all
2026-09-17,ベガビック1000仙台店,スマスロ 甲鉄城のカバネリ 海門決戦,696,5510,6444,128.5,https://min-repo.com/3356661/?kishu=all
2026-09-17,ベガビック1000仙台店,スマスロ 甲鉄城のカバネリ 海門決戦,695,,2787,,https://min-repo.com/3356661/?kishu=all
2026-09-17,ベガビック1000仙台店,スマスロ 甲鉄城のカバネリ 海門決戦,694,4480,4638,132.2,https://min-repo.com/3356661/?kishu=all
2026-09-17,ベガビック1000仙台店,スマスロ 沖ドキ!DUO アンコール,828,310,341,130.3,https://min-repo.com/3356661/?kishu=all
2026-09-17,ベガビック1000仙台店,スマスロ 沖ドキ!DUO アンコール,827,,2411,,https://min-repo.com/3356661/?kishu=all
2026-09-17,ベガビック1000仙台店,スマスロ 沖ドキ!DUO アンコール,826,,2318,,https://min-repo.com/3356661/?kishu=all
2026-09-17,ベガビック1000仙台店,スマスロ 沖ドキ!DUO アンコール,825,,38,,https://min-repo.com/3356661/?kishu=all
2026-09-17,ベガビック1000仙台店,スマスロ 東京リベンジャーズ,945,,770,,https://min-repo.com/3356661/?kishu=all
2026-09-17,ベガビック1000仙台店,スマスロ 東京リベンジャーズ,944,,5748,,https://min-repo.com/3356661/?kishu=all
2026-09-17,ベガビック1000仙台店,スマスロ 東京リベンジャーズ,943,0,0,,https://min-repo.com/3356661/?kishu=all
2026-09-17,ベガビック1000仙台店,スマスロ 東京リベンジャーズ,942,,5093,,https://min-repo.com/3356661/?kishu=all
2026-09-17,ベガビック1000仙台店,スマスロ 東京リベンジャーズ,941,0,0,,https://min-repo.com/3356661/?kishu=all
2026-09-17,ベガビック1000仙台店,スマスロ 攻殻機動隊,824,,4955,,https://min-repo.com/3356661/?kishu=all
2026-09-17,ベガビック1000仙台店,スマスロ 攻殻機動隊,823,5010,10115,116.5,https://min-repo.com/3356661/?kishu=all
2026-09-17,ベガビック1000仙台店,スマスロ リコリス・リコイル,693,570,9686,102.0,https://min-repo.com/3356661/?kishu=all
2026-09-17,ベガビック1000仙台店,スマスロ リコリス・リコイル,692,,7111,,https://min-repo.com/3356661/?kishu=all
2026-09-17,ベガビック1000仙台店,スマスロ リコリス・リコイル,691,640,4656,104.6,https://min-repo.com/3356661/?kishu=all
2026-09-17,ベガビック1000仙台店,スマスロ リコリス・リコイル,690,6110,11261,118.1,https://min-repo.com/3356661/?kishu=all
2026-09-17,ベガビック1000仙台店,スマスロ リコリス・リコイル,689,,9184,,https://min-repo.com/3356661/?kishu=all
2026-09-17,ベガビック1000仙台店,スマスロ リコリス・リコイル,688,,1508,,https://min-repo.com/3356661/?kishu=all
2026-09-17,ベガビック1000仙台店,スマスロ リコリス・リコイル,687,5640,9850,119.1,https://min-repo.com/3356661/?kishu=all
2026-09-17,ベガビック1000仙台店,スマスロ リコリス・リコイル,686,2650,9636,109.2,https://min-repo.com/3356661/?kishu=all
2026-09-17,ベガビック1000仙台店,スマスロ リコリス・リコイル,685,5500,5451,133.6,https://min-repo.com/3356661/?kishu=all
2026-09-17,ベガビック1000仙台店,スマスロ リコリス・リコイル,684,,8426,,https://min-repo.com/3356661/?kishu=all
2026-09-17,ベガビック1000仙台店,スマスロ リコリス・リコイル,683,,6254,,https://min-repo.com/3356661/?kishu=all
2026-09-17,ベガビック1000仙台店,スマスロ リコリス・リコイル,682,100,5840,100.6,https://min-repo.com/3356661/?kishu=all
2026-09-17,ベガビック1000仙台店,スマスロ モンスターハンターライズ,766,0,146,100.0,https://min-repo.com/3356661/?kishu=all
2026-09-17,ベガビック1000仙台店,スマスロ モンスターハンターライズ,765,4430,8385,117.6,https://min-repo.com/3356661/?kishu=all
2026-09-17,ベガビック1000仙台店,スマスロ モンスターハンターライズ,764,1550,2082,124.8,https://min-repo.com/3356661/?kishu=all
2026-09-17,ベガビック1000仙台店,スマスロ ミリオンゴッド-神々の軌跡-,920,,5224,,https://min-repo.com/3356661/?kishu=all
2026-09-17,ベガビック1000仙台店,スマスロ ミリオンゴッド-神々の軌跡-,919,30,1547,100.6,https://min-repo.com/3356661/?kishu=all
2026-09-17,ベガビック1000仙台店,スマスロ ミリオンゴッド-神々の軌跡-,918,,1836,,https://min-repo.com/3356661/?kishu=all
2026-09-17,ベガビック1000仙台店,スマスロ ミリオンゴッド-神々の軌跡-,917,2950,1410,169.7,https://min-repo.com/3356661/?kishu=all
2026-09-17,ベガビック1000仙台店,スマスロ ミリオンゴッド-神々の軌跡-,916,2580,2482,134.6,https://min-repo.com/3356661/?kishu=all
2026-09-17,ベガビック1000仙台店,スマスロ ミリオンゴッド-神々の軌跡-,915,,3267,,https://min-repo.com/3356661/?kishu=all
2026-09-17,ベガビック1000仙台店,スマスロ ミリオンゴッド-神々の軌跡-,914,8890,2423,222.3,https://min-repo.com/3356661/?kishu=all
2026-09-17,ベガビック1000仙台店,スマスロ ミリオンゴッド-神々の軌跡-,913,,3721,,https://min-repo.com/3356661/?kishu=all
2026-09-17,ベガビック1000仙台店,スマスロ マギアレコード 魔法少女まどか☆マギカ外伝,822,,8847,,https://min-repo.com/3356661/?kishu=all
2026-09-17,ベガビック1000仙台店,スマスロ マギアレコード 魔法少女まどか☆マギカ外伝,821,10,4439,100.1,https://min-repo.com/3356661/?kishu=all
2026-09-17,ベガビック1000仙台店,スマスロ ビッグドリーム THE GOLDEN PUSHER,759,0,0,,https://min-repo.com/3356661/?kishu=all
2026-09-17,ベガビック1000仙台店,スマスロ ビッグドリーム THE GOLDEN PUSHER,758,0,0,,https://min-repo.com/3356661/?kishu=all
2026-09-17,ベガビック1000仙台店,スマスロ バイオハザードRE:3,805,,757,,https://min-repo.com/3356661/?kishu=all
2026-09-17,ベガビック1000仙台店,スマスロ バイオハザードRE:3,804,,1159,,https://min-repo.com/3356661/?kishu=all
2026-09-17,ベガビック1000仙台店,スマスロ バイオハザードRE:3,803,0,0,,https://min-repo.com/3356661/?kishu=all
2026-09-17,ベガビック1000仙台店,スマスロ バイオハザードRE:3,802,2300,5568,113.8,https://min-repo.com/3356661/?kishu=all
2026-09-17,ベガビック1000仙台店,スマスロ バイオハザードRE:3,801,,1088,,https://min-repo.com/3356661/?kishu=all
2026-09-17,ベガビック1000仙台店,スマスロ バイオハザード5,871,0,0,,https://min-repo.com/3356661/?kishu=all
2026-09-17,ベガビック1000仙台店,スマスロ ハナビ,910,,1089,,https://min-repo.com/3356661/?kishu=all
2026-09-17,ベガビック1000仙台店,スマスロ ハナビ,909,50,860,101.9,https://min-repo.com/3356661/?kishu=all
2026-09-17,ベガビック1000仙台店,スマスロ ドルアーガの塔,902,40,2157,100.6,https://min-repo.com/3356661/?kishu=all
2026-09-17,ベガビック1000仙台店,スマスロ ドルアーガの塔,901,,1028,,https://min-repo.com/3356661/?kishu=all
2026-09-17,ベガビック1000仙台店,スマスロ タコスロ,896,,6794,,https://min-repo.com/3356661/?kishu=all
2026-09-17,ベガビック1000仙台店,スマスロ タコスロ,895,530,3959,104.5,https://min-repo.com/3356661/?kishu=all
2026-09-17,ベガビック1000仙台店,スマスロ スーパーリオエース2,768,0,0,,https://min-repo.com/3356661/?kishu=all
2026-09-17,ベガビック1000仙台店,スマスロ スーパーリオエース2,767,1810,3897,115.5,https://min-repo.com/3356661/?kishu=all
2026-09-17,ベガビック1000仙台店,スマスロ スーパーブラックジャック,770,2270,2364,132.0,https://min-repo.com/3356661/?kishu=all
2026-09-17,ベガビック1000仙台店,スマスロ スーパーブラックジャック,769,,4742,,https://min-repo.com/3356661/?kishu=all
2026-09-17,ベガビック1000仙台店,スマスロ ストリートファイター6,940,0,0,,https://min-repo.com/3356661/?kishu=all
2026-09-17,ベガビック1000仙台店,スマスロ ストリートファイター6,939,,1560,,https://min-repo.com/3356661/?kishu=all
2026-09-17,ベガビック1000仙台店,スマスロ ストリートファイター6,938,0,0,,https://min-repo.com/3356661/?kishu=all
2026-09-17,ベガビック1000仙台店,スマスロ ストリートファイター6,937,,492,,https://min-repo.com/3356661/?kishu=all
2026-09-17,ベガビック1000仙台店,スマスロ サンダーV,908,,1741,,https://min-repo.com/3356661/?kishu=all
2026-09-17,ベガビック1000仙台店,スマスロ サンダーV,907,1390,3439,113.5,https://min-repo.com/3356661/?kishu=all
2026-09-17,ベガビック1000仙台店,スマスロ ゴッドイーター リザレクション,812,,581,,https://min-repo.com/3356661/?kishu=all
2026-09-17,ベガビック1000仙台店,スマスロ ゴッドイーター リザレクション,811,390,1934,106.7,https://min-repo.com/3356661/?kishu=all
2026-09-17,ベガビック1000仙台店,スマスロ ゴッドイーター リザレクション,810,,1369,,https://min-repo.com/3356661/?kishu=all
2026-09-17,ベガビック1000仙台店,スマスロ ゴッドイーター リザレクション,809,,900,,https://min-repo.com/3356661/?kishu=all
2026-09-17,ベガビック1000仙台店,スマスロ やじきた道中記参る！,705,1830,2200,127.7,https://min-repo.com/3356661/?kishu=all
2026-09-17,ベガビック1000仙台店,スマスロ やじきた道中記参る！,704,0,0,,https://min-repo.com/3356661/?kishu=all
2026-09-17,ベガビック1000仙台店,スマスロ やじきた道中記参る！,703,2390,1515,152.6,https://min-repo.com/3356661/?kishu=all
2026-09-17,ベガビック1000仙台店,スマスロ やじきた道中記参る！,702,2200,1858,139.5,https://min-repo.com/3356661/?kishu=all
2026-09-17,ベガビック1000仙台店,スマスロ とある魔術の禁書目録2,719,,1251,,https://min-repo.com/3356661/?kishu=all
2026-09-17,ベガビック1000仙台店,スマスロ とある魔術の禁書目録2,718,,2259,,https://min-repo.com/3356661/?kishu=all
2026-09-17,ベガビック1000仙台店,スマスロ とある魔術の禁書目録2,717,,1786,,https://min-repo.com/3356661/?kishu=all
2026-09-17,ベガビック1000仙台店,スマスロ とある魔術の禁書目録2,716,680,2065,111.0,https://min-repo.com/3356661/?kishu=all
2026-09-17,ベガビック1000仙台店,ジャグラーガールズSS,962,,768,,https://min-repo.com/3356661/?kishu=all
2026-09-17,ベガビック1000仙台店,ジャグラーガールズSS,961,320,3914,102.7,https://min-repo.com/3356661/?kishu=all
2026-09-17,ベガビック1000仙台店,ジャグラーガールズSS,960,,3907,,https://min-repo.com/3356661/?kishu=all
2026-09-17,ベガビック1000仙台店,ジャグラーガールズSS,959,1220,7161,105.7,https://min-repo.com/3356661/?kishu=all
2026-09-17,ベガビック1000仙台店,ゴーゴージャグラー３,984,,7182,,https://min-repo.com/3356661/?kishu=all
2026-09-17,ベガビック1000仙台店,ゴーゴージャグラー３,983,,347,,https://min-repo.com/3356661/?kishu=all
2026-09-17,ベガビック1000仙台店,ゴーゴージャグラー３,982,370,9195,101.3,https://min-repo.com/3356661/?kishu=all
2026-09-17,ベガビック1000仙台店,ゴーゴージャグラー３,981,,3397,,https://min-repo.com/3356661/?kishu=all
2026-09-17,ベガビック1000仙台店,ゴーゴージャグラー３,980,1730,7887,107.3,https://min-repo.com/3356661/?kishu=all
2026-09-17,ベガビック1000仙台店,ゴーゴージャグラー３,979,,1181,,https://min-repo.com/3356661/?kishu=all
2026-09-17,ベガビック1000仙台店,ゴーゴージャグラー３,978,,1080,,https://min-repo.com/3356661/?kishu=all
2026-09-17,ベガビック1000仙台店,ゴーゴージャグラー３,977,2790,8471,111.0,https://min-repo.com/3356661/?kishu=all
2026-09-17,ベガビック1000仙台店,ゴーゴージャグラー３,976,,6169,,https://min-repo.com/3356661/?kishu=all
2026-09-17,ベガビック1000仙台店,ゴーゴージャグラー３,975,780,3797,106.8,https://min-repo.com/3356661/?kishu=all
2026-09-17,ベガビック1000仙台店,ゴーゴージャグラー３,974,460,5634,102.7,https://min-repo.com/3356661/?kishu=all
2026-09-17,ベガビック1000仙台店,ゴーゴージャグラー３,973,1300,2312,118.7,https://min-repo.com/3356661/?kishu=all
2026-09-17,ベガビック1000仙台店,ゴーゴージャグラー３,972,,1796,,https://min-repo.com/3356661/?kishu=all
2026-09-17,ベガビック1000仙台店,ゴーゴージャグラー３,971,780,4810,105.4,https://min-repo.com/3356661/?kishu=all
2026-09-17,ベガビック1000仙台店,ゴーゴージャグラー３,970,,2678,,https://min-repo.com/3356661/?kishu=all
2026-09-17,ベガビック1000仙台店,ゴーゴージャグラー３,969,,7017,,https://min-repo.com/3356661/?kishu=all
2026-09-17,ベガビック1000仙台店,クレアの秘宝伝～はじまりの扉と太陽の石～ボーナストリガーver.,912,2340,3891,120.0,https://min-repo.com/3356661/?kishu=all
2026-09-17,ベガビック1000仙台店,クレアの秘宝伝～はじまりの扉と太陽の石～ボーナストリガーver.,911,140,1303,103.6,https://min-repo.com/3356661/?kishu=all
2026-09-17,ベガビック1000仙台店,クランキークレスト,885,950,1424,122.2,https://min-repo.com/3356661/?kishu=all
2026-09-17,ベガビック1000仙台店,ウルトラミラクルジャグラー,968,,3774,,https://min-repo.com/3356661/?kishu=all
2026-09-17,ベガビック1000仙台店,ウルトラミラクルジャグラー,967,,509,,https://min-repo.com/3356661/?kishu=all
2026-09-17,ベガビック1000仙台店,ウルトラミラクルジャグラー,966,1070,4729,107.5,https://min-repo.com/3356661/?kishu=all
2026-09-17,ベガビック1000仙台店,ウルトラミラクルジャグラー,965,,1120,,https://min-repo.com/3356661/?kishu=all
2026-09-17,ベガビック1000仙台店,ウルトラミラクルジャグラー,964,,3198,,https://min-repo.com/3356661/?kishu=all
2026-09-17,ベガビック1000仙台店,ウルトラミラクルジャグラー,963,1530,6879,107.4,https://min-repo.com/3356661/?kishu=all
2026-09-17,ベガビック1000仙台店,アレックス ブライト,906,540,2016,108.9,https://min-repo.com/3356661/?kishu=all
2026-09-17,ベガビック1000仙台店,アレックス ブライト,905,,278,,https://min-repo.com/3356661/?kishu=all
2026-09-17,ベガビック1000仙台店,アニマルスロット ドッチ,859,,1046,,https://min-repo.com/3356661/?kishu=all
2026-09-17,ベガビック1000仙台店,SHAKE BONUS TRIGGER,888,,1042,,https://min-repo.com/3356661/?kishu=all
2026-09-17,ベガビック1000仙台店,L麻雀物語,872,0,0,,https://min-repo.com/3356661/?kishu=all
2026-09-17,ベガビック1000仙台店,L麻雀格闘倶楽部　覚醒,849,0,0,,https://min-repo.com/3356661/?kishu=all
2026-09-17,ベガビック1000仙台店,L青春ブタ野郎はバニーガール先輩の夢を見ない,852,,8102,,https://min-repo.com/3356661/?kishu=all
2026-09-17,ベガビック1000仙台店,L邪神ちゃんドロップキック,875,,7000,,https://min-repo.com/3356661/?kishu=all
2026-09-17,ベガビック1000仙台店,L範馬刃牙,862,2350,2618,129.9,https://min-repo.com/3356661/?kishu=all
2026-09-17,ベガビック1000仙台店,L無職転生～異世界行ったら本気だす～,865,,3642,,https://min-repo.com/3356661/?kishu=all
2026-09-17,ベガビック1000仙台店,L東京喰種,735,5720,7379,125.8,https://min-repo.com/3356661/?kishu=all
2026-09-17,ベガビック1000仙台店,L東京喰種,734,2390,3490,122.8,https://min-repo.com/3356661/?kishu=all
2026-09-17,ベガビック1000仙台店,L東京喰種,733,2400,7354,110.9,https://min-repo.com/3356661/?kishu=all
2026-09-17,ベガビック1000仙台店,L東京喰種,732,940,8548,103.7,https://min-repo.com/3356661/?kishu=all
2026-09-17,ベガビック1000仙台店,L東京喰種,731,2020,4966,113.6,https://min-repo.com/3356661/?kishu=all
2026-09-17,ベガビック1000仙台店,L東京喰種,730,,4792,,https://min-repo.com/3356661/?kishu=all
2026-09-17,ベガビック1000仙台店,L東京喰種,729,,8805,,https://min-repo.com/3356661/?kishu=all
2026-09-17,ベガビック1000仙台店,L東京喰種,728,3360,7230,115.5,https://min-repo.com/3356661/?kishu=all
2026-09-17,ベガビック1000仙台店,L戦国乙女４　戦乱に閃く炯眼の軍師,873,700,2059,111.3,https://min-repo.com/3356661/?kishu=all
2026-09-17,ベガビック1000仙台店,L戦国乙女４　戦乱に閃く炯眼の軍師,858,,604,,https://min-repo.com/3356661/?kishu=all
2026-09-17,ベガビック1000仙台店,L戦国乙女5 業火を穿つ宿焔の双刃,715,,4079,,https://min-repo.com/3356661/?kishu=all
2026-09-17,ベガビック1000仙台店,L戦国乙女5 業火を穿つ宿焔の双刃,714,,2865,,https://min-repo.com/3356661/?kishu=all
2026-09-17,ベガビック1000仙台店,L戦国乙女5 業火を穿つ宿焔の双刃,713,,2168,,https://min-repo.com/3356661/?kishu=all
2026-09-17,ベガビック1000仙台店,L戦国乙女5 業火を穿つ宿焔の双刃,712,,6905,,https://min-repo.com/3356661/?kishu=all
2026-09-17,ベガビック1000仙台店,L戦国乙女5 業火を穿つ宿焔の双刃,711,,1378,,https://min-repo.com/3356661/?kishu=all
2026-09-17,ベガビック1000仙台店,L戦国乙女5 業火を穿つ宿焔の双刃,710,3620,5319,122.7,https://min-repo.com/3356661/?kishu=all
2026-09-17,ベガビック1000仙台店,L戦国乙女5 業火を穿つ宿焔の双刃,709,,3125,,https://min-repo.com/3356661/?kishu=all
2026-09-17,ベガビック1000仙台店,L戦国乙女5 業火を穿つ宿焔の双刃,708,,1844,,https://min-repo.com/3356661/?kishu=all
2026-09-17,ベガビック1000仙台店,L戦国乙女5 業火を穿つ宿焔の双刃,707,,4395,,https://min-repo.com/3356661/?kishu=all
2026-09-17,ベガビック1000仙台店,L戦国乙女5 業火を穿つ宿焔の双刃,706,,1965,,https://min-repo.com/3356661/?kishu=all
2026-09-17,ベガビック1000仙台店,L少女☆歌劇 レヴュースタァライト -The SLOT-,877,,1164,,https://min-repo.com/3356661/?kishu=all
2026-09-17,ベガビック1000仙台店,L南国育ち SPECIAL,850,1030,5200,106.6,https://min-repo.com/3356661/?kishu=all
2026-09-17,ベガビック1000仙台店,L主役は銭形5,860,,1545,,https://min-repo.com/3356661/?kishu=all
2026-09-17,ベガビック1000仙台店,Lルパン三世 大航海者の秘宝,857,260,4092,102.1,https://min-repo.com/3356661/?kishu=all
2026-09-17,ベガビック1000仙台店,Lラブ嬢3～Wご指名はいかがですか?～,880,,857,,https://min-repo.com/3356661/?kishu=all
2026-09-17,ベガビック1000仙台店,Lパチスロ革命機ヴァルヴレイヴ2,754,930,2612,111.9,https://min-repo.com/3356661/?kishu=all
2026-09-17,ベガビック1000仙台店,Lパチスロ革命機ヴァルヴレイヴ2,753,,1129,,https://min-repo.com/3356661/?kishu=all
2026-09-17,ベガビック1000仙台店,Lパチスロ革命機ヴァルヴレイヴ2,752,,4704,,https://min-repo.com/3356661/?kishu=all
2026-09-17,ベガビック1000仙台店,Lパチスロ革命機ヴァルヴレイヴ2,751,0,0,,https://min-repo.com/3356661/?kishu=all
2026-09-17,ベガビック1000仙台店,Lパチスロ革命機ヴァルヴレイヴ2,750,,3366,,https://min-repo.com/3356661/?kishu=all
2026-09-17,ベガビック1000仙台店,Lパチスロ炎炎ノ消防隊2,936,,318,,https://min-repo.com/3356661/?kishu=all
2026-09-17,ベガビック1000仙台店,Lパチスロ炎炎ノ消防隊2,935,1050,1185,129.5,https://min-repo.com/3356661/?kishu=all
2026-09-17,ベガビック1000仙台店,Lパチスロ炎炎ノ消防隊2,934,,347,,https://min-repo.com/3356661/?kishu=all
2026-09-17,ベガビック1000仙台店,Lパチスロ炎炎ノ消防隊2,933,,121,,https://min-repo.com/3356661/?kishu=all
2026-09-17,ベガビック1000仙台店,Lパチスロ彼女、お借りします,853,,3973,,https://min-repo.com/3356661/?kishu=all
2026-09-17,ベガビック1000仙台店,Lパチスロからくりサーカス2,924,,3031,,https://min-repo.com/3356661/?kishu=all
2026-09-17,ベガビック1000仙台店,Lパチスロからくりサーカス2,923,0,0,,https://min-repo.com/3356661/?kishu=all
2026-09-17,ベガビック1000仙台店,Lパチスロからくりサーカス2,922,2370,3603,121.9,https://min-repo.com/3356661/?kishu=all
2026-09-17,ベガビック1000仙台店,Lパチスロからくりサーカス2,921,,91,,https://min-repo.com/3356661/?kishu=all
2026-09-17,ベガビック1000仙台店,Lパチスロからくりサーカス,863,,192,,https://min-repo.com/3356661/?kishu=all
2026-09-17,ベガビック1000仙台店,Lパチスロ 機動戦士ガンダムユニコーン 覚醒DRIVE,864,,578,,https://min-repo.com/3356661/?kishu=all
2026-09-17,ベガビック1000仙台店,Lパチスロ かぐや様は告らせたい,928,,207,,https://min-repo.com/3356661/?kishu=all
2026-09-17,ベガビック1000仙台店,Lパチスロ かぐや様は告らせたい,927,,151,,https://min-repo.com/3356661/?kishu=all
2026-09-17,ベガビック1000仙台店,Lパチスロ かぐや様は告らせたい,926,,1931,,https://min-repo.com/3356661/?kishu=all
2026-09-17,ベガビック1000仙台店,Lパチスロ かぐや様は告らせたい,925,,368,,https://min-repo.com/3356661/?kishu=all
2026-09-17,ベガビック1000仙台店,Lタクトオーパス デスティニー,874,,277,,https://min-repo.com/3356661/?kishu=all
2026-09-17,ベガビック1000仙台店,Lスマスロ北斗の拳,763,,3614,,https://min-repo.com/3356661/?kishu=all
2026-09-17,ベガビック1000仙台店,Lスマスロ北斗の拳,762,,647,,https://min-repo.com/3356661/?kishu=all
2026-09-17,ベガビック1000仙台店,Lスマスロ北斗の拳,761,,4591,,https://min-repo.com/3356661/?kishu=all
2026-09-17,ベガビック1000仙台店,Lスマスロ北斗の拳,760,3080,2778,137.0,https://min-repo.com/3356661/?kishu=all
2026-09-17,ベガビック1000仙台店,Lアズールレーン THE ANIMATION,878,3100,2147,148.1,https://min-repo.com/3356661/?kishu=all
2026-09-17,ベガビック1000仙台店,LBパチスロ ヱヴァンゲリヲン～約束の扉～,892,8110,7922,134.1,https://min-repo.com/3356661/?kishu=all
2026-09-17,ベガビック1000仙台店,LBパチスロ ヱヴァンゲリヲン～約束の扉～,891,,1629,,https://min-repo.com/3356661/?kishu=all
2026-09-17,ベガビック1000仙台店,L ToLOVEるダークネス,816,0,0,,https://min-repo.com/3356661/?kishu=all
2026-09-17,ベガビック1000仙台店,L ToLOVEるダークネス,815,,527,,https://min-repo.com/3356661/?kishu=all
2026-09-17,ベガビック1000仙台店,L ToLOVEるダークネス,814,0,0,,https://min-repo.com/3356661/?kishu=all
2026-09-17,ベガビック1000仙台店,L ToLOVEるダークネス,813,0,0,,https://min-repo.com/3356661/?kishu=all
2026-09-17,ベガビック1000仙台店,A-SLOT+異世界かるてっとBT,861,,2281,,https://min-repo.com/3356661/?kishu=all
2026-09-17,ベガビック1000仙台店,A-SLOT+ この素晴らしい世界に祝福を！,894,,2703,,https://min-repo.com/3356661/?kishu=all
2026-09-17,パラディソ柴田店,ＳＬＯＴマッピー,1077,1,2476,100.0,https://min-repo.com/3357947/?kishu=all
2026-09-17,パラディソ柴田店,ＳＬＯＴバジリスク〜甲賀忍法帖〜絆２,1052,1,1437,100.0,https://min-repo.com/3357947/?kishu=all
2026-09-17,パラディソ柴田店,麻雀格闘倶楽部　真,1051,1,676,100.0,https://min-repo.com/3357947/?kishu=all
2026-09-17,パラディソ柴田店,翔べ！ハーレムエース,367,,887,,https://min-repo.com/3357947/?kishu=all
2026-09-17,パラディソ柴田店,沖ワニマル-25,1038,0,0,,https://min-repo.com/3357947/?kishu=all
2026-09-17,パラディソ柴田店,沖ドキ！ＧＯＬＤ,313,,52,,https://min-repo.com/3357947/?kishu=all
2026-09-17,パラディソ柴田店,沖ドキ！ＧＯＬＤ,312,,49,,https://min-repo.com/3357947/?kishu=all
2026-09-17,パラディソ柴田店,沖ドキ！ＧＯＬＤ,311,,59,,https://min-repo.com/3357947/?kishu=all
2026-09-17,パラディソ柴田店,沖ドキ！DUO,317,,169,,https://min-repo.com/3357947/?kishu=all
2026-09-17,パラディソ柴田店,沖ドキ！DUO,316,,214,,https://min-repo.com/3357947/?kishu=all
2026-09-17,パラディソ柴田店,沖ドキ！DUO,315,1,174,100.2,https://min-repo.com/3357947/?kishu=all
2026-09-17,パラディソ柴田店,機動戦士ガンダムユニコーン,1025,0,0,,https://min-repo.com/3357947/?kishu=all
2026-09-17,パラディソ柴田店,新ハナビ,1115,0,0,,https://min-repo.com/3357947/?kishu=all
2026-09-17,パラディソ柴田店,新ハナビ,1113,0,0,,https://min-repo.com/3357947/?kishu=all
2026-09-17,パラディソ柴田店,新ハナビ,1112,,674,,https://min-repo.com/3357947/?kishu=all
2026-09-17,パラディソ柴田店,新ハナビ,1111,0,0,,https://min-repo.com/3357947/?kishu=all
2026-09-17,パラディソ柴田店,新ハナビ,1110,,55,,https://min-repo.com/3357947/?kishu=all
2026-09-17,パラディソ柴田店,新ハナビ,1108,,128,,https://min-repo.com/3357947/?kishu=all
2026-09-17,パラディソ柴田店,押忍！番長ＺＥＲＯ,328,0,0,,https://min-repo.com/3357947/?kishu=all
2026-09-17,パラディソ柴田店,押忍！番長ＺＥＲＯ,327,0,0,,https://min-repo.com/3357947/?kishu=all
2026-09-17,パラディソ柴田店,押忍！番長ＺＥＲＯ,326,0,0,,https://min-repo.com/3357947/?kishu=all
2026-09-17,パラディソ柴田店,押忍！番長ＺＥＲＯ,325,0,0,,https://min-repo.com/3357947/?kishu=all
2026-09-17,パラディソ柴田店,押忍！番長ＺＥＲＯ,321,0,0,,https://min-repo.com/3357947/?kishu=all
2026-09-17,パラディソ柴田店,吉宗,386,0,0,,https://min-repo.com/3357947/?kishu=all
2026-09-17,パラディソ柴田店,吉宗,385,1,1245,100.0,https://min-repo.com/3357947/?kishu=all
2026-09-17,パラディソ柴田店,交響詩篇エウレカセブン HI-EVOLUTION ZERO TYPE-ART,1067,,1092,,https://min-repo.com/3357947/?kishu=all
2026-09-17,パラディソ柴田店,交響詩篇エウレカセブン HI-EVOLUTION ZERO TYPE-ART,1066,,2053,,https://min-repo.com/3357947/?kishu=all
2026-09-17,パラディソ柴田店,ワードオブライツⅡ,1075,0,0,,https://min-repo.com/3357947/?kishu=all
2026-09-17,パラディソ柴田店,マタドールⅢ,362,,506,,https://min-repo.com/3357947/?kishu=all
2026-09-17,パラディソ柴田店,マジカルハロウィン ボーナストリガー,360,0,0,,https://min-repo.com/3357947/?kishu=all
2026-09-17,パラディソ柴田店,マイジャグラーV,1123,,990,,https://min-repo.com/3357947/?kishu=all
2026-09-17,パラディソ柴田店,マイジャグラーV,1122,,1131,,https://min-repo.com/3357947/?kishu=all
2026-09-17,パラディソ柴田店,マイジャグラーV,1121,1,2826,100.0,https://min-repo.com/3357947/?kishu=all
2026-09-17,パラディソ柴田店,ファンキージャグラー２ＫＴ,1163,1,2393,100.0,https://min-repo.com/3357947/?kishu=all
2026-09-17,パラディソ柴田店,ファンキージャグラー２ＫＴ,1162,1,942,100.0,https://min-repo.com/3357947/?kishu=all
2026-09-17,パラディソ柴田店,ファンキージャグラー２ＫＴ,1161,,190,,https://min-repo.com/3357947/?kishu=all
2026-09-17,パラディソ柴田店,ファンキージャグラー２ＫＴ,1160,0,0,,https://min-repo.com/3357947/?kishu=all
2026-09-17,パラディソ柴田店,ファンキージャグラー２ＫＴ,1158,,607,,https://min-repo.com/3357947/?kishu=all
2026-09-17,パラディソ柴田店,ファンキージャグラー２ＫＴ,1157,,589,,https://min-repo.com/3357947/?kishu=all
2026-09-17,パラディソ柴田店,ファンキージャグラー２ＫＴ,1156,,594,,https://min-repo.com/3357947/?kishu=all
2026-09-17,パラディソ柴田店,ファンキージャグラー２ＫＴ,1155,,933,,https://min-repo.com/3357947/?kishu=all
2026-09-17,パラディソ柴田店,ファンキージャグラー２ＫＴ,1153,,293,,https://min-repo.com/3357947/?kishu=all
2026-09-17,パラディソ柴田店,ファンキージャグラー２ＫＴ,1125,,70,,https://min-repo.com/3357947/?kishu=all
2026-09-17,パラディソ柴田店,パチスロ麻雀物語４,1026,0,0,,https://min-repo.com/3357947/?kishu=all
2026-09-17,パラディソ柴田店,パチスロ鉄拳５,1023,1,465,100.1,https://min-repo.com/3357947/?kishu=all
2026-09-17,パラディソ柴田店,パチスロ鉄拳４デビルＶｅｒ．,1022,,2,,https://min-repo.com/3357947/?kishu=all
2026-09-17,パラディソ柴田店,パチスロ炎炎ノ消防隊,1012,0,0,,https://min-repo.com/3357947/?kishu=all
2026-09-17,パラディソ柴田店,パチスロ炎炎ノ消防隊,1011,,1,,https://min-repo.com/3357947/?kishu=all
2026-09-17,パラディソ柴田店,パチスロ交響詩篇エウレカセブン３,1020,,1651,,https://min-repo.com/3357947/?kishu=all
2026-09-17,パラディソ柴田店,パチスロ交響詩篇エウレカセブン３,1018,,609,,https://min-repo.com/3357947/?kishu=all
2026-09-17,パラディソ柴田店,パチスロハイパーラッシュ,1050,0,0,,https://min-repo.com/3357947/?kishu=all
2026-09-17,パラディソ柴田店,パチスロなめ猫～液晶ないけどなめんじゃねぇ～,1076,0,0,,https://min-repo.com/3357947/?kishu=all
2026-09-17,パラディソ柴田店,パチスロうまい棒,1081,,26,,https://min-repo.com/3357947/?kishu=all
2026-09-17,パラディソ柴田店,パチスロ　甲鉄城のカバネリ,1065,,690,,https://min-repo.com/3357947/?kishu=all
2026-09-17,パラディソ柴田店,パチスロ　甲鉄城のカバネリ,1063,0,0,,https://min-repo.com/3357947/?kishu=all
2026-09-17,パラディソ柴田店,パチスロ　甲鉄城のカバネリ,1062,0,0,,https://min-repo.com/3357947/?kishu=all
2026-09-17,パラディソ柴田店,パチスロ　甲鉄城のカバネリ,1061,,641,,https://min-repo.com/3357947/?kishu=all
2026-09-17,パラディソ柴田店,パチスロ　甲鉄城のカバネリ,1060,0,0,,https://min-repo.com/3357947/?kishu=all
2026-09-17,パラディソ柴田店,パチスロ　甲鉄城のカバネリ,1058,,130,,https://min-repo.com/3357947/?kishu=all
2026-09-17,パラディソ柴田店,パチスロ　新鬼武者２,1017,0,0,,https://min-repo.com/3357947/?kishu=all
2026-09-17,パラディソ柴田店,パチスロ　新鬼武者２,1016,0,0,,https://min-repo.com/3357947/?kishu=all
2026-09-17,パラディソ柴田店,パチスロ　モンスターハンターワールドアイスボーン,1015,0,0,,https://min-repo.com/3357947/?kishu=all
2026-09-17,パラディソ柴田店,パチスロ　モンスターハンターワールドアイスボーン,1013,0,0,,https://min-repo.com/3357947/?kishu=all
2026-09-17,パラディソ柴田店,パチスロ　ハードボイルド,1073,,1723,,https://min-repo.com/3357947/?kishu=all
2026-09-17,パラディソ柴田店,パチスロ　ドリフターズ,1070,0,0,,https://min-repo.com/3357947/?kishu=all
2026-09-17,パラディソ柴田店,パチスロ　ディスクアップ２,1071,1,5105,100.0,https://min-repo.com/3357947/?kishu=all
2026-09-17,パラディソ柴田店,パチスロ　ケロット４,1085,,1643,,https://min-repo.com/3357947/?kishu=all
2026-09-17,パラディソ柴田店,パチスロ　ケロット４,1083,,2003,,https://min-repo.com/3357947/?kishu=all
2026-09-17,パラディソ柴田店,パチスロ　ガメラ,1105,0,0,,https://min-repo.com/3357947/?kishu=all
2026-09-17,パラディソ柴田店,パチスロ　アラジンＡクラシック,1053,0,0,,https://min-repo.com/3357947/?kishu=all
2026-09-17,パラディソ柴田店,パチスロ ファイヤードリフト,1055,0,0,,https://min-repo.com/3357947/?kishu=all
2026-09-17,パラディソ柴田店,パチスロ ダンジョンに出会いを求めるのは間違っているだろうか2,1057,,91,,https://min-repo.com/3357947/?kishu=all
2026-09-17,パラディソ柴田店,バーサスリヴァイズ,1120,1,1534,100.0,https://min-repo.com/3357947/?kishu=all
2026-09-17,パラディソ柴田店,バーサスリヴァイズ,1118,,905,,https://min-repo.com/3357947/?kishu=all
2026-09-17,パラディソ柴田店,バーサスリヴァイズ,1117,,229,,https://min-repo.com/3357947/?kishu=all
2026-09-17,パラディソ柴田店,バーサスリヴァイズ,1116,0,0,,https://min-repo.com/3357947/?kishu=all
2026-09-17,パラディソ柴田店,ハナハナホウオウ～天翔～,1037,,195,,https://min-repo.com/3357947/?kishu=all
2026-09-17,パラディソ柴田店,ハナハナホウオウ～天翔～,1036,,124,,https://min-repo.com/3357947/?kishu=all
2026-09-17,パラディソ柴田店,ハナハナホウオウ～天翔～,1035,1,177,100.2,https://min-repo.com/3357947/?kishu=all
2026-09-17,パラディソ柴田店,ハナハナホウオウ～天翔～,1033,,118,,https://min-repo.com/3357947/?kishu=all
2026-09-17,パラディソ柴田店,ハッピージャグラーＶＩＩＩ,1152,,488,,https://min-repo.com/3357947/?kishu=all
2026-09-17,パラディソ柴田店,ハッピージャグラーＶＩＩＩ,1151,,2931,,https://min-repo.com/3357947/?kishu=all
2026-09-17,パラディソ柴田店,ハッピージャグラーＶＩＩＩ,1150,,253,,https://min-repo.com/3357947/?kishu=all
2026-09-17,パラディソ柴田店,ハッピージャグラーＶＩＩＩ,1138,1,1700,100.0,https://min-repo.com/3357947/?kishu=all
2026-09-17,パラディソ柴田店,ハッピージャグラーＶＩＩＩ,1137,,509,,https://min-repo.com/3357947/?kishu=all
2026-09-17,パラディソ柴田店,ハッピージャグラーＶＩＩＩ,1136,1,480,100.1,https://min-repo.com/3357947/?kishu=all
2026-09-17,パラディソ柴田店,ハッピージャグラーＶＩＩＩ,1135,,366,,https://min-repo.com/3357947/?kishu=all
2026-09-17,パラディソ柴田店,ハッピージャグラーＶＩＩＩ,1133,,350,,https://min-repo.com/3357947/?kishu=all
2026-09-17,パラディソ柴田店,ハッピージャグラーＶＩＩＩ,1132,,240,,https://min-repo.com/3357947/?kishu=all
2026-09-17,パラディソ柴田店,ニューパルサーＳＰＩＩＩ,1030,,84,,https://min-repo.com/3357947/?kishu=all
2026-09-17,パラディソ柴田店,ニューパルサーＳＰＩＩＩ,1028,0,0,,https://min-repo.com/3357947/?kishu=all
2026-09-17,パラディソ柴田店,ニューパルサーＤＸ３,1101,1,96,,https://min-repo.com/3357947/?kishu=all
2026-09-17,パラディソ柴田店,ニューパルサーSP4 with 太鼓の達人,1100,0,0,,https://min-repo.com/3357947/?kishu=all
2026-09-17,パラディソ柴田店,ニューパルサーSP4 with 太鼓の達人,1088,0,0,,https://min-repo.com/3357947/?kishu=all
2026-09-17,パラディソ柴田店,ニューパルサーSP4 with 太鼓の達人,1087,,50,,https://min-repo.com/3357947/?kishu=all
2026-09-17,パラディソ柴田店,ニューパルサーSP4 with 太鼓の達人,1086,,224,,https://min-repo.com/3357947/?kishu=all
2026-09-17,パラディソ柴田店,ニューゲッターマウス,1106,,760,,https://min-repo.com/3357947/?kishu=all
2026-09-17,パラディソ柴田店,ドンちゃん２,1102,1,1067,100.0,https://min-repo.com/3357947/?kishu=all
2026-09-17,パラディソ柴田店,ドラゴンハナハナ～閃光～,1032,,417,,https://min-repo.com/3357947/?kishu=all
2026-09-17,パラディソ柴田店,ドラゴンハナハナ～閃光～,1031,0,0,,https://min-repo.com/3357947/?kishu=all
2026-09-17,パラディソ柴田店,チバリヨ-25,320,0,0,,https://min-repo.com/3357947/?kishu=all
2026-09-17,パラディソ柴田店,チバリヨ-25,318,1,890,100.0,https://min-repo.com/3357947/?kishu=all
2026-09-17,パラディソ柴田店,スロドル,1056,0,0,,https://min-repo.com/3357947/?kishu=all
2026-09-17,パラディソ柴田店,スロット ゾンビランドサガ,387,1,539,100.1,https://min-repo.com/3357947/?kishu=all
2026-09-17,パラディソ柴田店,スマスロ頭文字D 2nd,508,,6281,,https://min-repo.com/3357947/?kishu=all
2026-09-17,パラディソ柴田店,スマスロ鉄拳6,331,0,0,,https://min-repo.com/3357947/?kishu=all
2026-09-17,パラディソ柴田店,スマスロ新鬼武者3,512,0,0,,https://min-repo.com/3357947/?kishu=all
2026-09-17,パラディソ柴田店,スマスロ新鬼武者3,511,0,0,,https://min-repo.com/3357947/?kishu=all
2026-09-17,パラディソ柴田店,スマスロ北斗の拳 転生の章2,335,,1735,,https://min-repo.com/3357947/?kishu=all
2026-09-17,パラディソ柴田店,スマスロ化物語,518,0,0,,https://min-repo.com/3357947/?kishu=all
2026-09-17,パラディソ柴田店,スマスロモンキーターンV,502,,1267,,https://min-repo.com/3357947/?kishu=all
2026-09-17,パラディソ柴田店,スマスロモンキーターンV,501,,304,,https://min-repo.com/3357947/?kishu=all
2026-09-17,パラディソ柴田店,スマスロバジリスク～甲賀忍法帖～絆2 天膳 BLACK EDITION,332,0,0,,https://min-repo.com/3357947/?kishu=all
2026-09-17,パラディソ柴田店,スマスロBIRDIE WING-Golf Girls’ Story-,350,0,0,,https://min-repo.com/3357947/?kishu=all
2026-09-17,パラディソ柴田店,スマスロ 銀河英雄伝説 Die Neue These,353,,124,,https://min-repo.com/3357947/?kishu=all
2026-09-17,パラディソ柴田店,スマスロ 沖ドキ!DUO アンコール,355,0,0,,https://min-repo.com/3357947/?kishu=all
2026-09-17,パラディソ柴田店,スマスロ モンスターハンターライズ,383,,908,,https://min-repo.com/3357947/?kishu=all
2026-09-17,パラディソ柴田店,スマスロ バイオハザードRE:3,500,,776,,https://min-repo.com/3357947/?kishu=all
2026-09-17,パラディソ柴田店,スマスロ バイオハザードRE:3,388,0,0,,https://min-repo.com/3357947/?kishu=all
2026-09-17,パラディソ柴田店,スマスロ バイオハザード5,510,0,0,,https://min-repo.com/3357947/?kishu=all
2026-09-17,パラディソ柴田店,スマスロ デビルメイクライ5 スタイリッシュトライブ,381,,1049,,https://min-repo.com/3357947/?kishu=all
2026-09-17,パラディソ柴田店,スマスロ スーパーブラックジャック,351,0,0,,https://min-repo.com/3357947/?kishu=all
2026-09-17,パラディソ柴田店,スマスロ ゴブリンスレイヤーⅡ,330,,46,,https://min-repo.com/3357947/?kishu=all
2026-09-17,パラディソ柴田店,スマスロ ゴッドイーター リザレクション,515,,669,,https://min-repo.com/3357947/?kishu=all
2026-09-17,パラディソ柴田店,スマスロ ゴッドイーター リザレクション,513,,980,,https://min-repo.com/3357947/?kishu=all
2026-09-17,パラディソ柴田店,サンダーＶライトニング,1080,,322,,https://min-repo.com/3357947/?kishu=all
2026-09-17,パラディソ柴田店,ゴーゴージャグラー３,1128,,3972,,https://min-repo.com/3357947/?kishu=all
2026-09-17,パラディソ柴田店,ゴーゴージャグラー３,1127,1,515,100.1,https://min-repo.com/3357947/?kishu=all
2026-09-17,パラディソ柴田店,ゴーゴージャグラー３,1126,,118,,https://min-repo.com/3357947/?kishu=all
2026-09-17,パラディソ柴田店,コードギアス反逆のルルーシュ３ C.C.&Kallen ver.,1068,0,0,,https://min-repo.com/3357947/?kishu=all
2026-09-17,パラディソ柴田店,クレアの秘宝伝～はじまりの扉と太陽の石～ボーナストリガーver.,366,1,681,100.0,https://min-repo.com/3357947/?kishu=all
2026-09-17,パラディソ柴田店,クレアの秘宝伝～はじまりの扉と太陽の石～ボーナストリガーver.,365,,78,,https://min-repo.com/3357947/?kishu=all
2026-09-17,パラディソ柴田店,クランキークレスト,1107,0,0,,https://min-repo.com/3357947/?kishu=all
2026-09-17,パラディソ柴田店,クランキークレスト,1103,0,0,,https://min-repo.com/3357947/?kishu=all
2026-09-17,パラディソ柴田店,クランキークレスト,1078,0,0,,https://min-repo.com/3357947/?kishu=all
2026-09-17,パラディソ柴田店,ウルトラミラクルジャグラー,1131,,586,,https://min-repo.com/3357947/?kishu=all
2026-09-17,パラディソ柴田店,ウルトラミラクルジャグラー,1130,1,1080,100.0,https://min-repo.com/3357947/?kishu=all
2026-09-17,パラディソ柴田店,アオハル♪操 A-LIVE,1072,0,0,,https://min-repo.com/3357947/?kishu=all
2026-09-17,パラディソ柴田店,もっと！クレアの秘宝伝　女神の歌声と太陽の子供達,1082,0,0,,https://min-repo.com/3357947/?kishu=all
2026-09-17,パラディソ柴田店,この素晴らしい世界に祝福を！,1021,0,0,,https://min-repo.com/3357947/?kishu=all
2026-09-17,パラディソ柴田店,SアイムジャグラーＥＸ,1175,,1361,,https://min-repo.com/3357947/?kishu=all
2026-09-17,パラディソ柴田店,SアイムジャグラーＥＸ,1173,,626,,https://min-repo.com/3357947/?kishu=all
2026-09-17,パラディソ柴田店,SアイムジャグラーＥＸ,1172,,987,,https://min-repo.com/3357947/?kishu=all
2026-09-17,パラディソ柴田店,SアイムジャグラーＥＸ,1171,,146,,https://min-repo.com/3357947/?kishu=all
2026-09-17,パラディソ柴田店,SアイムジャグラーＥＸ,1170,1,1864,100.0,https://min-repo.com/3357947/?kishu=all
2026-09-17,パラディソ柴田店,SアイムジャグラーＥＸ,1168,,99,,https://min-repo.com/3357947/?kishu=all
2026-09-17,パラディソ柴田店,SアイムジャグラーＥＸ,1167,,1986,,https://min-repo.com/3357947/?kishu=all
2026-09-17,パラディソ柴田店,SアイムジャグラーＥＸ,1166,,631,,https://min-repo.com/3357947/?kishu=all
2026-09-17,パラディソ柴田店,SアイムジャグラーＥＸ,1165,,91,,https://min-repo.com/3357947/?kishu=all
2026-09-17,パラディソ柴田店,Sご～やちゃんぷる～25φ,1027,0,0,,https://min-repo.com/3357947/?kishu=all
2026-09-17,パラディソ柴田店,SHAKE BONUS TRIGGER,363,1,617,100.1,https://min-repo.com/3357947/?kishu=all
2026-09-17,パラディソ柴田店,L範馬刃牙,382,1,411,100.1,https://min-repo.com/3357947/?kishu=all
2026-09-17,パラディソ柴田店,L真・一騎当千,333,,441,,https://min-repo.com/3357947/?kishu=all
2026-09-17,パラディソ柴田店,L無職転生～異世界行ったら本気だす～,338,1,4776,100.0,https://min-repo.com/3357947/?kishu=all
2026-09-17,パラディソ柴田店,L東京喰種,336,1,4988,100.0,https://min-repo.com/3357947/?kishu=all
2026-09-17,パラディソ柴田店,L戦国乙女４　戦乱に閃く炯眼の軍師,525,0,0,,https://min-repo.com/3357947/?kishu=all
2026-09-17,パラディソ柴田店,L戦国乙女４　戦乱に閃く炯眼の軍師,523,0,0,,https://min-repo.com/3357947/?kishu=all
2026-09-17,パラディソ柴田店,L戦国乙女４　戦乱に閃く炯眼の軍師,522,0,0,,https://min-repo.com/3357947/?kishu=all
2026-09-17,パラディソ柴田店,L少女☆歌劇 レヴュースタァライト -The SLOT-,356,0,0,,https://min-repo.com/3357947/?kishu=all
2026-09-17,パラディソ柴田店,L主役は銭形5,517,0,0,,https://min-repo.com/3357947/?kishu=all
2026-09-17,パラディソ柴田店,Lパチスロ革命機ヴァルヴレイヴ2,521,0,0,,https://min-repo.com/3357947/?kishu=all
2026-09-17,パラディソ柴田店,Lパチスロ革命機ヴァルヴレイヴ2,520,0,0,,https://min-repo.com/3357947/?kishu=all
2026-09-17,パラディソ柴田店,Lパチスロ炎炎ノ消防隊,380,0,0,,https://min-repo.com/3357947/?kishu=all
2026-09-17,パラディソ柴田店,Lパチスロからくりサーカス,376,,153,,https://min-repo.com/3357947/?kishu=all
2026-09-17,パラディソ柴田店,Lパチスロからくりサーカス,375,,1253,,https://min-repo.com/3357947/?kishu=all
2026-09-17,パラディソ柴田店,Lパチスロ 機動戦士ガンダムユニコーン 覚醒DRIVE,378,0,0,,https://min-repo.com/3357947/?kishu=all
2026-09-17,パラディソ柴田店,Lパチスロ 機動戦士ガンダムユニコーン 覚醒DRIVE,377,0,0,,https://min-repo.com/3357947/?kishu=all
2026-09-17,パラディソ柴田店,Lパチスロ 機動戦士ガンダムSEED,373,0,0,,https://min-repo.com/3357947/?kishu=all
2026-09-17,パラディソ柴田店,Lパチスロ かぐや様は告らせたい,372,,1939,,https://min-repo.com/3357947/?kishu=all
2026-09-17,パラディソ柴田店,Lパチスロ かぐや様は告らせたい,371,0,0,,https://min-repo.com/3357947/?kishu=all
2026-09-17,パラディソ柴田店,Lバンドリ！,352,0,0,,https://min-repo.com/3357947/?kishu=all
2026-09-17,パラディソ柴田店,Lダーリン・イン・ザ・フランキス,516,,293,,https://min-repo.com/3357947/?kishu=all
2026-09-17,パラディソ柴田店,Lスマスロ北斗の拳,507,,551,,https://min-repo.com/3357947/?kishu=all
2026-09-17,パラディソ柴田店,Lスマスロ北斗の拳,506,,761,,https://min-repo.com/3357947/?kishu=all
2026-09-17,パラディソ柴田店,Lスマスロ北斗の拳,505,0,0,,https://min-repo.com/3357947/?kishu=all
2026-09-17,パラディソ柴田店,Lスマスロ北斗の拳,503,,39,,https://min-repo.com/3357947/?kishu=all
2026-09-17,パラディソ柴田店,Lアクダマドライブ,337,0,0,,https://min-repo.com/3357947/?kishu=all
2026-09-17,パラディソ柴田店,LBプレミアムうまい棒,361,,264,,https://min-repo.com/3357947/?kishu=all
2026-09-17,パラディソ柴田店,LBパチスロ ヱヴァンゲリヲン～約束の扉～,370,,477,,https://min-repo.com/3357947/?kishu=all
2026-09-17,パラディソ柴田店,LBパチスロ ヱヴァンゲリヲン～約束の扉～,368,,272,,https://min-repo.com/3357947/?kishu=all
2026-09-17,パラディソ大和店,ＳＬＯＴバジリスク〜甲賀忍法帖〜絆２,722,,1,,https://min-repo.com/3357676/?kishu=all
2026-09-17,パラディソ大和店,ＳＬＯＴまどか前後編,758,1,3094,100.0,https://min-repo.com/3357676/?kishu=all
2026-09-17,パラディソ大和店,Ｌｕｃｋｙ海物語,667,0,0,,https://min-repo.com/3357676/?kishu=all
2026-09-17,パラディソ大和店,花火絶景,725,0,0,,https://min-repo.com/3357676/?kishu=all
2026-09-17,パラディソ大和店,花の慶次～武威～,723,0,0,,https://min-repo.com/3357676/?kishu=all
2026-09-17,パラディソ大和店,真天下布武,781,0,0,,https://min-repo.com/3357676/?kishu=all
2026-09-17,パラディソ大和店,沖ドキ！ＧＯＬＤ,718,,16,,https://min-repo.com/3357676/?kishu=all
2026-09-17,パラディソ大和店,沖ドキ！ＧＯＬＤ,717,1,607,100.1,https://min-repo.com/3357676/?kishu=all
2026-09-17,パラディソ大和店,沖ドキ！ＧＯＬＤ,716,,263,,https://min-repo.com/3357676/?kishu=all
2026-09-17,パラディソ大和店,沖ドキ！DUO,720,,64,,https://min-repo.com/3357676/?kishu=all
2026-09-17,パラディソ大和店,新ハナビ,678,,2154,,https://min-repo.com/3357676/?kishu=all
2026-09-17,パラディソ大和店,新ハナビ,677,,371,,https://min-repo.com/3357676/?kishu=all
2026-09-17,パラディソ大和店,新ハナビ,676,1,197,100.2,https://min-repo.com/3357676/?kishu=all
2026-09-17,パラディソ大和店,押忍！番長ＺＥＲＯ,772,0,0,,https://min-repo.com/3357676/?kishu=all
2026-09-17,パラディソ大和店,押忍！番長ＺＥＲＯ,771,0,0,,https://min-repo.com/3357676/?kishu=all
2026-09-17,パラディソ大和店,地獄少女　あとはあなたが決めることよ,751,0,0,,https://min-repo.com/3357676/?kishu=all
2026-09-17,パラディソ大和店,回胴式遊技機グランベルム,731,0,0,,https://min-repo.com/3357676/?kishu=all
2026-09-17,パラディソ大和店,交響詩篇エウレカセブン HI-EVOLUTION ZERO TYPE-ART,775,,38,,https://min-repo.com/3357676/?kishu=all
2026-09-17,パラディソ大和店,交響詩篇エウレカセブン HI-EVOLUTION ZERO TYPE-ART,773,0,0,,https://min-repo.com/3357676/?kishu=all
2026-09-17,パラディソ大和店,リングにかけろ１ ワールドチャンピオンカーニバル編,728,0,0,,https://min-repo.com/3357676/?kishu=all
2026-09-17,パラディソ大和店,ファンキージャグラー２ＫＴ,710,1,633,100.1,https://min-repo.com/3357676/?kishu=all
2026-09-17,パラディソ大和店,ファンキージャグラー２ＫＴ,708,0,0,,https://min-repo.com/3357676/?kishu=all
2026-09-17,パラディソ大和店,ファンキージャグラー２ＫＴ,707,,926,,https://min-repo.com/3357676/?kishu=all
2026-09-17,パラディソ大和店,ファンキージャグラー２ＫＴ,706,,156,,https://min-repo.com/3357676/?kishu=all
2026-09-17,パラディソ大和店,ファミスタ回胴版！！,760,0,0,,https://min-repo.com/3357676/?kishu=all
2026-09-17,パラディソ大和店,パチスロ頭文字Ｄ,761,1,77,,https://min-repo.com/3357676/?kishu=all
2026-09-17,パラディソ大和店,パチスロ織田信奈の野望　全国版,778,0,0,,https://min-repo.com/3357676/?kishu=all
2026-09-17,パラディソ大和店,パチスロ盾の勇者の成り上がり,755,0,0,,https://min-repo.com/3357676/?kishu=all
2026-09-17,パラディソ大和店,パチスロ炎炎ノ消防隊,770,0,0,,https://min-repo.com/3357676/?kishu=all
2026-09-17,パラディソ大和店,パチスロ炎炎ノ消防隊,768,0,0,,https://min-repo.com/3357676/?kishu=all
2026-09-17,パラディソ大和店,パチスロ炎炎ノ消防隊,767,0,0,,https://min-repo.com/3357676/?kishu=all
2026-09-17,パラディソ大和店,パチスロ咲－Ｓａｋｉ－,752,0,0,,https://min-repo.com/3357676/?kishu=all
2026-09-17,パラディソ大和店,パチスロ北斗の拳　宿命,732,0,0,,https://min-repo.com/3357676/?kishu=all
2026-09-17,パラディソ大和店,パチスロラブ嬢２プラス,776,1,129,100.3,https://min-repo.com/3357676/?kishu=all
2026-09-17,パラディソ大和店,パチスロハイパーラッシュ,737,,38,,https://min-repo.com/3357676/?kishu=all
2026-09-17,パラディソ大和店,パチスロ　甲鉄城のカバネリ,766,0,0,,https://min-repo.com/3357676/?kishu=all
2026-09-17,パラディソ大和店,パチスロ　甲鉄城のカバネリ,765,0,0,,https://min-repo.com/3357676/?kishu=all
2026-09-17,パラディソ大和店,パチスロ　甲鉄城のカバネリ,763,0,0,,https://min-repo.com/3357676/?kishu=all
2026-09-17,パラディソ大和店,パチスロ　新鬼武者２,762,,1578,,https://min-repo.com/3357676/?kishu=all
2026-09-17,パラディソ大和店,パチスロ　戦姫絶唱シンフォギア　勇気の歌,735,0,0,,https://min-repo.com/3357676/?kishu=all
2026-09-17,パラディソ大和店,パチスロ　バイオハザード7　レジデント　イービル,721,0,0,,https://min-repo.com/3357676/?kishu=all
2026-09-17,パラディソ大和店,パチスロ　ディスクアップ２,736,1,3210,100.0,https://min-repo.com/3357676/?kishu=all
2026-09-17,パラディソ大和店,パチスロ　ケロット４,668,,154,,https://min-repo.com/3357676/?kishu=all
2026-09-17,パラディソ大和店,パチスロ　ガメラ,727,0,0,,https://min-repo.com/3357676/?kishu=all
2026-09-17,パラディソ大和店,パチスロ　アラジンＡクラシック,753,0,0,,https://min-repo.com/3357676/?kishu=all
2026-09-17,パラディソ大和店,パチスロ ダンジョンに出会いを求めるのは間違っているだろうか2,756,,247,,https://min-repo.com/3357676/?kishu=all
2026-09-17,パラディソ大和店,バーサスリヴァイズ,673,,109,,https://min-repo.com/3357676/?kishu=all
2026-09-17,パラディソ大和店,バーサスリヴァイズ,672,0,0,,https://min-repo.com/3357676/?kishu=all
2026-09-17,パラディソ大和店,ハナハナホウオウ～天翔～,688,,189,,https://min-repo.com/3357676/?kishu=all
2026-09-17,パラディソ大和店,ハナハナホウオウ～天翔～,687,,230,,https://min-repo.com/3357676/?kishu=all
2026-09-17,パラディソ大和店,ハッピージャグラーＶＩＩＩ,663,,137,,https://min-repo.com/3357676/?kishu=all
2026-09-17,パラディソ大和店,ハッピージャグラーＶＩＩＩ,662,,55,,https://min-repo.com/3357676/?kishu=all
2026-09-17,パラディソ大和店,ハッピージャグラーＶＩＩＩ,661,,204,,https://min-repo.com/3357676/?kishu=all
2026-09-17,パラディソ大和店,ハイハイシオサイ,700,,60,,https://min-repo.com/3357676/?kishu=all
2026-09-17,パラディソ大和店,ニューパルサーＳＰＩＩＩ,705,0,0,,https://min-repo.com/3357676/?kishu=all
2026-09-17,パラディソ大和店,ニューパルサーＤＸ３,702,0,0,,https://min-repo.com/3357676/?kishu=all
2026-09-17,パラディソ大和店,ニューパルサーＤＸ３,701,0,0,,https://min-repo.com/3357676/?kishu=all
2026-09-17,パラディソ大和店,ニューパルサーSP4 with 太鼓の達人,750,0,0,,https://min-repo.com/3357676/?kishu=all
2026-09-17,パラディソ大和店,ニューパルサーSP4 with 太鼓の達人,733,0,0,,https://min-repo.com/3357676/?kishu=all
2026-09-17,パラディソ大和店,ニューパルサーSP4 with 太鼓の達人,703,0,0,,https://min-repo.com/3357676/?kishu=all
2026-09-17,パラディソ大和店,ニューゲッターマウス,671,0,0,,https://min-repo.com/3357676/?kishu=all
2026-09-17,パラディソ大和店,ドンちゃん２,730,0,0,,https://min-repo.com/3357676/?kishu=all
2026-09-17,パラディソ大和店,スーパービンゴＮＥＯ　ＣＬＡＳＳＩＣ,777,0,0,,https://min-repo.com/3357676/?kishu=all
2026-09-17,パラディソ大和店,サンダーＶライトニング,675,,98,,https://min-repo.com/3357676/?kishu=all
2026-09-17,パラディソ大和店,コードギアス反逆のルルーシュ３ C.C.&Kallen ver.,726,1,347,100.1,https://min-repo.com/3357676/?kishu=all
2026-09-17,パラディソ大和店,クランキークレスト,670,0,367,100.0,https://min-repo.com/3357676/?kishu=all
2026-09-17,パラディソ大和店,ウルトラミラクルジャグラー,666,,279,,https://min-repo.com/3357676/?kishu=all
2026-09-17,パラディソ大和店,ウルトラミラクルジャグラー,665,,269,,https://min-repo.com/3357676/?kishu=all
2026-09-17,パラディソ大和店,アナザーゴッドハーデス-解き放たれし槍撃ver.-,780,0,0,,https://min-repo.com/3357676/?kishu=all
2026-09-17,パラディソ大和店,アオハル♪操 A-LIVE,757,,883,,https://min-repo.com/3357676/?kishu=all
2026-09-17,パラディソ大和店,この素晴らしい世界に祝福を！,738,1,1067,100.0,https://min-repo.com/3357676/?kishu=all
2026-09-17,パラディソ大和店,SアイムジャグラーＥＸ,715,,163,,https://min-repo.com/3357676/?kishu=all
2026-09-17,パラディソ大和店,SアイムジャグラーＥＸ,713,1,492,100.1,https://min-repo.com/3357676/?kishu=all
2026-09-17,パラディソ大和店,SアイムジャグラーＥＸ,712,,1520,,https://min-repo.com/3357676/?kishu=all
2026-09-17,パラディソ大和店,SアイムジャグラーＥＸ,711,,304,,https://min-repo.com/3357676/?kishu=all
2026-09-17,パラディソ二日町店,ＳＬＯＴバジリスク〜甲賀忍法帖〜絆２,307,0,0,,https://min-repo.com/3357885/?kishu=all
2026-09-17,パラディソ二日町店,ＳＬＯＴバジリスク〜甲賀忍法帖〜絆２,306,0,0,,https://min-repo.com/3357885/?kishu=all
2026-09-17,パラディソ二日町店,ＳＬＯＴまどか前後編,282,,125,,https://min-repo.com/3357885/?kishu=all
2026-09-17,パラディソ二日町店,真打 吉宗,370,,1470,,https://min-repo.com/3357885/?kishu=all
2026-09-17,パラディソ二日町店,沖ドキ！ＧＯＬＤ-30,877,,34,,https://min-repo.com/3357885/?kishu=all
2026-09-17,パラディソ二日町店,沖ドキ！ＧＯＬＤ-30,876,1,107,100.3,https://min-repo.com/3357885/?kishu=all
2026-09-17,パラディソ二日町店,沖ドキ！ＧＯＬＤ-30,875,0,0,,https://min-repo.com/3357885/?kishu=all
2026-09-17,パラディソ二日町店,沖ドキ！ＧＯＬＤ-30,873,,43,,https://min-repo.com/3357885/?kishu=all
2026-09-17,パラディソ二日町店,沖ドキ！ＧＯＬＤ-30,872,,191,,https://min-repo.com/3357885/?kishu=all
2026-09-17,パラディソ二日町店,沖ドキ！ＧＯＬＤ-30,871,,287,,https://min-repo.com/3357885/?kishu=all
2026-09-17,パラディソ二日町店,沖ドキ！ＧＯＬＤ-30,870,,32,,https://min-repo.com/3357885/?kishu=all
2026-09-17,パラディソ二日町店,沖ドキ！ＧＯＬＤ-30,868,,32,,https://min-repo.com/3357885/?kishu=all
2026-09-17,パラディソ二日町店,沖ドキ！ＧＯＬＤ-30,867,,25,,https://min-repo.com/3357885/?kishu=all
2026-09-17,パラディソ二日町店,沖ドキ！ＧＯＬＤ-30,866,1,37,,https://min-repo.com/3357885/?kishu=all
2026-09-17,パラディソ二日町店,新ハナビ,262,1,519,100.1,https://min-repo.com/3357885/?kishu=all
2026-09-17,パラディソ二日町店,新ハナビ,261,1,2457,100.0,https://min-repo.com/3357885/?kishu=all
2026-09-17,パラディソ二日町店,新ハナビ,260,1,1474,100.0,https://min-repo.com/3357885/?kishu=all
2026-09-17,パラディソ二日町店,新ハナビ,258,1,1848,100.0,https://min-repo.com/3357885/?kishu=all
2026-09-17,パラディソ二日町店,押忍！番長ＺＥＲＯ,312,0,0,,https://min-repo.com/3357885/?kishu=all
2026-09-17,パラディソ二日町店,押忍！番長ＺＥＲＯ,311,0,0,,https://min-repo.com/3357885/?kishu=all
2026-09-17,パラディソ二日町店,押忍！番長ＺＥＲＯ,310,0,0,,https://min-repo.com/3357885/?kishu=all
2026-09-17,パラディソ二日町店,押忍！番長ＺＥＲＯ,308,0,0,,https://min-repo.com/3357885/?kishu=all
2026-09-17,パラディソ二日町店,戦国コレクション6,720,,221,,https://min-repo.com/3357885/?kishu=all
2026-09-17,パラディソ二日町店,回胴式遊技機グランベルム,278,,436,,https://min-repo.com/3357885/?kishu=all
2026-09-17,パラディソ二日町店,吉宗,368,,67,,https://min-repo.com/3357885/?kishu=all
2026-09-17,パラディソ二日町店,吉宗,367,,306,,https://min-repo.com/3357885/?kishu=all
2026-09-17,パラディソ二日町店,交響詩篇エウレカセブン HI-EVOLUTION ZERO TYPE-ART,322,,872,,https://min-repo.com/3357885/?kishu=all
2026-09-17,パラディソ二日町店,交響詩篇エウレカセブン HI-EVOLUTION ZERO TYPE-ART,321,1,570,100.1,https://min-repo.com/3357885/?kishu=all
2026-09-17,パラディソ二日町店,交響詩篇エウレカセブン HI-EVOLUTION ZERO TYPE-ART,320,,25,,https://min-repo.com/3357885/?kishu=all
2026-09-17,パラディソ二日町店,マイジャグラーV,788,,3139,,https://min-repo.com/3357885/?kishu=all
2026-09-17,パラディソ二日町店,マイジャグラーV,787,,2994,,https://min-repo.com/3357885/?kishu=all
2026-09-17,パラディソ二日町店,マイジャグラーV,786,,3273,,https://min-repo.com/3357885/?kishu=all
2026-09-17,パラディソ二日町店,マイジャグラーV,785,,1085,,https://min-repo.com/3357885/?kishu=all
2026-09-17,パラディソ二日町店,マイジャグラーV,783,,2360,,https://min-repo.com/3357885/?kishu=all
2026-09-17,パラディソ二日町店,マイジャグラーV,782,1,2063,100.0,https://min-repo.com/3357885/?kishu=all
2026-09-17,パラディソ二日町店,ファンキージャグラー２ＫＴ,815,,600,,https://min-repo.com/3357885/?kishu=all
2026-09-17,パラディソ二日町店,ファンキージャグラー２ＫＴ,813,,5502,,https://min-repo.com/3357885/?kishu=all
2026-09-17,パラディソ二日町店,ファンキージャグラー２ＫＴ,812,,691,,https://min-repo.com/3357885/?kishu=all
2026-09-17,パラディソ二日町店,ファンキージャグラー２ＫＴ,811,,524,,https://min-repo.com/3357885/?kishu=all
2026-09-17,パラディソ二日町店,ファンキージャグラー２ＫＴ,810,1,1550,100.0,https://min-repo.com/3357885/?kishu=all
2026-09-17,パラディソ二日町店,ファンキージャグラー２ＫＴ,808,1,3142,100.0,https://min-repo.com/3357885/?kishu=all
2026-09-17,パラディソ二日町店,ファンキージャグラー２ＫＴ,781,1,2694,100.0,https://min-repo.com/3357885/?kishu=all
2026-09-17,パラディソ二日町店,ファンキージャグラー２ＫＴ,780,,440,,https://min-repo.com/3357885/?kishu=all
2026-09-17,パラディソ二日町店,ファンキージャグラー２ＫＴ,778,,426,,https://min-repo.com/3357885/?kishu=all
2026-09-17,パラディソ二日町店,ファンキージャグラー２ＫＴ,777,,1925,,https://min-repo.com/3357885/?kishu=all
2026-09-17,パラディソ二日町店,ファンキージャグラー２ＫＴ,776,,1219,,https://min-repo.com/3357885/?kishu=all
2026-09-17,パラディソ二日町店,ファンキージャグラー２ＫＴ,775,1,3259,100.0,https://min-repo.com/3357885/?kishu=all
2026-09-17,パラディソ二日町店,ファンキージャグラー２ＫＴ,773,1,1137,100.0,https://min-repo.com/3357885/?kishu=all
2026-09-17,パラディソ二日町店,ファミスタ回胴版！！,286,,540,,https://min-repo.com/3357885/?kishu=all
2026-09-17,パラディソ二日町店,パチスロ戦国恋姫,318,,685,,https://min-repo.com/3357885/?kishu=all
2026-09-17,パラディソ二日町店,パチスロ北斗の拳　宿命,313,0,0,,https://min-repo.com/3357885/?kishu=all
2026-09-17,パラディソ二日町店,パチスロなめ猫～液晶ないけどなめんじゃねぇ～,273,1,287,100.1,https://min-repo.com/3357885/?kishu=all
2026-09-17,パラディソ二日町店,パチスロ　甲鉄城のカバネリ,305,0,0,,https://min-repo.com/3357885/?kishu=all
2026-09-17,パラディソ二日町店,パチスロ　甲鉄城のカバネリ,303,,962,,https://min-repo.com/3357885/?kishu=all
2026-09-17,パラディソ二日町店,パチスロ　ペルソナ５,280,,1062,,https://min-repo.com/3357885/?kishu=all
2026-09-17,パラディソ二日町店,パチスロ　バイオハザード　ＲＥ：２,315,,536,,https://min-repo.com/3357885/?kishu=all
2026-09-17,パラディソ二日町店,パチスロ　ハードボイルド,283,1,443,100.1,https://min-repo.com/3357885/?kishu=all
2026-09-17,パラディソ二日町店,パチスロ　コードギアス反逆のルルーシュ３,281,0,0,,https://min-repo.com/3357885/?kishu=all
2026-09-17,パラディソ二日町店,パチスロ　ケロット４,287,,2377,,https://min-repo.com/3357885/?kishu=all
2026-09-17,パラディソ二日町店,バーサスリヴァイズ,265,1,865,100.0,https://min-repo.com/3357885/?kishu=all
2026-09-17,パラディソ二日町店,バーサスリヴァイズ,263,,2398,,https://min-repo.com/3357885/?kishu=all
2026-09-17,パラディソ二日町店,ハナハナホウオウ～天翔～,272,0,0,,https://min-repo.com/3357885/?kishu=all
2026-09-17,パラディソ二日町店,ハナハナホウオウ～天翔～,271,,52,,https://min-repo.com/3357885/?kishu=all
2026-09-17,パラディソ二日町店,ハナハナホウオウ～天翔～,270,,68,,https://min-repo.com/3357885/?kishu=all
2026-09-17,パラディソ二日町店,ハッピージャグラーＶＩＩＩ,802,,2332,,https://min-repo.com/3357885/?kishu=all
2026-09-17,パラディソ二日町店,ハッピージャグラーＶＩＩＩ,801,,6049,,https://min-repo.com/3357885/?kishu=all
2026-09-17,パラディソ二日町店,ハイスクールＤ×Ｄ２,285,0,0,,https://min-repo.com/3357885/?kishu=all
2026-09-17,パラディソ二日町店,ネオアイムジャグラーEX,807,,2595,,https://min-repo.com/3357885/?kishu=all
2026-09-17,パラディソ二日町店,ネオアイムジャグラーEX,806,,1109,,https://min-repo.com/3357885/?kishu=all
2026-09-17,パラディソ二日町店,ネオアイムジャグラーEX,805,,2614,,https://min-repo.com/3357885/?kishu=all
2026-09-17,パラディソ二日町店,ネオアイムジャグラーEX,803,,961,,https://min-repo.com/3357885/?kishu=all
2026-09-17,パラディソ二日町店,ニューパルサーＳＰＩＩＩ,288,,193,,https://min-repo.com/3357885/?kishu=all
2026-09-17,パラディソ二日町店,ニューパルサーＤＸ３,300,1,1168,100.0,https://min-repo.com/3357885/?kishu=all
2026-09-17,パラディソ二日町店,ニューパルサーSP4 with 太鼓の達人,302,,1773,,https://min-repo.com/3357885/?kishu=all
2026-09-17,パラディソ二日町店,ニューパルサーSP4 with 太鼓の達人,301,1,701,100.0,https://min-repo.com/3357885/?kishu=all
2026-09-17,パラディソ二日町店,ニューゲッターマウス,268,1,1363,100.0,https://min-repo.com/3357885/?kishu=all
2026-09-17,パラディソ二日町店,スロット ソードアート・オンラインⅡ,501,,3042,,https://min-repo.com/3357885/?kishu=all
2026-09-17,パラディソ二日町店,スロット ソードアート・オンラインⅡ,500,1,4742,100.0,https://min-repo.com/3357885/?kishu=all
2026-09-17,パラディソ二日町店,スマスロ頭文字D 2nd,761,,117,,https://min-repo.com/3357885/?kishu=all
2026-09-17,パラディソ二日町店,スマスロ鉄拳6,375,,80,,https://min-repo.com/3357885/?kishu=all
2026-09-17,パラディソ二日町店,スマスロ鉄拳6,373,,1728,,https://min-repo.com/3357885/?kishu=all
2026-09-17,パラディソ二日町店,スマスロ秘宝伝,760,0,0,,https://min-repo.com/3357885/?kishu=all
2026-09-17,パラディソ二日町店,スマスロ新鬼武者3,727,,787,,https://min-repo.com/3357885/?kishu=all
2026-09-17,パラディソ二日町店,スマスロ北斗の拳 転生の章2,332,,1399,,https://min-repo.com/3357885/?kishu=all
2026-09-17,パラディソ二日町店,スマスロ北斗の拳 転生の章2,331,,2101,,https://min-repo.com/3357885/?kishu=all
2026-09-17,パラディソ二日町店,スマスロ北斗の拳 転生の章2,330,,261,,https://min-repo.com/3357885/?kishu=all
2026-09-17,パラディソ二日町店,スマスロ北斗の拳 転生の章2,328,1,1874,100.0,https://min-repo.com/3357885/?kishu=all
2026-09-17,パラディソ二日町店,スマスロ化物語,352,,29,,https://min-repo.com/3357885/?kishu=all
2026-09-17,パラディソ二日町店,スマスロモンキーターンV,850,1,805,100.0,https://min-repo.com/3357885/?kishu=all
2026-09-17,パラディソ二日町店,スマスロモンキーターンV,838,,368,,https://min-repo.com/3357885/?kishu=all
2026-09-17,パラディソ二日町店,スマスロモンキーターンV,837,,145,,https://min-repo.com/3357885/?kishu=all
2026-09-17,パラディソ二日町店,スマスロモンキーターンV,836,,3160,,https://min-repo.com/3357885/?kishu=all
2026-09-17,パラディソ二日町店,スマスロバジリスク～甲賀忍法帖～絆2 天膳 BLACK EDITION,731,0,0,,https://min-repo.com/3357885/?kishu=all
2026-09-17,パラディソ二日町店,スマスロバジリスク～甲賀忍法帖～絆2 天膳 BLACK EDITION,730,0,0,,https://min-repo.com/3357885/?kishu=all
2026-09-17,パラディソ二日町店,スマスロケロット5BT,752,,385,,https://min-repo.com/3357885/?kishu=all
2026-09-17,パラディソ二日町店,スマスロとある科学の超電磁砲2,721,0,0,,https://min-repo.com/3357885/?kishu=all
2026-09-17,パラディソ二日町店,スマスロBIRDIE WING-Golf Girls’ Story-,755,,137,,https://min-repo.com/3357885/?kishu=all
2026-09-17,パラディソ二日町店,スマスロ 甲鉄城のカバネリ 海門決戦,835,1,3711,100.0,https://min-repo.com/3357885/?kishu=all
2026-09-17,パラディソ二日町店,スマスロ 甲鉄城のカバネリ 海門決戦,833,1,648,100.1,https://min-repo.com/3357885/?kishu=all
2026-09-17,パラディソ二日町店,スマスロ 甲鉄城のカバネリ 海門決戦,832,,2690,,https://min-repo.com/3357885/?kishu=all
2026-09-17,パラディソ二日町店,スマスロ 甲鉄城のカバネリ 海門決戦,831,,2088,,https://min-repo.com/3357885/?kishu=all
2026-09-17,パラディソ二日町店,スマスロ 沖ドキ!DUO アンコール,371,,200,,https://min-repo.com/3357885/?kishu=all
2026-09-17,パラディソ二日町店,スマスロ 攻殻機動隊,351,,493,,https://min-repo.com/3357885/?kishu=all
2026-09-17,パラディソ二日町店,スマスロ 七つの魔剣が支配する,762,0,0,,https://min-repo.com/3357885/?kishu=all
2026-09-17,パラディソ二日町店,スマスロ リコリス・リコイル,855,1,1174,100.0,https://min-repo.com/3357885/?kishu=all
2026-09-17,パラディソ二日町店,スマスロ リコリス・リコイル,853,,4299,,https://min-repo.com/3357885/?kishu=all
2026-09-17,パラディソ二日町店,スマスロ リコリス・リコイル,852,,3866,,https://min-repo.com/3357885/?kishu=all
2026-09-17,パラディソ二日町店,スマスロ リコリス・リコイル,851,,1003,,https://min-repo.com/3357885/?kishu=all
2026-09-17,パラディソ二日町店,スマスロ モンスターハンターライズ,723,0,0,,https://min-repo.com/3357885/?kishu=all
2026-09-17,パラディソ二日町店,スマスロ ミリオンゴッド-神々の軌跡-,512,1,1496,100.0,https://min-repo.com/3357885/?kishu=all
2026-09-17,パラディソ二日町店,スマスロ ミリオンゴッド-神々の軌跡-,511,,1019,,https://min-repo.com/3357885/?kishu=all
2026-09-17,パラディソ二日町店,スマスロ ミリオンゴッド-神々の軌跡-,510,1,891,100.0,https://min-repo.com/3357885/?kishu=all
2026-09-17,パラディソ二日町店,スマスロ マギアレコード 魔法少女まどか☆マギカ外伝,827,0,0,,https://min-repo.com/3357885/?kishu=all
2026-09-17,パラディソ二日町店,スマスロ マギアレコード 魔法少女まどか☆マギカ外伝,826,0,0,,https://min-repo.com/3357885/?kishu=all
2026-09-17,パラディソ二日町店,スマスロ ビッグドリーム THE GOLDEN PUSHER,508,,274,,https://min-repo.com/3357885/?kishu=all
2026-09-17,パラディソ二日町店,スマスロ バイオハザードRE:3,830,1,92,,https://min-repo.com/3357885/?kishu=all
2026-09-17,パラディソ二日町店,スマスロ バイオハザードRE:3,828,,165,,https://min-repo.com/3357885/?kishu=all
2026-09-17,パラディソ二日町店,スマスロ バイオハザード5,725,1,2073,100.0,https://min-repo.com/3357885/?kishu=all
2026-09-17,パラディソ二日町店,スマスロ ハナビ,737,,1811,,https://min-repo.com/3357885/?kishu=all
2026-09-17,パラディソ二日町店,スマスロ ハナビ,736,,587,,https://min-repo.com/3357885/?kishu=all
2026-09-17,パラディソ二日町店,スマスロ デビルメイクライ5 スタイリッシュトライブ,726,0,0,,https://min-repo.com/3357885/?kishu=all
2026-09-17,パラディソ二日町店,スマスロ タコスロ,735,,2663,,https://min-repo.com/3357885/?kishu=all
2026-09-17,パラディソ二日町店,スマスロ スーパーリオエース2,386,,776,,https://min-repo.com/3357885/?kishu=all
2026-09-17,パラディソ二日町店,スマスロ スーパーブラックジャック,385,,1462,,https://min-repo.com/3357885/?kishu=all
2026-09-17,パラディソ二日町店,スマスロ ストリートファイター6,377,,2444,,https://min-repo.com/3357885/?kishu=all
2026-09-17,パラディソ二日町店,スマスロ ストリートファイター6,376,1,794,100.0,https://min-repo.com/3357885/?kishu=all
2026-09-17,パラディソ二日町店,スマスロ サンダーV,733,,2213,,https://min-repo.com/3357885/?kishu=all
2026-09-17,パラディソ二日町店,スマスロ ゴブリンスレイヤーⅡ,728,0,0,,https://min-repo.com/3357885/?kishu=all
2026-09-17,パラディソ二日町店,スマスロ ゴッドイーター リザレクション,336,,623,,https://min-repo.com/3357885/?kishu=all
2026-09-17,パラディソ二日町店,スマスロ ゴッドイーター リザレクション,335,0,0,,https://min-repo.com/3357885/?kishu=all
2026-09-17,パラディソ二日町店,スマスロ ゴッドイーター リザレクション,333,1,142,100.2,https://min-repo.com/3357885/?kishu=all
2026-09-17,パラディソ二日町店,スマスロ やじきた道中記参る！,337,1,950,100.0,https://min-repo.com/3357885/?kishu=all
2026-09-17,パラディソ二日町店,スマスロ とある魔術の禁書目録2,387,,1183,,https://min-repo.com/3357885/?kishu=all
2026-09-17,パラディソ二日町店,ゴーゴージャグラー３,772,,835,,https://min-repo.com/3357885/?kishu=all
2026-09-17,パラディソ二日町店,ゴーゴージャグラー３,771,1,6507,100.0,https://min-repo.com/3357885/?kishu=all
2026-09-17,パラディソ二日町店,ゴーゴージャグラー３,770,,3812,,https://min-repo.com/3357885/?kishu=all
2026-09-17,パラディソ二日町店,コードギアス反逆のルルーシュ３ C.C.&Kallen ver.,277,,536,,https://min-repo.com/3357885/?kishu=all
2026-09-17,パラディソ二日町店,クレアの秘宝伝～はじまりの扉と太陽の石～ボーナストリガーver.,751,0,0,,https://min-repo.com/3357885/?kishu=all
2026-09-17,パラディソ二日町店,クランキークレスト,267,1,281,100.1,https://min-repo.com/3357885/?kishu=all
2026-09-17,パラディソ二日町店,クランキークレスト,266,,444,,https://min-repo.com/3357885/?kishu=all
2026-09-17,パラディソ二日町店,アレックス ブライト,738,1,996,100.0,https://min-repo.com/3357885/?kishu=all
2026-09-17,パラディソ二日町店,アナザーゴッドハーデス-解き放たれし槍撃ver.-,317,,15,,https://min-repo.com/3357885/?kishu=all
2026-09-17,パラディソ二日町店,アナザーゴッドハーデス-解き放たれし槍撃ver.-,316,,93,,https://min-repo.com/3357885/?kishu=all
2026-09-17,パラディソ二日町店,アオハル♪操 A-LIVE,275,,185,,https://min-repo.com/3357885/?kishu=all
2026-09-17,パラディソ二日町店,この素晴らしい世界に祝福を！,276,,1675,,https://min-repo.com/3357885/?kishu=all
2026-09-17,パラディソ二日町店,いざ！番長,758,0,0,,https://min-repo.com/3357885/?kishu=all
2026-09-17,パラディソ二日町店,いざ！番長,757,0,0,,https://min-repo.com/3357885/?kishu=all
2026-09-17,パラディソ二日町店,SHAKE BONUS TRIGGER,750,,2264,,https://min-repo.com/3357885/?kishu=all
2026-09-17,パラディソ二日町店,L麻雀物語,718,,260,,https://min-repo.com/3357885/?kishu=all
2026-09-17,パラディソ二日町店,L青春ブタ野郎はバニーガール先輩の夢を見ない,507,,3359,,https://min-repo.com/3357885/?kishu=all
2026-09-17,パラディソ二日町店,L虚構推理,768,,50,,https://min-repo.com/3357885/?kishu=all
2026-09-17,パラディソ二日町店,L真・一騎当千,767,0,0,,https://min-repo.com/3357885/?kishu=all
2026-09-17,パラディソ二日町店,L東京喰種,361,1,3056,100.0,https://min-repo.com/3357885/?kishu=all
2026-09-17,パラディソ二日町店,L東京喰種,360,1,2853,100.0,https://min-repo.com/3357885/?kishu=all
2026-09-17,パラディソ二日町店,L東京喰種,358,,3291,,https://min-repo.com/3357885/?kishu=all
2026-09-17,パラディソ二日町店,L戦国乙女４　戦乱に閃く炯眼の軍師,356,0,0,,https://min-repo.com/3357885/?kishu=all
2026-09-17,パラディソ二日町店,L戦国乙女４　戦乱に閃く炯眼の軍師,355,,344,,https://min-repo.com/3357885/?kishu=all
2026-09-17,パラディソ二日町店,L戦国乙女４　戦乱に閃く炯眼の軍師,353,0,0,,https://min-repo.com/3357885/?kishu=all
2026-09-17,パラディソ二日町店,L戦国乙女5 業火を穿つ宿焔の双刃,357,,3165,,https://min-repo.com/3357885/?kishu=all
2026-09-17,パラディソ二日町店,L少女☆歌劇 レヴュースタァライト -The SLOT-,766,0,0,,https://min-repo.com/3357885/?kishu=all
2026-09-17,パラディソ二日町店,L南国育ち SPECIAL,372,,2654,,https://min-repo.com/3357885/?kishu=all
2026-09-17,パラディソ二日町店,Lラブ嬢3～Wご指名はいかがですか?～,722,0,0,,https://min-repo.com/3357885/?kishu=all
2026-09-17,パラディソ二日町店,Lパチスロ革命機ヴァルヴレイヴ2,503,,916,,https://min-repo.com/3357885/?kishu=all
2026-09-17,パラディソ二日町店,Lパチスロ革命機ヴァルヴレイヴ2,502,,3770,,https://min-repo.com/3357885/?kishu=all
2026-09-17,パラディソ二日町店,Lパチスロ炎炎ノ消防隊2,350,1,1187,100.0,https://min-repo.com/3357885/?kishu=all
2026-09-17,パラディソ二日町店,Lパチスロ炎炎ノ消防隊,765,1,1105,100.0,https://min-repo.com/3357885/?kishu=all
2026-09-17,パラディソ二日町店,Lパチスロ彼女、お借りします,338,1,2692,100.0,https://min-repo.com/3357885/?kishu=all
2026-09-17,パラディソ二日町店,Lパチスロからくりサーカス2,363,,693,,https://min-repo.com/3357885/?kishu=all
2026-09-17,パラディソ二日町店,Lパチスロからくりサーカス2,362,,570,,https://min-repo.com/3357885/?kishu=all
2026-09-17,パラディソ二日町店,Lパチスロからくりサーカス,366,0,0,,https://min-repo.com/3357885/?kishu=all
2026-09-17,パラディソ二日町店,Lパチスロからくりサーカス,365,1,1310,100.0,https://min-repo.com/3357885/?kishu=all
2026-09-17,パラディソ二日町店,Lパチスロ 機動戦士ガンダムユニコーン 覚醒DRIVE,732,0,0,,https://min-repo.com/3357885/?kishu=all
2026-09-17,パラディソ二日町店,Lパチスロ かぐや様は告らせたい,506,,86,,https://min-repo.com/3357885/?kishu=all
2026-09-17,パラディソ二日町店,Lパチスロ かぐや様は告らせたい,505,,852,,https://min-repo.com/3357885/?kishu=all
2026-09-17,パラディソ二日町店,Lタクトオーパス デスティニー,717,,131,,https://min-repo.com/3357885/?kishu=all
2026-09-17,パラディソ二日町店,Lスマスロ北斗の拳,860,,577,,https://min-repo.com/3357885/?kishu=all
2026-09-17,パラディソ二日町店,Lスマスロ北斗の拳,858,0,0,,https://min-repo.com/3357885/?kishu=all
2026-09-17,パラディソ二日町店,Lスマスロ北斗の拳,857,,1616,,https://min-repo.com/3357885/?kishu=all
2026-09-17,パラディソ二日町店,Lスマスロ北斗の拳,856,,438,,https://min-repo.com/3357885/?kishu=all
2026-09-17,パラディソ二日町店,Lスマスロ北斗の拳,825,,102,,https://min-repo.com/3357885/?kishu=all
2026-09-17,パラディソ二日町店,Lスマスロ北斗の拳,823,1,1294,100.0,https://min-repo.com/3357885/?kishu=all
2026-09-17,パラディソ二日町店,Lスマスロ北斗の拳,822,1,756,100.0,https://min-repo.com/3357885/?kishu=all
2026-09-17,パラディソ二日町店,Lスマスロ北斗の拳,821,,865,,https://min-repo.com/3357885/?kishu=all
2026-09-17,パラディソ二日町店,Lゴジラ対エヴァンゲリオン,756,,1359,,https://min-repo.com/3357885/?kishu=all
2026-09-17,パラディソ二日町店,Lアズールレーン THE ANIMATION,383,1,528,100.1,https://min-repo.com/3357885/?kishu=all
2026-09-17,パラディソ二日町店,LBパチスロ ヱヴァンゲリヲン～約束の扉～,753,1,991,100.0,https://min-repo.com/3357885/?kishu=all
2026-09-17,パラディソ二日町店,L ULTRAMAN 最終決戦,763,,553,,https://min-repo.com/3357885/?kishu=all
2026-09-17,パラディソ二日町店,L ToLOVEるダークネス TRANCE ver.8.7,388,,244,,https://min-repo.com/3357885/?kishu=all
2026-09-17,パチンコまるたま泉中央店,翔べ！ハーレムエース,376,,980,,https://min-repo.com/3357529/?kishu=all
2026-09-17,パチンコまるたま泉中央店,沖ドキ！ＧＯＬＤ,343,1021,2006,117.0,https://min-repo.com/3357529/?kishu=all
2026-09-17,パチンコまるたま泉中央店,沖ドキ！ＧＯＬＤ,340,,75,,https://min-repo.com/3357529/?kishu=all
2026-09-17,パチンコまるたま泉中央店,押忍！番長4,378,635,1946,110.9,https://min-repo.com/3357529/?kishu=all
2026-09-17,パチンコまるたま泉中央店,戦国コレクション6,386,385,371,134.6,https://min-repo.com/3357529/?kishu=all
2026-09-17,パチンコまるたま泉中央店,吉宗RISING,430,0,0,,https://min-repo.com/3357529/?kishu=all
2026-09-17,パチンコまるたま泉中央店,ファンキージャグラー２ＫＴ,345,,902,,https://min-repo.com/3357529/?kishu=all
2026-09-17,パチンコまるたま泉中央店,ファンキージャグラー２ＫＴ,344,127,1694,102.5,https://min-repo.com/3357529/?kishu=all
2026-09-17,パチンコまるたま泉中央店,ファンキージャグラー２ＫＴ,339,517,772,122.3,https://min-repo.com/3357529/?kishu=all
2026-09-17,パチンコまるたま泉中央店,ファンキージャグラー２ＫＴ,338,,664,,https://min-repo.com/3357529/?kishu=all
2026-09-17,パチンコまるたま泉中央店,バーサスリヴァイズ,342,,1309,,https://min-repo.com/3357529/?kishu=all
2026-09-17,パチンコまるたま泉中央店,バーサスリヴァイズ,341,,1930,,https://min-repo.com/3357529/?kishu=all
2026-09-17,パチンコまるたま泉中央店,ネオアイムジャグラーEX,351,606,979,120.6,https://min-repo.com/3357529/?kishu=all
2026-09-17,パチンコまるたま泉中央店,ネオアイムジャグラーEX,350,,1884,,https://min-repo.com/3357529/?kishu=all
2026-09-17,パチンコまるたま泉中央店,ネオアイムジャグラーEX,349,41,400,103.4,https://min-repo.com/3357529/?kishu=all
2026-09-17,パチンコまるたま泉中央店,ネオアイムジャグラーEX,348,,2583,,https://min-repo.com/3357529/?kishu=all
2026-09-17,パチンコまるたま泉中央店,ネオアイムジャグラーEX,347,512,1517,111.3,https://min-repo.com/3357529/?kishu=all
2026-09-17,パチンコまるたま泉中央店,ネオアイムジャグラーEX,346,,3660,,https://min-repo.com/3357529/?kishu=all
2026-09-17,パチンコまるたま泉中央店,ネオアイムジャグラーEX,337,904,2489,112.1,https://min-repo.com/3357529/?kishu=all
2026-09-17,パチンコまるたま泉中央店,ネオアイムジャグラーEX,336,,300,,https://min-repo.com/3357529/?kishu=all
2026-09-17,パチンコまるたま泉中央店,ネオアイムジャグラーEX,335,,536,,https://min-repo.com/3357529/?kishu=all
2026-09-17,パチンコまるたま泉中央店,ネオアイムジャグラーEX,334,120,3580,101.1,https://min-repo.com/3357529/?kishu=all
2026-09-17,パチンコまるたま泉中央店,ネオアイムジャグラーEX,333,,105,,https://min-repo.com/3357529/?kishu=all
2026-09-17,パチンコまるたま泉中央店,ネオアイムジャグラーEX,332,,6671,,https://min-repo.com/3357529/?kishu=all
2026-09-17,パチンコまるたま泉中央店,スマスロ鉄拳6,319,,2008,,https://min-repo.com/3357529/?kishu=all
2026-09-17,パチンコまるたま泉中央店,スマスロ新鬼武者3,422,,480,,https://min-repo.com/3357529/?kishu=all
2026-09-17,パチンコまるたま泉中央店,スマスロ北斗の拳 転生の章2,368,776,503,151.4,https://min-repo.com/3357529/?kishu=all
2026-09-17,パチンコまるたま泉中央店,スマスロ北斗の拳 転生の章2,367,,969,,https://min-repo.com/3357529/?kishu=all
2026-09-17,パチンコまるたま泉中央店,スマスロ北斗の拳 転生の章2,366,,1670,,https://min-repo.com/3357529/?kishu=all
2026-09-17,パチンコまるたま泉中央店,スマスロ化物語,317,96,1035,103.1,https://min-repo.com/3357529/?kishu=all
2026-09-17,パチンコまるたま泉中央店,スマスロヨルムンガンド,384,0,0,,https://min-repo.com/3357529/?kishu=all
2026-09-17,パチンコまるたま泉中央店,スマスロモンキーターンV,358,,714,,https://min-repo.com/3357529/?kishu=all
2026-09-17,パチンコまるたま泉中央店,スマスロモンキーターンV,357,,308,,https://min-repo.com/3357529/?kishu=all
2026-09-17,パチンコまるたま泉中央店,スマスロ 銀河英雄伝説 Die Neue These,425,927,1421,121.7,https://min-repo.com/3357529/?kishu=all
2026-09-17,パチンコまるたま泉中央店,スマスロ 甲鉄城のカバネリ 海門決戦,372,,2901,,https://min-repo.com/3357529/?kishu=all
2026-09-17,パチンコまるたま泉中央店,スマスロ 甲鉄城のカバネリ 海門決戦,371,,1383,,https://min-repo.com/3357529/?kishu=all
2026-09-17,パチンコまるたま泉中央店,スマスロ 甲鉄城のカバネリ 海門決戦,370,1591,1783,129.7,https://min-repo.com/3357529/?kishu=all
2026-09-17,パチンコまるたま泉中央店,スマスロ 甲鉄城のカバネリ 海門決戦,369,441,1863,107.9,https://min-repo.com/3357529/?kishu=all
2026-09-17,パチンコまるたま泉中央店,スマスロ 東京リベンジャーズ,423,,125,,https://min-repo.com/3357529/?kishu=all
2026-09-17,パチンコまるたま泉中央店,スマスロ リコリス・リコイル,314,,1917,,https://min-repo.com/3357529/?kishu=all
2026-09-17,パチンコまるたま泉中央店,スマスロ リコリス・リコイル,313,,4756,,https://min-repo.com/3357529/?kishu=all
2026-09-17,パチンコまるたま泉中央店,スマスロ リコリス・リコイル,312,,1240,,https://min-repo.com/3357529/?kishu=all
2026-09-17,パチンコまるたま泉中央店,スマスロ リコリス・リコイル,311,1825,3863,115.7,https://min-repo.com/3357529/?kishu=all
2026-09-17,パチンコまるたま泉中央店,スマスロ モンスターハンターライズ,421,0,0,,https://min-repo.com/3357529/?kishu=all
2026-09-17,パチンコまるたま泉中央店,スマスロ マギアレコード 魔法少女まどか☆マギカ外伝,362,0,0,,https://min-repo.com/3357529/?kishu=all
2026-09-17,パチンコまるたま泉中央店,スマスロ マギアレコード 魔法少女まどか☆マギカ外伝,361,0,0,,https://min-repo.com/3357529/?kishu=all
2026-09-17,パチンコまるたま泉中央店,スマスロ ハナビ,433,255,2569,103.3,https://min-repo.com/3357529/?kishu=all
2026-09-17,パチンコまるたま泉中央店,スマスロ スーパーリオエース2,320,2715,2648,134.2,https://min-repo.com/3357529/?kishu=all
2026-09-17,パチンコまるたま泉中央店,スマスロ スーパーブラックジャック,382,,676,,https://min-repo.com/3357529/?kishu=all
2026-09-17,パチンコまるたま泉中央店,スマスロ ストリートファイター6,318,,209,,https://min-repo.com/3357529/?kishu=all
2026-09-17,パチンコまるたま泉中央店,スマスロ シャーマンキング,426,0,0,,https://min-repo.com/3357529/?kishu=all
2026-09-17,パチンコまるたま泉中央店,スマスロ ゴールデンカムイ,380,0,0,,https://min-repo.com/3357529/?kishu=all
2026-09-17,パチンコまるたま泉中央店,スマスロ ゴッドイーター リザレクション,424,10740,2045,275.1,https://min-repo.com/3357529/?kishu=all
2026-09-17,パチンコまるたま泉中央店,ゴーゴージャグラー３,356,199,1709,103.9,https://min-repo.com/3357529/?kishu=all
2026-09-17,パチンコまるたま泉中央店,ゴーゴージャグラー３,355,739,2267,110.9,https://min-repo.com/3357529/?kishu=all
2026-09-17,パチンコまるたま泉中央店,ゴーゴージャグラー３,354,,1013,,https://min-repo.com/3357529/?kishu=all
2026-09-17,パチンコまるたま泉中央店,ゴーゴージャグラー３,353,,793,,https://min-repo.com/3357529/?kishu=all
2026-09-17,パチンコまるたま泉中央店,ゴーゴージャグラー３,352,603,1865,110.8,https://min-repo.com/3357529/?kishu=all
2026-09-17,パチンコまるたま泉中央店,ゴーゴージャグラー３,331,475,3063,105.2,https://min-repo.com/3357529/?kishu=all
2026-09-17,パチンコまるたま泉中央店,ゴーゴージャグラー３,330,,782,,https://min-repo.com/3357529/?kishu=all
2026-09-17,パチンコまるたま泉中央店,ゴーゴージャグラー３,329,,1487,,https://min-repo.com/3357529/?kishu=all
2026-09-17,パチンコまるたま泉中央店,ゴーゴージャグラー３,328,226,413,118.2,https://min-repo.com/3357529/?kishu=all
2026-09-17,パチンコまるたま泉中央店,ゴーゴージャグラー３,327,,3815,,https://min-repo.com/3357529/?kishu=all
2026-09-17,パチンコまるたま泉中央店,クレアの秘宝伝～はじまりの扉と太陽の石～ボーナストリガーver.,373,524,1794,109.7,https://min-repo.com/3357529/?kishu=all
2026-09-17,パチンコまるたま泉中央店,アレックス ブライト,432,249,1183,107.0,https://min-repo.com/3357529/?kishu=all
2026-09-17,パチンコまるたま泉中央店,いざ！番長,385,0,0,,https://min-repo.com/3357529/?kishu=all
2026-09-17,パチンコまるたま泉中央店,SHAKE BONUS TRIGGER,374,329,1123,109.8,https://min-repo.com/3357529/?kishu=all
2026-09-17,パチンコまるたま泉中央店,L青春ブタ野郎はバニーガール先輩の夢を見ない,420,,3633,,https://min-repo.com/3357529/?kishu=all
2026-09-17,パチンコまるたま泉中央店,L邪神ちゃんドロップキック,419,,860,,https://min-repo.com/3357529/?kishu=all
2026-09-17,パチンコまるたま泉中央店,L真・一騎当千,379,72,1571,101.5,https://min-repo.com/3357529/?kishu=all
2026-09-17,パチンコまるたま泉中央店,L無職転生～異世界行ったら本気だす～,387,0,0,,https://min-repo.com/3357529/?kishu=all
2026-09-17,パチンコまるたま泉中央店,L東京喰種,365,,3555,,https://min-repo.com/3357529/?kishu=all
2026-09-17,パチンコまるたま泉中央店,L東京喰種,364,,695,,https://min-repo.com/3357529/?kishu=all
2026-09-17,パチンコまるたま泉中央店,L東京喰種,363,4239,4384,132.2,https://min-repo.com/3357529/?kishu=all
2026-09-17,パチンコまるたま泉中央店,L戦国乙女４　戦乱に閃く炯眼の軍師,383,,1526,,https://min-repo.com/3357529/?kishu=all
2026-09-17,パチンコまるたま泉中央店,L戦国乙女5 業火を穿つ宿焔の双刃,326,1430,4481,110.6,https://min-repo.com/3357529/?kishu=all
2026-09-17,パチンコまるたま泉中央店,L戦国乙女5 業火を穿つ宿焔の双刃,325,,650,,https://min-repo.com/3357529/?kishu=all
2026-09-17,パチンコまるたま泉中央店,L不二子BT,434,,1728,,https://min-repo.com/3357529/?kishu=all
2026-09-17,パチンコまるたま泉中央店,Lラブ嬢3～Wご指名はいかがですか?～,377,0,0,,https://min-repo.com/3357529/?kishu=all
2026-09-17,パチンコまるたま泉中央店,Lパチスロ炎炎ノ消防隊2,321,,535,,https://min-repo.com/3357529/?kishu=all
2026-09-17,パチンコまるたま泉中央店,Lパチスロ戦姫絶唱シンフォギア 正義の歌,427,,275,,https://min-repo.com/3357529/?kishu=all
2026-09-17,パチンコまるたま泉中央店,Lパチスロからくりサーカス2,388,,502,,https://min-repo.com/3357529/?kishu=all
2026-09-17,パチンコまるたま泉中央店,Lパチスロ 機動戦士ガンダムユニコーン 覚醒DRIVE,381,0,0,,https://min-repo.com/3357529/?kishu=all
2026-09-17,パチンコまるたま泉中央店,Lパチスロ マクロスフロンティア4,428,,821,,https://min-repo.com/3357529/?kishu=all
2026-09-17,パチンコまるたま泉中央店,Lパチスロ かぐや様は告らせたい,360,0,0,,https://min-repo.com/3357529/?kishu=all
2026-09-17,パチンコまるたま泉中央店,Lパチスロ かぐや様は告らせたい,359,0,0,,https://min-repo.com/3357529/?kishu=all
2026-09-17,パチンコまるたま泉中央店,Lタクトオーパス デスティニー,322,,695,,https://min-repo.com/3357529/?kishu=all
2026-09-17,パチンコまるたま泉中央店,Lソードアート・オンライン,429,,1347,,https://min-repo.com/3357529/?kishu=all
2026-09-17,パチンコまるたま泉中央店,Lスマスロ北斗の拳,316,0,0,,https://min-repo.com/3357529/?kishu=all
2026-09-17,パチンコまるたま泉中央店,Lスマスロ北斗の拳,315,,567,,https://min-repo.com/3357529/?kishu=all
2026-09-17,パチンコまるたま泉中央店,Lアズールレーン THE ANIMATION,324,0,0,,https://min-repo.com/3357529/?kishu=all
2026-09-17,パチンコまるたま泉中央店,Lアズールレーン THE ANIMATION,323,,2369,,https://min-repo.com/3357529/?kishu=all
2026-09-17,パチンコまるたま泉中央店,LBパチスロ ヱヴァンゲリヲン～約束の扉～,375,,522,,https://min-repo.com/3357529/?kishu=all
2026-09-17,パチンコまるたま泉中央店,A-SLOT+異世界かるてっとBT,431,,192,,https://min-repo.com/3357529/?kishu=all
2026-09-17,パチンコまるたま山田店,花笠,103,,55,,https://min-repo.com/3357375/?kishu=all
2026-09-17,パチンコまるたま山田店,沖ドキ！ＧＯＬＤ,200,809,1745,115.5,https://min-repo.com/3357375/?kishu=all
2026-09-17,パチンコまるたま山田店,沖ドキ！ＧＯＬＤ,188,93,1103,102.8,https://min-repo.com/3357375/?kishu=all
2026-09-17,パチンコまるたま山田店,沖ドキ！ＧＯＬＤ,187,58,476,104.1,https://min-repo.com/3357375/?kishu=all
2026-09-17,パチンコまるたま山田店,沖ドキ！ＧＯＬＤ,186,,154,,https://min-repo.com/3357375/?kishu=all
2026-09-17,パチンコまるたま山田店,沖ドキ！ＧＯＬＤ,185,16,698,100.8,https://min-repo.com/3357375/?kishu=all
2026-09-17,パチンコまるたま山田店,押忍！番長ＺＥＲＯ,182,680,539,142.1,https://min-repo.com/3357375/?kishu=all
2026-09-17,パチンコまるたま山田店,戦国コレクション6,220,0,0,,https://min-repo.com/3357375/?kishu=all
2026-09-17,パチンコまるたま山田店,交響詩篇エウレカセブン HI-EVOLUTION ZERO TYPE-ART,131,0,0,,https://min-repo.com/3357375/?kishu=all
2026-09-17,パチンコまるたま山田店,ワードオブライツⅡ,132,1141,992,138.3,https://min-repo.com/3357375/?kishu=all
2026-09-17,パチンコまるたま山田店,ローティス,105,0,0,,https://min-repo.com/3357375/?kishu=all
2026-09-17,パチンコまるたま山田店,マタドールⅢ,153,,2310,,https://min-repo.com/3357375/?kishu=all
2026-09-17,パチンコまるたま山田店,マイジャグラーV,128,1787,6337,109.4,https://min-repo.com/3357375/?kishu=all
2026-09-17,パチンコまるたま山田店,マイジャグラーV,127,,403,,https://min-repo.com/3357375/?kishu=all
2026-09-17,パチンコまるたま山田店,マイジャグラーV,126,216,1875,103.8,https://min-repo.com/3357375/?kishu=all
2026-09-17,パチンコまるたま山田店,マイジャグラーV,125,773,2880,108.9,https://min-repo.com/3357375/?kishu=all
2026-09-17,パチンコまるたま山田店,マイジャグラーV,123,194,533,112.1,https://min-repo.com/3357375/?kishu=all
2026-09-17,パチンコまるたま山田店,マイジャグラーV,122,1643,2073,126.4,https://min-repo.com/3357375/?kishu=all
2026-09-17,パチンコまるたま山田店,マイジャグラーV,121,877,4802,106.1,https://min-repo.com/3357375/?kishu=all
2026-09-17,パチンコまるたま山田店,ファンキージャグラー２ＫＴ,65,,1131,,https://min-repo.com/3357375/?kishu=all
2026-09-17,パチンコまるたま山田店,ファンキージャグラー２ＫＴ,63,,623,,https://min-repo.com/3357375/?kishu=all
2026-09-17,パチンコまるたま山田店,ファンキージャグラー２ＫＴ,62,966,1782,118.1,https://min-repo.com/3357375/?kishu=all
2026-09-17,パチンコまるたま山田店,ファンキージャグラー２ＫＴ,61,86,333,108.6,https://min-repo.com/3357375/?kishu=all
2026-09-17,パチンコまるたま山田店,パチスロ炎炎ノ消防隊,181,,119,,https://min-repo.com/3357375/?kishu=all
2026-09-17,パチンコまるたま山田店,パチスロ　ケロット４,163,408,1645,108.3,https://min-repo.com/3357375/?kishu=all
2026-09-17,パチンコまるたま山田店,パチスロ ガメラ2,130,,1183,,https://min-repo.com/3357375/?kishu=all
2026-09-17,パチンコまるたま山田店,バーサスリヴァイズ,133,,2309,,https://min-repo.com/3357375/?kishu=all
2026-09-17,パチンコまるたま山田店,ハナハナホウオウ～天翔～,150,1423,3884,112.2,https://min-repo.com/3357375/?kishu=all
2026-09-17,パチンコまるたま山田店,ハナハナホウオウ～天翔～,138,,377,,https://min-repo.com/3357375/?kishu=all
2026-09-17,パチンコまるたま山田店,ハナハナホウオウ～天翔～,137,,320,,https://min-repo.com/3357375/?kishu=all
2026-09-17,パチンコまるたま山田店,ハナハナホウオウ～天翔～,136,0,0,,https://min-repo.com/3357375/?kishu=all
2026-09-17,パチンコまるたま山田店,ハナハナホウオウ～天翔～,135,,648,,https://min-repo.com/3357375/?kishu=all
2026-09-17,パチンコまるたま山田店,ハッピージャグラーＶＩＩＩ,70,1124,4119,109.1,https://min-repo.com/3357375/?kishu=all
2026-09-17,パチンコまるたま山田店,ハッピージャグラーＶＩＩＩ,68,,2453,,https://min-repo.com/3357375/?kishu=all
2026-09-17,パチンコまるたま山田店,ハッピージャグラーＶＩＩＩ,67,,645,,https://min-repo.com/3357375/?kishu=all
2026-09-17,パチンコまるたま山田店,ハッピージャグラーＶＩＩＩ,66,,699,,https://min-repo.com/3357375/?kishu=all
2026-09-17,パチンコまるたま山田店,ネオアイムジャグラーEX,60,934,3227,109.6,https://min-repo.com/3357375/?kishu=all
2026-09-17,パチンコまるたま山田店,ネオアイムジャグラーEX,58,242,765,110.5,https://min-repo.com/3357375/?kishu=all
2026-09-17,パチンコまるたま山田店,ネオアイムジャグラーEX,57,,1567,,https://min-repo.com/3357375/?kishu=all
2026-09-17,パチンコまるたま山田店,ネオアイムジャグラーEX,56,321,412,126.0,https://min-repo.com/3357375/?kishu=all
2026-09-17,パチンコまるたま山田店,ネオアイムジャグラーEX,55,709,3016,107.8,https://min-repo.com/3357375/?kishu=all
2026-09-17,パチンコまるたま山田店,ネオアイムジャグラーEX,53,706,3149,107.5,https://min-repo.com/3357375/?kishu=all
2026-09-17,パチンコまるたま山田店,ネオアイムジャグラーEX,52,,732,,https://min-repo.com/3357375/?kishu=all
2026-09-17,パチンコまるたま山田店,ネオアイムジャグラーEX,51,95,1786,101.8,https://min-repo.com/3357375/?kishu=all
2026-09-17,パチンコまるたま山田店,ネオアイムジャグラーEX,50,1371,2332,119.6,https://min-repo.com/3357375/?kishu=all
2026-09-17,パチンコまるたま山田店,ネオアイムジャグラーEX,38,,2511,,https://min-repo.com/3357375/?kishu=all
2026-09-17,パチンコまるたま山田店,ネオアイムジャグラーEX,37,1421,3190,114.8,https://min-repo.com/3357375/?kishu=all
2026-09-17,パチンコまるたま山田店,ネオアイムジャグラーEX,36,,248,,https://min-repo.com/3357375/?kishu=all
2026-09-17,パチンコまるたま山田店,ネオアイムジャグラーEX,35,,1018,,https://min-repo.com/3357375/?kishu=all
2026-09-17,パチンコまるたま山田店,ネオアイムジャグラーEX,33,,1412,,https://min-repo.com/3357375/?kishu=all
2026-09-17,パチンコまるたま山田店,ネオアイムジャグラーEX,32,,106,,https://min-repo.com/3357375/?kishu=all
2026-09-17,パチンコまるたま山田店,ネオアイムジャグラーEX,31,1981,2225,129.7,https://min-repo.com/3357375/?kishu=all
2026-09-17,パチンコまるたま山田店,ニューパルサーＳＰＩＩＩ,166,,436,,https://min-repo.com/3357375/?kishu=all
2026-09-17,パチンコまるたま山田店,ニューパルサーSP4 with 太鼓の達人,165,202,1635,104.1,https://min-repo.com/3357375/?kishu=all
2026-09-17,パチンコまるたま山田店,スマート沖スロ スターハナハナ,152,505,2694,106.2,https://min-repo.com/3357375/?kishu=all
2026-09-17,パチンコまるたま山田店,スマート沖スロ スターハナハナ,151,,196,,https://min-repo.com/3357375/?kishu=all
2026-09-17,パチンコまるたま山田店,スマスロ北斗の拳 転生の章2,8,0,0,,https://min-repo.com/3357375/?kishu=all
2026-09-17,パチンコまるたま山田店,スマスロ北斗の拳 転生の章2,7,0,0,,https://min-repo.com/3357375/?kishu=all
2026-09-17,パチンコまるたま山田店,スマスロ北斗の拳 転生の章2,6,0,0,,https://min-repo.com/3357375/?kishu=all
2026-09-17,パチンコまるたま山田店,スマスロ北斗の拳 転生の章2,10,0,0,,https://min-repo.com/3357375/?kishu=all
2026-09-17,パチンコまるたま山田店,スマスロ化物語,85,,483,,https://min-repo.com/3357375/?kishu=all
2026-09-17,パチンコまるたま山田店,スマスロ化物語,178,0,0,,https://min-repo.com/3357375/?kishu=all
2026-09-17,パチンコまるたま山田店,スマスロモンキーターンV,80,,148,,https://min-repo.com/3357375/?kishu=all
2026-09-17,パチンコまるたま山田店,スマスロモンキーターンV,78,286,822,111.6,https://min-repo.com/3357375/?kishu=all
2026-09-17,パチンコまるたま山田店,スマスロモンキーターンV,77,0,2,,https://min-repo.com/3357375/?kishu=all
2026-09-17,パチンコまるたま山田店,スマスロモンキーターンV,76,,8,,https://min-repo.com/3357375/?kishu=all
2026-09-17,パチンコまるたま山田店,スマスロケロット5BT,162,,105,,https://min-repo.com/3357375/?kishu=all
2026-09-17,パチンコまるたま山田店,スマスロキングパルサー,216,,2290,,https://min-repo.com/3357375/?kishu=all
2026-09-17,パチンコまるたま山田店,スマスロとある科学の超電磁砲2,218,0,0,,https://min-repo.com/3357375/?kishu=all
2026-09-17,パチンコまるたま山田店,スマスロ 銀河英雄伝説 Die Neue These,207,242,1449,105.6,https://min-repo.com/3357375/?kishu=all
2026-09-17,パチンコまるたま山田店,スマスロ 甲鉄城のカバネリ 海門決戦,5,,1080,,https://min-repo.com/3357375/?kishu=all
2026-09-17,パチンコまるたま山田店,スマスロ 甲鉄城のカバネリ 海門決戦,3,0,0,,https://min-repo.com/3357375/?kishu=all
2026-09-17,パチンコまるたま山田店,スマスロ 甲鉄城のカバネリ 海門決戦,2,,3,,https://min-repo.com/3357375/?kishu=all
2026-09-17,パチンコまるたま山田店,スマスロ 甲鉄城のカバネリ 海門決戦,1,1874,1346,146.4,https://min-repo.com/3357375/?kishu=all
2026-09-17,パチンコまるたま山田店,スマスロ リコリス・リコイル,75,1791,2954,120.2,https://min-repo.com/3357375/?kishu=all
2026-09-17,パチンコまるたま山田店,スマスロ リコリス・リコイル,73,1234,3087,113.3,https://min-repo.com/3357375/?kishu=all
2026-09-17,パチンコまるたま山田店,スマスロ リコリス・リコイル,72,,3776,,https://min-repo.com/3357375/?kishu=all
2026-09-17,パチンコまるたま山田店,スマスロ リコリス・リコイル,71,,1253,,https://min-repo.com/3357375/?kishu=all
2026-09-17,パチンコまるたま山田店,スマスロ モンスターハンターライズ,210,316,1248,108.4,https://min-repo.com/3357375/?kishu=all
2026-09-17,パチンコまるたま山田店,スマスロ ミリオンゴッド-神々の軌跡-,120,,865,,https://min-repo.com/3357375/?kishu=all
2026-09-17,パチンコまるたま山田店,スマスロ ミリオンゴッド-神々の軌跡-,118,,1365,,https://min-repo.com/3357375/?kishu=all
2026-09-17,パチンコまるたま山田店,スマスロ ミリオンゴッド-神々の軌跡-,117,,725,,https://min-repo.com/3357375/?kishu=all
2026-09-17,パチンコまるたま山田店,スマスロ マギアレコード 魔法少女まどか☆マギカ外伝,86,0,0,,https://min-repo.com/3357375/?kishu=all
2026-09-17,パチンコまるたま山田店,スマスロ マギアレコード 魔法少女まどか☆マギカ外伝,180,,147,,https://min-repo.com/3357375/?kishu=all
2026-09-17,パチンコまるたま山田店,スマスロ バイオハザードRE:3,208,,17,,https://min-repo.com/3357375/?kishu=all
2026-09-17,パチンコまるたま山田店,スマスロ ハナビ,160,,4336,,https://min-repo.com/3357375/?kishu=all
2026-09-17,パチンコまるたま山田店,スマスロ ハナビ,158,25,1216,100.7,https://min-repo.com/3357375/?kishu=all
2026-09-17,パチンコまるたま山田店,スマスロ デビルメイクライ5 スタイリッシュトライブ,206,,358,,https://min-repo.com/3357375/?kishu=all
2026-09-17,パチンコまるたま山田店,スマスロ スーパーブラックジャック,177,,287,,https://min-repo.com/3357375/?kishu=all
2026-09-17,パチンコまるたま山田店,スマスロ ストリートファイター6,203,0,0,,https://min-repo.com/3357375/?kishu=all
2026-09-17,パチンコまるたま山田店,スマスロ サンダーV,161,2449,1186,168.8,https://min-repo.com/3357375/?kishu=all
2026-09-17,パチンコまるたま山田店,スマスロ ゴッドイーター リザレクション,88,,284,,https://min-repo.com/3357375/?kishu=all
2026-09-17,パチンコまるたま山田店,スマスロ やじきた道中記参る！,205,,252,,https://min-repo.com/3357375/?kishu=all
2026-09-17,パチンコまるたま山田店,ゴーゴージャグラー３,30,,1065,,https://min-repo.com/3357375/?kishu=all
2026-09-17,パチンコまるたま山田店,ゴーゴージャグラー３,28,21,1762,100.4,https://min-repo.com/3357375/?kishu=all
2026-09-17,パチンコまるたま山田店,ゴーゴージャグラー３,27,,3821,,https://min-repo.com/3357375/?kishu=all
2026-09-17,パチンコまるたま山田店,ゴーゴージャグラー３,26,,637,,https://min-repo.com/3357375/?kishu=all
2026-09-17,パチンコまるたま山田店,ゴーゴージャグラー３,25,,321,,https://min-repo.com/3357375/?kishu=all
2026-09-17,パチンコまるたま山田店,ゴーゴージャグラー３,23,259,3688,102.3,https://min-repo.com/3357375/?kishu=all
2026-09-17,パチンコまるたま山田店,ゴーゴージャグラー３,22,268,878,110.2,https://min-repo.com/3357375/?kishu=all
2026-09-17,パチンコまるたま山田店,ゴーゴージャグラー３,21,3060,8013,112.7,https://min-repo.com/3357375/?kishu=all
2026-09-17,パチンコまるたま山田店,クレアの秘宝伝～はじまりの扉と太陽の石～ボーナストリガーver.,168,,269,,https://min-repo.com/3357375/?kishu=all
2026-09-17,パチンコまるたま山田店,アレックス ブライト,156,,400,,https://min-repo.com/3357375/?kishu=all
2026-09-17,パチンコまるたま山田店,アニマルスロット ドッチ,215,,131,,https://min-repo.com/3357375/?kishu=all
2026-09-17,パチンコまるたま山田店,Sky Love,212,0,0,,https://min-repo.com/3357375/?kishu=all
2026-09-17,パチンコまるたま山田店,SHAKE BONUS TRIGGER,157,,1718,,https://min-repo.com/3357375/?kishu=all
2026-09-17,パチンコまるたま山田店,L麻雀格闘倶楽部　覚醒,112,4473,1804,182.6,https://min-repo.com/3357375/?kishu=all
2026-09-17,パチンコまるたま山田店,L青春ブタ野郎はバニーガール先輩の夢を見ない,82,2201,5139,114.3,https://min-repo.com/3357375/?kishu=all
2026-09-17,パチンコまるたま山田店,L防空少女ラブキューレ２～極限の共鳴～,107,,999,,https://min-repo.com/3357375/?kishu=all
2026-09-17,パチンコまるたま山田店,L邪神ちゃんドロップキック,217,,236,,https://min-repo.com/3357375/?kishu=all
2026-09-17,パチンコまるたま山田店,L虚構推理,83,,109,,https://min-repo.com/3357375/?kishu=all
2026-09-17,パチンコまるたま山田店,L真・一騎当千,111,,525,,https://min-repo.com/3357375/?kishu=all
2026-09-17,パチンコまるたま山田店,L無職転生～異世界行ったら本気だす～,201,0,0,,https://min-repo.com/3357375/?kishu=all
2026-09-17,パチンコまるたま山田店,L東京喰種,116,,438,,https://min-repo.com/3357375/?kishu=all
2026-09-17,パチンコまるたま山田店,L東京喰種,115,,2011,,https://min-repo.com/3357375/?kishu=all
2026-09-17,パチンコまるたま山田店,L東京喰種,113,,215,,https://min-repo.com/3357375/?kishu=all
2026-09-17,パチンコまるたま山田店,L戦国乙女４　戦乱に閃く炯眼の軍師,106,3974,2535,152.3,https://min-repo.com/3357375/?kishu=all
2026-09-17,パチンコまるたま山田店,L戦国乙女5 業火を穿つ宿焔の双刃,20,226,1679,104.5,https://min-repo.com/3357375/?kishu=all
2026-09-17,パチンコまるたま山田店,L戦国乙女5 業火を穿つ宿焔の双刃,18,93,351,108.8,https://min-repo.com/3357375/?kishu=all
2026-09-17,パチンコまるたま山田店,L戦国乙女5 業火を穿つ宿焔の双刃,17,337,1472,107.6,https://min-repo.com/3357375/?kishu=all
2026-09-17,パチンコまるたま山田店,L南国育ち,102,,1381,,https://min-repo.com/3357375/?kishu=all
2026-09-17,パチンコまるたま山田店,L南国育ち,101,,811,,https://min-repo.com/3357375/?kishu=all
2026-09-17,パチンコまるたま山田店,L不二子BT,176,1075,203,276.5,https://min-repo.com/3357375/?kishu=all
2026-09-17,パチンコまるたま山田店,Lラブ嬢3～Wご指名はいかがですか?～,213,,614,,https://min-repo.com/3357375/?kishu=all
2026-09-17,パチンコまるたま山田店,Lパチスロ革命機ヴァルヴレイヴ2,81,,93,,https://min-repo.com/3357375/?kishu=all
2026-09-17,パチンコまるたま山田店,Lパチスロ炎炎ノ消防隊2,87,,1322,,https://min-repo.com/3357375/?kishu=all
2026-09-17,パチンコまるたま山田店,Lパチスロからくりサーカス2,202,,364,,https://min-repo.com/3357375/?kishu=all
2026-09-17,パチンコまるたま山田店,Lパチスロからくりサーカス2,100,,617,,https://min-repo.com/3357375/?kishu=all
2026-09-17,パチンコまるたま山田店,Lパチスロ　ベルセルク無双,110,0,0,,https://min-repo.com/3357375/?kishu=all
2026-09-17,パチンコまるたま山田店,Lスマスロ転生したらスライムだった件,108,0,0,,https://min-repo.com/3357375/?kishu=all
2026-09-17,パチンコまるたま山田店,Lスマスロ北斗の拳,16,,25,,https://min-repo.com/3357375/?kishu=all
2026-09-17,パチンコまるたま山田店,Lスマスロ北斗の拳,15,,4,,https://min-repo.com/3357375/?kishu=all
2026-09-17,パチンコまるたま山田店,Lスマスロ北斗の拳,13,541,577,131.3,https://min-repo.com/3357375/?kishu=all
2026-09-17,パチンコまるたま山田店,Lスマスロ北斗の拳,12,,26,,https://min-repo.com/3357375/?kishu=all
2026-09-17,パチンコまるたま山田店,Lスマスロ北斗の拳,11,,62,,https://min-repo.com/3357375/?kishu=all
2026-09-17,パチンコまるたま山田店,LBトリプルクラウン,175,,150,,https://min-repo.com/3357375/?kishu=all
2026-09-17,パチンコまるたま山田店,LBトリプルクラウン,173,,49,,https://min-repo.com/3357375/?kishu=all
2026-09-17,パチンコまるたま山田店,LBトリプルクラウン,172,,48,,https://min-repo.com/3357375/?kishu=all
2026-09-17,パチンコまるたま山田店,L D4DJ Pachi-Slot Mix,211,0,0,,https://min-repo.com/3357375/?kishu=all
2026-09-17,パチンコまるたま山田店,A-SLOT+異世界かるてっとBT,170,,1662,,https://min-repo.com/3357375/?kishu=all
2026-09-17,パチンコ22大和店,Ｒｅ：ゼロから始める異世界生活,1052,,1277,,https://min-repo.com/3357338/?kishu=all
2026-09-17,パチンコ22大和店,沖ドキ！DUO,1062,,2460,,https://min-repo.com/3357338/?kishu=all
2026-09-17,パチンコ22大和店,新ハナビ,1028,,381,,https://min-repo.com/3357338/?kishu=all
2026-09-17,パチンコ22大和店,押忍！番長ＺＥＲＯ,1037,,706,,https://min-repo.com/3357338/?kishu=all
2026-09-17,パチンコ22大和店,押忍！番長ＺＥＲＯ,1036,0,0,,https://min-repo.com/3357338/?kishu=all
2026-09-17,パチンコ22大和店,回胴式遊技機グランベルム,1031,262,1128,107.7,https://min-repo.com/3357338/?kishu=all
2026-09-17,パチンコ22大和店,交響詩篇エウレカセブン HI-EVOLUTION ZERO TYPE-ART,1058,,295,,https://min-repo.com/3357338/?kishu=all
2026-09-17,パチンコ22大和店,交響詩篇エウレカセブン HI-EVOLUTION ZERO TYPE-ART,1057,,142,,https://min-repo.com/3357338/?kishu=all
2026-09-17,パチンコ22大和店,マイジャグラーV,870,356,6774,101.8,https://min-repo.com/3357338/?kishu=all
2026-09-17,パチンコ22大和店,マイジャグラーV,868,1436,3084,115.5,https://min-repo.com/3357338/?kishu=all
2026-09-17,パチンコ22大和店,マイジャグラーV,867,,406,,https://min-repo.com/3357338/?kishu=all
2026-09-17,パチンコ22大和店,マイジャグラーV,866,2848,5428,117.5,https://min-repo.com/3357338/?kishu=all
2026-09-17,パチンコ22大和店,マイジャグラーV,865,,1299,,https://min-repo.com/3357338/?kishu=all
2026-09-17,パチンコ22大和店,マイジャグラーV,863,,334,,https://min-repo.com/3357338/?kishu=all
2026-09-17,パチンコ22大和店,マイジャグラーV,862,,2017,,https://min-repo.com/3357338/?kishu=all
2026-09-17,パチンコ22大和店,マイジャグラーV,828,,2320,,https://min-repo.com/3357338/?kishu=all
2026-09-17,パチンコ22大和店,マイジャグラーV,827,,3613,,https://min-repo.com/3357338/?kishu=all
2026-09-17,パチンコ22大和店,マイジャグラーV,826,,698,,https://min-repo.com/3357338/?kishu=all
2026-09-17,パチンコ22大和店,マイジャグラーV,825,331,2043,105.4,https://min-repo.com/3357338/?kishu=all
2026-09-17,パチンコ22大和店,マイジャグラーV,823,1137,2690,114.1,https://min-repo.com/3357338/?kishu=all
2026-09-17,パチンコ22大和店,マイジャグラーV,822,,4074,,https://min-repo.com/3357338/?kishu=all
2026-09-17,パチンコ22大和店,マイジャグラーV,821,126,1061,104.0,https://min-repo.com/3357338/?kishu=all
2026-09-17,パチンコ22大和店,ファンキージャグラー２ＫＴ,861,,555,,https://min-repo.com/3357338/?kishu=all
2026-09-17,パチンコ22大和店,ファンキージャグラー２ＫＴ,860,,375,,https://min-repo.com/3357338/?kishu=all
2026-09-17,パチンコ22大和店,ファンキージャグラー２ＫＴ,858,198,1415,104.7,https://min-repo.com/3357338/?kishu=all
2026-09-17,パチンコ22大和店,ファンキージャグラー２ＫＴ,832,,1840,,https://min-repo.com/3357338/?kishu=all
2026-09-17,パチンコ22大和店,ファンキージャグラー２ＫＴ,831,371,1367,109.0,https://min-repo.com/3357338/?kishu=all
2026-09-17,パチンコ22大和店,ファンキージャグラー２ＫＴ,830,,403,,https://min-repo.com/3357338/?kishu=all
2026-09-17,パチンコ22大和店,パチスロ頭文字Ｄ,1070,,251,,https://min-repo.com/3357338/?kishu=all
2026-09-17,パチンコ22大和店,パチスロ炎炎ノ消防隊,1055,0,0,,https://min-repo.com/3357338/?kishu=all
2026-09-17,パチンコ22大和店,パチスロ炎炎ノ消防隊,1053,,1044,,https://min-repo.com/3357338/?kishu=all
2026-09-17,パチンコ22大和店,パチスロひぐらしのなく頃に祭２,1051,,1501,,https://min-repo.com/3357338/?kishu=all
2026-09-17,パチンコ22大和店,パチスロ　甲鉄城のカバネリ,1065,0,0,,https://min-repo.com/3357338/?kishu=all
2026-09-17,パチンコ22大和店,パチスロ　甲鉄城のカバネリ,1063,0,0,,https://min-repo.com/3357338/?kishu=all
2026-09-17,パチンコ22大和店,パチスロ　新鬼武者２,1068,0,0,,https://min-repo.com/3357338/?kishu=all
2026-09-17,パチンコ22大和店,パチスロ　バイオハザード　ＲＥ：２,1025,0,0,,https://min-repo.com/3357338/?kishu=all
2026-09-17,パチンコ22大和店,パチスロ　バイオハザード　ＲＥ：２,1023,592,108,282.7,https://min-repo.com/3357338/?kishu=all
2026-09-17,パチンコ22大和店,パチスロ　バイオハザード　ＲＥ：２,1022,0,0,,https://min-repo.com/3357338/?kishu=all
2026-09-17,パチンコ22大和店,パチスロ　バイオハザード　ＲＥ：２,1021,0,0,,https://min-repo.com/3357338/?kishu=all
2026-09-17,パチンコ22大和店,パチスロ　バイオハザード7　レジデント　イービル,1066,0,0,,https://min-repo.com/3357338/?kishu=all
2026-09-17,パチンコ22大和店,パチスロ　デビル　メイ　クライ５,1067,0,0,,https://min-repo.com/3357338/?kishu=all
2026-09-17,パチンコ22大和店,パチスロ　ディスクアップ２,1061,1776,2691,122.0,https://min-repo.com/3357338/?kishu=all
2026-09-17,パチンコ22大和店,パチスロ　ディスクアップ２,1060,,659,,https://min-repo.com/3357338/?kishu=all
2026-09-17,パチンコ22大和店,バーサスリヴァイズ,1033,,279,,https://min-repo.com/3357338/?kishu=all
2026-09-17,パチンコ22大和店,ハッピージャグラーＶＩＩＩ,850,1041,1486,123.4,https://min-repo.com/3357338/?kishu=all
2026-09-17,パチンコ22大和店,ハッピージャグラーＶＩＩＩ,838,491,605,127.1,https://min-repo.com/3357338/?kishu=all
2026-09-17,パチンコ22大和店,ハッピージャグラーＶＩＩＩ,837,,1074,,https://min-repo.com/3357338/?kishu=all
2026-09-17,パチンコ22大和店,ネオアイムジャグラーEX,857,239,585,113.6,https://min-repo.com/3357338/?kishu=all
2026-09-17,パチンコ22大和店,ネオアイムジャグラーEX,856,101,1431,102.4,https://min-repo.com/3357338/?kishu=all
2026-09-17,パチンコ22大和店,ネオアイムジャグラーEX,855,,1196,,https://min-repo.com/3357338/?kishu=all
2026-09-17,パチンコ22大和店,ネオアイムジャグラーEX,836,902,1558,119.3,https://min-repo.com/3357338/?kishu=all
2026-09-17,パチンコ22大和店,ネオアイムジャグラーEX,835,,948,,https://min-repo.com/3357338/?kishu=all
2026-09-17,パチンコ22大和店,ネオアイムジャグラーEX,833,,99,,https://min-repo.com/3357338/?kishu=all
2026-09-17,パチンコ22大和店,ニューパルサーSP4 with 太鼓の達人,1032,0,0,,https://min-repo.com/3357338/?kishu=all
2026-09-17,パチンコ22大和店,ニューゲッターマウス,1035,,262,,https://min-repo.com/3357338/?kishu=all
2026-09-17,パチンコ22大和店,サンダーＶライトニング,1030,,2545,,https://min-repo.com/3357338/?kishu=all
2026-09-17,パチンコ22大和店,ゴーゴージャグラー３,853,,87,,https://min-repo.com/3357338/?kishu=all
2026-09-17,パチンコ22大和店,ゴーゴージャグラー３,852,2271,5638,113.4,https://min-repo.com/3357338/?kishu=all
2026-09-17,パチンコ22大和店,ゴーゴージャグラー３,851,,896,,https://min-repo.com/3357338/?kishu=all
2026-09-17,パチンコ22大和店,コードギアス反逆のルルーシュ３ C.C.&Kallen ver.,1056,,294,,https://min-repo.com/3357338/?kishu=all
2026-09-17,パチンコ22大和店,クランキークレスト,1027,0,0,,https://min-repo.com/3357338/?kishu=all
2026-09-17,パチンコ22大和店,クランキークレスト,1026,266,463,119.2,https://min-repo.com/3357338/?kishu=all
2026-09-17,パチンコ22大和店,アナザーゴッドハーデス-解き放たれし槍撃ver.-,1050,0,0,,https://min-repo.com/3357338/?kishu=all
2026-09-17,パチンコ22大和店,アナザーゴッドハーデス-解き放たれし槍撃ver.-,1038,0,0,,https://min-repo.com/3357338/?kishu=all
2026-09-17,スーパーメルヘンワールド石巻店,真打 吉宗,619,,2356,,https://min-repo.com/3357560/?kishu=all
2026-09-17,スーパーメルヘンワールド石巻店,真打 吉宗,618,,2636,,https://min-repo.com/3357560/?kishu=all
2026-09-17,スーパーメルヘンワールド石巻店,真打 吉宗,617,1,3003,100.0,https://min-repo.com/3357560/?kishu=all
2026-09-17,スーパーメルヘンワールド石巻店,真打 吉宗,616,,2804,,https://min-repo.com/3357560/?kishu=all
2026-09-17,スーパーメルヘンワールド石巻店,押忍！番長ＺＥＲＯ,573,,142,,https://min-repo.com/3357560/?kishu=all
2026-09-17,スーパーメルヘンワールド石巻店,戦国コレクション6,597,,613,,https://min-repo.com/3357560/?kishu=all
2026-09-17,スーパーメルヘンワールド石巻店,戦国コレクション6,596,,779,,https://min-repo.com/3357560/?kishu=all
2026-09-17,スーパーメルヘンワールド石巻店,戦国コレクション6,595,0,3876,100.0,https://min-repo.com/3357560/?kishu=all
2026-09-17,スーパーメルヘンワールド石巻店,戦国コレクション6,594,,277,,https://min-repo.com/3357560/?kishu=all
2026-09-17,スーパーメルヘンワールド石巻店,交響詩篇エウレカセブン HI-EVOLUTION ZERO TYPE-ART,577,,2621,,https://min-repo.com/3357560/?kishu=all
2026-09-17,スーパーメルヘンワールド石巻店,ミスタージャグラー,684,,2069,,https://min-repo.com/3357560/?kishu=all
2026-09-17,スーパーメルヘンワールド石巻店,ミスタージャグラー,683,,6269,,https://min-repo.com/3357560/?kishu=all
2026-09-17,スーパーメルヘンワールド石巻店,ミスタージャグラー,682,1,1900,100.0,https://min-repo.com/3357560/?kishu=all
2026-09-17,スーパーメルヘンワールド石巻店,ミスタージャグラー,681,,1333,,https://min-repo.com/3357560/?kishu=all
2026-09-17,スーパーメルヘンワールド石巻店,ミスタージャグラー,680,1,1800,100.0,https://min-repo.com/3357560/?kishu=all
2026-09-17,スーパーメルヘンワールド石巻店,ミスタージャグラー,679,1,6462,100.0,https://min-repo.com/3357560/?kishu=all
2026-09-17,スーパーメルヘンワールド石巻店,ミスタージャグラー,678,,1235,,https://min-repo.com/3357560/?kishu=all
2026-09-17,スーパーメルヘンワールド石巻店,ミスタージャグラー,677,1,2725,100.0,https://min-repo.com/3357560/?kishu=all
2026-09-17,スーパーメルヘンワールド石巻店,ミスタージャグラー,676,1,3044,100.0,https://min-repo.com/3357560/?kishu=all
2026-09-17,スーパーメルヘンワールド石巻店,マイジャグラーV,735,1,8748,100.0,https://min-repo.com/3357560/?kishu=all
2026-09-17,スーパーメルヘンワールド石巻店,マイジャグラーV,734,,1306,,https://min-repo.com/3357560/?kishu=all
2026-09-17,スーパーメルヘンワールド石巻店,マイジャグラーV,733,1,5059,100.0,https://min-repo.com/3357560/?kishu=all
2026-09-17,スーパーメルヘンワールド石巻店,マイジャグラーV,732,1,6806,100.0,https://min-repo.com/3357560/?kishu=all
2026-09-17,スーパーメルヘンワールド石巻店,マイジャグラーV,731,,2933,,https://min-repo.com/3357560/?kishu=all
2026-09-17,スーパーメルヘンワールド石巻店,マイジャグラーV,730,1,7437,100.0,https://min-repo.com/3357560/?kishu=all
2026-09-17,スーパーメルヘンワールド石巻店,マイジャグラーV,729,1,8258,100.0,https://min-repo.com/3357560/?kishu=all
2026-09-17,スーパーメルヘンワールド石巻店,マイジャグラーV,728,,4785,,https://min-repo.com/3357560/?kishu=all
2026-09-17,スーパーメルヘンワールド石巻店,マイジャグラーV,727,,4245,,https://min-repo.com/3357560/?kishu=all
2026-09-17,スーパーメルヘンワールド石巻店,マイジャグラーV,726,1,3682,100.0,https://min-repo.com/3357560/?kishu=all
2026-09-17,スーパーメルヘンワールド石巻店,マイジャグラーV,725,,3148,,https://min-repo.com/3357560/?kishu=all
2026-09-17,スーパーメルヘンワールド石巻店,マイジャグラーV,724,,1322,,https://min-repo.com/3357560/?kishu=all
2026-09-17,スーパーメルヘンワールド石巻店,マイジャグラーV,723,1,8881,100.0,https://min-repo.com/3357560/?kishu=all
2026-09-17,スーパーメルヘンワールド石巻店,マイジャグラーV,722,,3170,,https://min-repo.com/3357560/?kishu=all
2026-09-17,スーパーメルヘンワールド石巻店,マイジャグラーV,721,,2907,,https://min-repo.com/3357560/?kishu=all
2026-09-17,スーパーメルヘンワールド石巻店,マイジャグラーV,720,1,7153,100.0,https://min-repo.com/3357560/?kishu=all
2026-09-17,スーパーメルヘンワールド石巻店,マイジャグラーV,719,,2888,,https://min-repo.com/3357560/?kishu=all
2026-09-17,スーパーメルヘンワールド石巻店,マイジャグラーV,718,,7502,,https://min-repo.com/3357560/?kishu=all
2026-09-17,スーパーメルヘンワールド石巻店,マイジャグラーV,717,1,3506,100.0,https://min-repo.com/3357560/?kishu=all
2026-09-17,スーパーメルヘンワールド石巻店,マイジャグラーV,716,1,11394,100.0,https://min-repo.com/3357560/?kishu=all
2026-09-17,スーパーメルヘンワールド石巻店,マイジャグラーV,715,1,4128,100.0,https://min-repo.com/3357560/?kishu=all
2026-09-17,スーパーメルヘンワールド石巻店,マイジャグラーV,714,,2968,,https://min-repo.com/3357560/?kishu=all
2026-09-17,スーパーメルヘンワールド石巻店,マイジャグラーV,713,,3212,,https://min-repo.com/3357560/?kishu=all
2026-09-17,スーパーメルヘンワールド石巻店,マイジャグラーV,712,,1460,,https://min-repo.com/3357560/?kishu=all
2026-09-17,スーパーメルヘンワールド石巻店,マイジャグラーV,711,1,6886,100.0,https://min-repo.com/3357560/?kishu=all
2026-09-17,スーパーメルヘンワールド石巻店,マイジャグラーV,710,,5290,,https://min-repo.com/3357560/?kishu=all
2026-09-17,スーパーメルヘンワールド石巻店,マイジャグラーV,709,,2929,,https://min-repo.com/3357560/?kishu=all
2026-09-17,スーパーメルヘンワールド石巻店,マイジャグラーV,708,1,6285,100.0,https://min-repo.com/3357560/?kishu=all
2026-09-17,スーパーメルヘンワールド石巻店,マイジャグラーV,707,,1268,,https://min-repo.com/3357560/?kishu=all
2026-09-17,スーパーメルヘンワールド石巻店,マイジャグラーV,706,,4521,,https://min-repo.com/3357560/?kishu=all
2026-09-17,スーパーメルヘンワールド石巻店,マイジャグラーV,705,1,9622,100.0,https://min-repo.com/3357560/?kishu=all
2026-09-17,スーパーメルヘンワールド石巻店,マイジャグラーV,704,1,2889,100.0,https://min-repo.com/3357560/?kishu=all
2026-09-17,スーパーメルヘンワールド石巻店,マイジャグラーV,703,1,9449,100.0,https://min-repo.com/3357560/?kishu=all
2026-09-17,スーパーメルヘンワールド石巻店,マイジャグラーV,702,,1819,,https://min-repo.com/3357560/?kishu=all
2026-09-17,スーパーメルヘンワールド石巻店,プリズムナナ,550,,1167,,https://min-repo.com/3357560/?kishu=all
2026-09-17,スーパーメルヘンワールド石巻店,ファンキージャグラー２ＫＴ,701,,1052,,https://min-repo.com/3357560/?kishu=all
2026-09-17,スーパーメルヘンワールド石巻店,ファンキージャグラー２ＫＴ,700,,3055,,https://min-repo.com/3357560/?kishu=all
2026-09-17,スーパーメルヘンワールド石巻店,ファンキージャグラー２ＫＴ,699,1,4520,100.0,https://min-repo.com/3357560/?kishu=all
2026-09-17,スーパーメルヘンワールド石巻店,ファンキージャグラー２ＫＴ,698,,954,,https://min-repo.com/3357560/?kishu=all
2026-09-17,スーパーメルヘンワールド石巻店,ファンキージャグラー２ＫＴ,697,,1108,,https://min-repo.com/3357560/?kishu=all
2026-09-17,スーパーメルヘンワールド石巻店,ファンキージャグラー２ＫＴ,696,,4904,,https://min-repo.com/3357560/?kishu=all
2026-09-17,スーパーメルヘンワールド石巻店,ファンキージャグラー２ＫＴ,695,,559,,https://min-repo.com/3357560/?kishu=all
2026-09-17,スーパーメルヘンワールド石巻店,ファンキージャグラー２ＫＴ,694,,3670,,https://min-repo.com/3357560/?kishu=all
2026-09-17,スーパーメルヘンワールド石巻店,ファンキージャグラー２ＫＴ,693,1,4801,100.0,https://min-repo.com/3357560/?kishu=all
2026-09-17,スーパーメルヘンワールド石巻店,ファンキージャグラー２ＫＴ,692,,712,,https://min-repo.com/3357560/?kishu=all
2026-09-17,スーパーメルヘンワールド石巻店,ファンキージャグラー２ＫＴ,691,1,3320,100.0,https://min-repo.com/3357560/?kishu=all
2026-09-17,スーパーメルヘンワールド石巻店,ファンキージャグラー２ＫＴ,690,,3789,,https://min-repo.com/3357560/?kishu=all
2026-09-17,スーパーメルヘンワールド石巻店,ファンキージャグラー２ＫＴ,689,,975,,https://min-repo.com/3357560/?kishu=all
2026-09-17,スーパーメルヘンワールド石巻店,ファンキージャグラー２ＫＴ,688,1,4345,100.0,https://min-repo.com/3357560/?kishu=all
2026-09-17,スーパーメルヘンワールド石巻店,ファンキージャグラー２ＫＴ,687,,790,,https://min-repo.com/3357560/?kishu=all
2026-09-17,スーパーメルヘンワールド石巻店,ファンキージャグラー２ＫＴ,686,1,4582,100.0,https://min-repo.com/3357560/?kishu=all
2026-09-17,スーパーメルヘンワールド石巻店,ファンキージャグラー２ＫＴ,685,,3664,,https://min-repo.com/3357560/?kishu=all
2026-09-17,スーパーメルヘンワールド石巻店,パチスロ見える子ちゃん,570,,3462,,https://min-repo.com/3357560/?kishu=all
2026-09-17,スーパーメルヘンワールド石巻店,パチスロ　甲鉄城のカバネリ,580,,796,,https://min-repo.com/3357560/?kishu=all
2026-09-17,スーパーメルヘンワールド石巻店,パチスロ ダンジョンに出会いを求めるのは間違っているだろうか2,579,,58,,https://min-repo.com/3357560/?kishu=all
2026-09-17,スーパーメルヘンワールド石巻店,バーサスリヴァイズ,576,,3363,,https://min-repo.com/3357560/?kishu=all
2026-09-17,スーパーメルヘンワールド石巻店,ハッピージャグラーＶＩＩＩ,675,1,4518,100.0,https://min-repo.com/3357560/?kishu=all
2026-09-17,スーパーメルヘンワールド石巻店,ハッピージャグラーＶＩＩＩ,674,1,2237,100.0,https://min-repo.com/3357560/?kishu=all
2026-09-17,スーパーメルヘンワールド石巻店,ハッピージャグラーＶＩＩＩ,673,,1069,,https://min-repo.com/3357560/?kishu=all
2026-09-17,スーパーメルヘンワールド石巻店,ハッピージャグラーＶＩＩＩ,672,,782,,https://min-repo.com/3357560/?kishu=all
2026-09-17,スーパーメルヘンワールド石巻店,ハッピージャグラーＶＩＩＩ,671,1,8006,100.0,https://min-repo.com/3357560/?kishu=all
2026-09-17,スーパーメルヘンワールド石巻店,ハッピージャグラーＶＩＩＩ,670,,333,,https://min-repo.com/3357560/?kishu=all
2026-09-17,スーパーメルヘンワールド石巻店,ハッピージャグラーＶＩＩＩ,669,,2601,,https://min-repo.com/3357560/?kishu=all
2026-09-17,スーパーメルヘンワールド石巻店,ネオアイムジャグラーEX,752,1,3469,100.0,https://min-repo.com/3357560/?kishu=all
2026-09-17,スーパーメルヘンワールド石巻店,ネオアイムジャグラーEX,751,1,8083,100.0,https://min-repo.com/3357560/?kishu=all
2026-09-17,スーパーメルヘンワールド石巻店,ネオアイムジャグラーEX,750,,1267,,https://min-repo.com/3357560/?kishu=all
2026-09-17,スーパーメルヘンワールド石巻店,ネオアイムジャグラーEX,749,,1622,,https://min-repo.com/3357560/?kishu=all
2026-09-17,スーパーメルヘンワールド石巻店,ネオアイムジャグラーEX,748,1,2820,100.0,https://min-repo.com/3357560/?kishu=all
2026-09-17,スーパーメルヘンワールド石巻店,ネオアイムジャグラーEX,747,1,3023,100.0,https://min-repo.com/3357560/?kishu=all
2026-09-17,スーパーメルヘンワールド石巻店,ネオアイムジャグラーEX,746,1,9991,100.0,https://min-repo.com/3357560/?kishu=all
2026-09-17,スーパーメルヘンワールド石巻店,ネオアイムジャグラーEX,745,,1015,,https://min-repo.com/3357560/?kishu=all
2026-09-17,スーパーメルヘンワールド石巻店,ネオアイムジャグラーEX,744,,1839,,https://min-repo.com/3357560/?kishu=all
2026-09-17,スーパーメルヘンワールド石巻店,ネオアイムジャグラーEX,743,,2578,,https://min-repo.com/3357560/?kishu=all
2026-09-17,スーパーメルヘンワールド石巻店,ネオアイムジャグラーEX,742,1,3344,100.0,https://min-repo.com/3357560/?kishu=all
2026-09-17,スーパーメルヘンワールド石巻店,ネオアイムジャグラーEX,741,1,2925,100.0,https://min-repo.com/3357560/?kishu=all
2026-09-17,スーパーメルヘンワールド石巻店,ネオアイムジャグラーEX,740,,2623,,https://min-repo.com/3357560/?kishu=all
2026-09-17,スーパーメルヘンワールド石巻店,ネオアイムジャグラーEX,739,,951,,https://min-repo.com/3357560/?kishu=all
2026-09-17,スーパーメルヘンワールド石巻店,ネオアイムジャグラーEX,738,1,1267,100.0,https://min-repo.com/3357560/?kishu=all
2026-09-17,スーパーメルヘンワールド石巻店,ネオアイムジャグラーEX,737,,1480,,https://min-repo.com/3357560/?kishu=all
2026-09-17,スーパーメルヘンワールド石巻店,ネオアイムジャグラーEX,736,1,6295,100.0,https://min-repo.com/3357560/?kishu=all
2026-09-17,スーパーメルヘンワールド石巻店,ニューパルサーSP4 with 太鼓の達人,572,,846,,https://min-repo.com/3357560/?kishu=all
2026-09-17,スーパーメルヘンワールド石巻店,ニューゲッターマウス,571,1,1791,100.0,https://min-repo.com/3357560/?kishu=all
2026-09-17,スーパーメルヘンワールド石巻店,ニューキングハナハナV‐30,657,1,877,100.0,https://min-repo.com/3357560/?kishu=all
2026-09-17,スーパーメルヘンワールド石巻店,ニューキングハナハナV‐30,656,1,488,100.1,https://min-repo.com/3357560/?kishu=all
2026-09-17,スーパーメルヘンワールド石巻店,ニューキングハナハナV‐30,655,,40,,https://min-repo.com/3357560/?kishu=all
2026-09-17,スーパーメルヘンワールド石巻店,ニューキングハナハナV‐30,654,1,8698,100.0,https://min-repo.com/3357560/?kishu=all
2026-09-17,スーパーメルヘンワールド石巻店,ニューキングハナハナV‐30,653,1,559,100.1,https://min-repo.com/3357560/?kishu=all
2026-09-17,スーパーメルヘンワールド石巻店,ニューキングハナハナV‐30,652,,582,,https://min-repo.com/3357560/?kishu=all
2026-09-17,スーパーメルヘンワールド石巻店,ニューキングハナハナV‐30,651,1,2370,100.0,https://min-repo.com/3357560/?kishu=all
2026-09-17,スーパーメルヘンワールド石巻店,ニューキングハナハナV‐30,650,,431,,https://min-repo.com/3357560/?kishu=all
2026-09-17,スーパーメルヘンワールド石巻店,ニューキングハナハナV‐30,649,,164,,https://min-repo.com/3357560/?kishu=all
2026-09-17,スーパーメルヘンワールド石巻店,ニューキングハナハナV‐30,648,1,6149,100.0,https://min-repo.com/3357560/?kishu=all
2026-09-17,スーパーメルヘンワールド石巻店,ニューキングハナハナV‐30,647,,707,,https://min-repo.com/3357560/?kishu=all
2026-09-17,スーパーメルヘンワールド石巻店,ドラゴンハナハナ～閃光～‐30,646,1,4604,100.0,https://min-repo.com/3357560/?kishu=all
2026-09-17,スーパーメルヘンワールド石巻店,ドラゴンハナハナ～閃光～‐30,645,,337,,https://min-repo.com/3357560/?kishu=all
2026-09-17,スーパーメルヘンワールド石巻店,ドラゴンハナハナ～閃光～‐30,644,1,764,100.0,https://min-repo.com/3357560/?kishu=all
2026-09-17,スーパーメルヘンワールド石巻店,ドラゴンハナハナ～閃光～‐30,643,1,3152,100.0,https://min-repo.com/3357560/?kishu=all
2026-09-17,スーパーメルヘンワールド石巻店,ドラゴンハナハナ～閃光～‐30,642,,329,,https://min-repo.com/3357560/?kishu=all
2026-09-17,スーパーメルヘンワールド石巻店,ドラゴンハナハナ～閃光～‐30,641,,311,,https://min-repo.com/3357560/?kishu=all
2026-09-17,スーパーメルヘンワールド石巻店,ドラゴンハナハナ～閃光～‐30,640,0,686,100.0,https://min-repo.com/3357560/?kishu=all
2026-09-17,スーパーメルヘンワールド石巻店,ドラゴンハナハナ～閃光～‐30,639,1,1439,100.0,https://min-repo.com/3357560/?kishu=all
2026-09-17,スーパーメルヘンワールド石巻店,ドラゴンハナハナ～閃光～‐30,638,0,0,,https://min-repo.com/3357560/?kishu=all
2026-09-17,スーパーメルヘンワールド石巻店,ドラゴンハナハナ～閃光～‐30,637,1,6291,100.0,https://min-repo.com/3357560/?kishu=all
2026-09-17,スーパーメルヘンワールド石巻店,ドラゴンハナハナ～閃光～‐30,636,,35,,https://min-repo.com/3357560/?kishu=all
2026-09-17,スーパーメルヘンワールド石巻店,ドラゴンハナハナ～閃光～‐30,635,1,3910,100.0,https://min-repo.com/3357560/?kishu=all
2026-09-17,スーパーメルヘンワールド石巻店,ドラゴンハナハナ～閃光～‐30,634,,871,,https://min-repo.com/3357560/?kishu=all
2026-09-17,スーパーメルヘンワールド石巻店,ドラゴンハナハナ～閃光～‐30,633,1,511,100.1,https://min-repo.com/3357560/?kishu=all
2026-09-17,スーパーメルヘンワールド石巻店,ドラゴンハナハナ～閃光～‐30,632,1,5377,100.0,https://min-repo.com/3357560/?kishu=all
2026-09-17,スーパーメルヘンワールド石巻店,ドラゴンハナハナ～閃光～‐30,631,0,0,,https://min-repo.com/3357560/?kishu=all
2026-09-17,スーパーメルヘンワールド石巻店,ドラゴンハナハナ～閃光～‐30,630,,2125,,https://min-repo.com/3357560/?kishu=all
2026-09-17,スーパーメルヘンワールド石巻店,ドラゴンハナハナ～閃光～‐30,629,,302,,https://min-repo.com/3357560/?kishu=all
2026-09-17,スーパーメルヘンワールド石巻店,ドラゴンハナハナ～閃光～‐30,628,1,6936,100.0,https://min-repo.com/3357560/?kishu=all
2026-09-17,スーパーメルヘンワールド石巻店,ドラゴンハナハナ～閃光～‐30,627,1,3473,100.0,https://min-repo.com/3357560/?kishu=all
2026-09-17,スーパーメルヘンワールド石巻店,ドラゴンハナハナ～閃光～‐30,626,1,2375,100.0,https://min-repo.com/3357560/?kishu=all
2026-09-17,スーパーメルヘンワールド石巻店,ドラゴンハナハナ～閃光～‐30,625,,3927,,https://min-repo.com/3357560/?kishu=all
2026-09-17,スーパーメルヘンワールド石巻店,スロット ワールドダイスター,520,,1622,,https://min-repo.com/3357560/?kishu=all
2026-09-17,スーパーメルヘンワールド石巻店,スロット ワールドダイスター,519,,885,,https://min-repo.com/3357560/?kishu=all
2026-09-17,スーパーメルヘンワールド石巻店,スロット ワールドダイスター,518,,1025,,https://min-repo.com/3357560/?kishu=all
2026-09-17,スーパーメルヘンワールド石巻店,スロット ワールドダイスター,517,1,5964,100.0,https://min-repo.com/3357560/?kishu=all
2026-09-17,スーパーメルヘンワールド石巻店,スロット ソードアート・オンラインⅡ,611,1,7344,100.0,https://min-repo.com/3357560/?kishu=all
2026-09-17,スーパーメルヘンワールド石巻店,スロット ソードアート・オンラインⅡ,610,,3020,,https://min-repo.com/3357560/?kishu=all
2026-09-17,スーパーメルヘンワールド石巻店,スロット ソードアート・オンラインⅡ,609,,4477,,https://min-repo.com/3357560/?kishu=all
2026-09-17,スーパーメルヘンワールド石巻店,スロット ソードアート・オンラインⅡ,608,,5171,,https://min-repo.com/3357560/?kishu=all
2026-09-17,スーパーメルヘンワールド石巻店,スマスロ痛いのは嫌なので防御力に極振りしたいと思います。,558,1,533,100.1,https://min-repo.com/3357560/?kishu=all
2026-09-17,スーパーメルヘンワールド石巻店,スマスロ新鬼武者3,512,0,0,,https://min-repo.com/3357560/?kishu=all
2026-09-17,スーパーメルヘンワールド石巻店,スマスロ新鬼武者3,511,0,0,,https://min-repo.com/3357560/?kishu=all
2026-09-17,スーパーメルヘンワールド石巻店,スマスロ新鬼武者3,510,0,0,,https://min-repo.com/3357560/?kishu=all
2026-09-17,スーパーメルヘンワールド石巻店,スマスロ新鬼武者3,509,0,0,,https://min-repo.com/3357560/?kishu=all
2026-09-17,スーパーメルヘンワールド石巻店,スマスロ新鬼武者3,508,,70,,https://min-repo.com/3357560/?kishu=all
2026-09-17,スーパーメルヘンワールド石巻店,スマスロ新鬼武者3,507,1,476,100.1,https://min-repo.com/3357560/?kishu=all
2026-09-17,スーパーメルヘンワールド石巻店,スマスロ北斗の拳 転生の章2,426,,4840,,https://min-repo.com/3357560/?kishu=all
2026-09-17,スーパーメルヘンワールド石巻店,スマスロ北斗の拳 転生の章2,425,,4917,,https://min-repo.com/3357560/?kishu=all
2026-09-17,スーパーメルヘンワールド石巻店,スマスロ北斗の拳 転生の章2,424,,45,,https://min-repo.com/3357560/?kishu=all
2026-09-17,スーパーメルヘンワールド石巻店,スマスロ北斗の拳 転生の章2,423,,2323,,https://min-repo.com/3357560/?kishu=all
2026-09-17,スーパーメルヘンワールド石巻店,スマスロ北斗の拳 転生の章2,422,,6263,,https://min-repo.com/3357560/?kishu=all
2026-09-17,スーパーメルヘンワールド石巻店,スマスロ北斗の拳 転生の章2,421,,3155,,https://min-repo.com/3357560/?kishu=all
2026-09-17,スーパーメルヘンワールド石巻店,スマスロ北斗の拳 転生の章2,420,1,278,100.1,https://min-repo.com/3357560/?kishu=all
2026-09-17,スーパーメルヘンワールド石巻店,スマスロ北斗の拳 転生の章2,419,,2433,,https://min-repo.com/3357560/?kishu=all
2026-09-17,スーパーメルヘンワールド石巻店,スマスロ化物語,566,,952,,https://min-repo.com/3357560/?kishu=all
2026-09-17,スーパーメルヘンワールド石巻店,スマスロヨルムンガンド,552,,634,,https://min-repo.com/3357560/?kishu=all
2026-09-17,スーパーメルヘンワールド石巻店,スマスロモンキーターンV,401,1,778,100.0,https://min-repo.com/3357560/?kishu=all
2026-09-17,スーパーメルヘンワールド石巻店,スマスロモンキーターンV,400,,338,,https://min-repo.com/3357560/?kishu=all
2026-09-17,スーパーメルヘンワールド石巻店,スマスロモンキーターンV,399,,1801,,https://min-repo.com/3357560/?kishu=all
2026-09-17,スーパーメルヘンワールド石巻店,スマスロモンキーターンV,398,,443,,https://min-repo.com/3357560/?kishu=all
2026-09-17,スーパーメルヘンワールド石巻店,スマスロモンキーターンV,397,1,1100,100.0,https://min-repo.com/3357560/?kishu=all
2026-09-17,スーパーメルヘンワールド石巻店,スマスロモンキーターンV,396,,471,,https://min-repo.com/3357560/?kishu=all
2026-09-17,スーパーメルヘンワールド石巻店,スマスロモンキーターンV,395,,1026,,https://min-repo.com/3357560/?kishu=all
2026-09-17,スーパーメルヘンワールド石巻店,スマスロモンキーターンV,394,,1084,,https://min-repo.com/3357560/?kishu=all
2026-09-17,スーパーメルヘンワールド石巻店,スマスロモンキーターンV,393,1,1143,100.0,https://min-repo.com/3357560/?kishu=all
2026-09-17,スーパーメルヘンワールド石巻店,スマスロケロット5BT,560,,2466,,https://min-repo.com/3357560/?kishu=all
2026-09-17,スーパーメルヘンワールド石巻店,スマスロ 甲鉄城のカバネリ 海門決戦,356,1,583,100.1,https://min-repo.com/3357560/?kishu=all
2026-09-17,スーパーメルヘンワールド石巻店,スマスロ 甲鉄城のカバネリ 海門決戦,355,1,491,100.1,https://min-repo.com/3357560/?kishu=all
2026-09-17,スーパーメルヘンワールド石巻店,スマスロ 甲鉄城のカバネリ 海門決戦,354,1,1963,100.0,https://min-repo.com/3357560/?kishu=all
2026-09-17,スーパーメルヘンワールド石巻店,スマスロ 甲鉄城のカバネリ 海門決戦,353,,1312,,https://min-repo.com/3357560/?kishu=all
2026-09-17,スーパーメルヘンワールド石巻店,スマスロ 甲鉄城のカバネリ 海門決戦,352,,1712,,https://min-repo.com/3357560/?kishu=all
2026-09-17,スーパーメルヘンワールド石巻店,スマスロ 甲鉄城のカバネリ 海門決戦,351,,2946,,https://min-repo.com/3357560/?kishu=all
2026-09-17,スーパーメルヘンワールド石巻店,スマスロ 甲鉄城のカバネリ 海門決戦,350,1,1270,100.0,https://min-repo.com/3357560/?kishu=all
2026-09-17,スーパーメルヘンワールド石巻店,スマスロ 甲鉄城のカバネリ 海門決戦,349,,1965,,https://min-repo.com/3357560/?kishu=all
2026-09-17,スーパーメルヘンワールド石巻店,スマスロ 甲鉄城のカバネリ 海門決戦,348,1,1027,100.0,https://min-repo.com/3357560/?kishu=all
2026-09-17,スーパーメルヘンワールド石巻店,スマスロ 甲鉄城のカバネリ 海門決戦,347,1,710,100.0,https://min-repo.com/3357560/?kishu=all
2026-09-17,スーパーメルヘンワールド石巻店,スマスロ 甲鉄城のカバネリ 海門決戦,346,,875,,https://min-repo.com/3357560/?kishu=all
2026-09-17,スーパーメルヘンワールド石巻店,スマスロ 甲鉄城のカバネリ 海門決戦,345,,880,,https://min-repo.com/3357560/?kishu=all
2026-09-17,スーパーメルヘンワールド石巻店,スマスロ 甲鉄城のカバネリ 海門決戦,344,,821,,https://min-repo.com/3357560/?kishu=all
2026-09-17,スーパーメルヘンワールド石巻店,スマスロ 甲鉄城のカバネリ 海門決戦,343,,1144,,https://min-repo.com/3357560/?kishu=all
2026-09-17,スーパーメルヘンワールド石巻店,スマスロ 甲鉄城のカバネリ 海門決戦,342,,608,,https://min-repo.com/3357560/?kishu=all
2026-09-17,スーパーメルヘンワールド石巻店,スマスロ 甲鉄城のカバネリ 海門決戦,341,,1968,,https://min-repo.com/3357560/?kishu=all
2026-09-17,スーパーメルヘンワールド石巻店,スマスロ 甲鉄城のカバネリ 海門決戦,340,0,0,,https://min-repo.com/3357560/?kishu=all
2026-09-17,スーパーメルヘンワールド石巻店,スマスロ 甲鉄城のカバネリ 海門決戦,339,1,2248,100.0,https://min-repo.com/3357560/?kishu=all
2026-09-17,スーパーメルヘンワールド石巻店,スマスロ 沖ドキ!DUO アンコール,624,1,1763,100.0,https://min-repo.com/3357560/?kishu=all
2026-09-17,スーパーメルヘンワールド石巻店,スマスロ 沖ドキ!DUO アンコール,623,,1846,,https://min-repo.com/3357560/?kishu=all
2026-09-17,スーパーメルヘンワールド石巻店,スマスロ 沖ドキ!DUO アンコール,622,1,2030,100.0,https://min-repo.com/3357560/?kishu=all
2026-09-17,スーパーメルヘンワールド石巻店,スマスロ 沖ドキ!DUO アンコール,621,,923,,https://min-repo.com/3357560/?kishu=all
2026-09-17,スーパーメルヘンワールド石巻店,スマスロ 沖ドキ!DUO アンコール,620,1,1518,100.0,https://min-repo.com/3357560/?kishu=all
2026-09-17,スーパーメルヘンワールド石巻店,スマスロ 東京リベンジャーズ,555,0,829,100.0,https://min-repo.com/3357560/?kishu=all
2026-09-17,スーパーメルヘンワールド石巻店,スマスロ 攻殻機動隊,585,,1286,,https://min-repo.com/3357560/?kishu=all
2026-09-17,スーパーメルヘンワールド石巻店,スマスロ 攻殻機動隊,584,1,782,100.0,https://min-repo.com/3357560/?kishu=all
2026-09-17,スーパーメルヘンワールド石巻店,スマスロ 攻殻機動隊,583,1,69,,https://min-repo.com/3357560/?kishu=all
2026-09-17,スーパーメルヘンワールド石巻店,スマスロ 攻殻機動隊,582,1,427,100.1,https://min-repo.com/3357560/?kishu=all
2026-09-17,スーパーメルヘンワールド石巻店,スマスロ 攻殻機動隊,581,,202,,https://min-repo.com/3357560/?kishu=all
2026-09-17,スーパーメルヘンワールド石巻店,スマスロ リコリス・リコイル,392,1,7350,100.0,https://min-repo.com/3357560/?kishu=all
2026-09-17,スーパーメルヘンワールド石巻店,スマスロ リコリス・リコイル,391,,7017,,https://min-repo.com/3357560/?kishu=all
2026-09-17,スーパーメルヘンワールド石巻店,スマスロ リコリス・リコイル,390,,1834,,https://min-repo.com/3357560/?kishu=all
2026-09-17,スーパーメルヘンワールド石巻店,スマスロ リコリス・リコイル,389,1,8891,100.0,https://min-repo.com/3357560/?kishu=all
2026-09-17,スーパーメルヘンワールド石巻店,スマスロ リコリス・リコイル,388,,848,,https://min-repo.com/3357560/?kishu=all
2026-09-17,スーパーメルヘンワールド石巻店,スマスロ リコリス・リコイル,387,,3614,,https://min-repo.com/3357560/?kishu=all
2026-09-17,スーパーメルヘンワールド石巻店,スマスロ リコリス・リコイル,386,,2904,,https://min-repo.com/3357560/?kishu=all
2026-09-17,スーパーメルヘンワールド石巻店,スマスロ リコリス・リコイル,385,,2178,,https://min-repo.com/3357560/?kishu=all
2026-09-17,スーパーメルヘンワールド石巻店,スマスロ リコリス・リコイル,384,1,5924,100.0,https://min-repo.com/3357560/?kishu=all
2026-09-17,スーパーメルヘンワールド石巻店,スマスロ モンスターハンターライズ,506,,52,,https://min-repo.com/3357560/?kishu=all
2026-09-17,スーパーメルヘンワールド石巻店,スマスロ モンスターハンターライズ,505,0,0,,https://min-repo.com/3357560/?kishu=all
2026-09-17,スーパーメルヘンワールド石巻店,スマスロ モンスターハンターライズ,504,,338,,https://min-repo.com/3357560/?kishu=all
2026-09-17,スーパーメルヘンワールド石巻店,スマスロ モンスターハンターライズ,503,,477,,https://min-repo.com/3357560/?kishu=all
2026-09-17,スーパーメルヘンワールド石巻店,スマスロ モンスターハンターライズ,502,0,0,,https://min-repo.com/3357560/?kishu=all
2026-09-17,スーパーメルヘンワールド石巻店,スマスロ モンスターハンターライズ,501,0,0,,https://min-repo.com/3357560/?kishu=all
2026-09-17,スーパーメルヘンワールド石巻店,スマスロ ミリオンゴッド-神々の軌跡-,383,,1968,,https://min-repo.com/3357560/?kishu=all
2026-09-17,スーパーメルヘンワールド石巻店,スマスロ ミリオンゴッド-神々の軌跡-,382,,2376,,https://min-repo.com/3357560/?kishu=all
2026-09-17,スーパーメルヘンワールド石巻店,スマスロ ミリオンゴッド-神々の軌跡-,381,,1080,,https://min-repo.com/3357560/?kishu=all
2026-09-17,スーパーメルヘンワールド石巻店,スマスロ ミリオンゴッド-神々の軌跡-,380,1,2921,100.0,https://min-repo.com/3357560/?kishu=all
2026-09-17,スーパーメルヘンワールド石巻店,スマスロ ミリオンゴッド-神々の軌跡-,379,,2781,,https://min-repo.com/3357560/?kishu=all
2026-09-17,スーパーメルヘンワールド石巻店,スマスロ ミリオンゴッド-神々の軌跡-,378,,2614,,https://min-repo.com/3357560/?kishu=all
2026-09-17,スーパーメルヘンワールド石巻店,スマスロ ミリオンゴッド-神々の軌跡-,377,1,2123,100.0,https://min-repo.com/3357560/?kishu=all
2026-09-17,スーパーメルヘンワールド石巻店,スマスロ ミリオンゴッド-神々の軌跡-,376,,3231,,https://min-repo.com/3357560/?kishu=all
2026-09-17,スーパーメルヘンワールド石巻店,スマスロ ミリオンゴッド-神々の軌跡-,375,,1502,,https://min-repo.com/3357560/?kishu=all
2026-09-17,スーパーメルヘンワールド石巻店,スマスロ マギアレコード 魔法少女まどか☆マギカ外伝,589,1,429,100.1,https://min-repo.com/3357560/?kishu=all
2026-09-17,スーパーメルヘンワールド石巻店,スマスロ マギアレコード 魔法少女まどか☆マギカ外伝,588,1,326,100.1,https://min-repo.com/3357560/?kishu=all
2026-09-17,スーパーメルヘンワールド石巻店,スマスロ マギアレコード 魔法少女まどか☆マギカ外伝,587,,147,,https://min-repo.com/3357560/?kishu=all
2026-09-17,スーパーメルヘンワールド石巻店,スマスロ マギアレコード 魔法少女まどか☆マギカ外伝,586,0,0,,https://min-repo.com/3357560/?kishu=all
2026-09-17,スーパーメルヘンワールド石巻店,スマスロ ビッグドリーム THE GOLDEN PUSHER,565,0,0,,https://min-repo.com/3357560/?kishu=all
2026-09-17,スーパーメルヘンワールド石巻店,スマスロ バイオハザードRE:3,526,0,0,,https://min-repo.com/3357560/?kishu=all
2026-09-17,スーパーメルヘンワールド石巻店,スマスロ バイオハザードRE:3,525,0,0,,https://min-repo.com/3357560/?kishu=all
2026-09-17,スーパーメルヘンワールド石巻店,スマスロ バイオハザードRE:3,524,,631,,https://min-repo.com/3357560/?kishu=all
2026-09-17,スーパーメルヘンワールド石巻店,スマスロ バイオハザードRE:3,523,0,0,,https://min-repo.com/3357560/?kishu=all
2026-09-17,スーパーメルヘンワールド石巻店,スマスロ バイオハザードRE:3,522,,148,,https://min-repo.com/3357560/?kishu=all
2026-09-17,スーパーメルヘンワールド石巻店,スマスロ バイオハザードRE:3,521,0,0,,https://min-repo.com/3357560/?kishu=all
2026-09-17,スーパーメルヘンワールド石巻店,スマスロ ハナビ,757,,1711,,https://min-repo.com/3357560/?kishu=all
2026-09-17,スーパーメルヘンワールド石巻店,スマスロ ハナビ,756,,851,,https://min-repo.com/3357560/?kishu=all
2026-09-17,スーパーメルヘンワールド石巻店,スマスロ ハナビ,755,,407,,https://min-repo.com/3357560/?kishu=all
2026-09-17,スーパーメルヘンワールド石巻店,スマスロ ハナビ,754,,736,,https://min-repo.com/3357560/?kishu=all
2026-09-17,スーパーメルヘンワールド石巻店,スマスロ ハナビ,753,,1847,,https://min-repo.com/3357560/?kishu=all
2026-09-17,スーパーメルヘンワールド石巻店,スマスロ デビルメイクライ5 スタイリッシュトライブ,540,1,1458,100.0,https://min-repo.com/3357560/?kishu=all
2026-09-17,スーパーメルヘンワールド石巻店,スマスロ タコスロ,568,,4052,,https://min-repo.com/3357560/?kishu=all
2026-09-17,スーパーメルヘンワールド石巻店,スマスロ タコスロ,546,,3547,,https://min-repo.com/3357560/?kishu=all
2026-09-17,スーパーメルヘンワールド石巻店,スマスロ タコスロ,542,,3146,,https://min-repo.com/3357560/?kishu=all
2026-09-17,スーパーメルヘンワールド石巻店,スマスロ スーパーリオエース2,547,,2491,,https://min-repo.com/3357560/?kishu=all
2026-09-17,スーパーメルヘンワールド石巻店,スマスロ スーパーブラックジャック,554,,946,,https://min-repo.com/3357560/?kishu=all
2026-09-17,スーパーメルヘンワールド石巻店,スマスロ ストリートファイター6,551,,1198,,https://min-repo.com/3357560/?kishu=all
2026-09-17,スーパーメルヘンワールド石巻店,スマスロ サンダーV,765,1,1052,100.0,https://min-repo.com/3357560/?kishu=all
2026-09-17,スーパーメルヘンワールド石巻店,スマスロ サンダーV,764,1,677,100.0,https://min-repo.com/3357560/?kishu=all
2026-09-17,スーパーメルヘンワールド石巻店,スマスロ サンダーV,763,,1304,,https://min-repo.com/3357560/?kishu=all
2026-09-17,スーパーメルヘンワールド石巻店,スマスロ サンダーV,762,,751,,https://min-repo.com/3357560/?kishu=all
2026-09-17,スーパーメルヘンワールド石巻店,スマスロ ゴッドイーター リザレクション,410,,134,,https://min-repo.com/3357560/?kishu=all
2026-09-17,スーパーメルヘンワールド石巻店,スマスロ ゴッドイーター リザレクション,409,1,137,100.2,https://min-repo.com/3357560/?kishu=all
2026-09-17,スーパーメルヘンワールド石巻店,スマスロ ゴッドイーター リザレクション,408,1,768,100.0,https://min-repo.com/3357560/?kishu=all
2026-09-17,スーパーメルヘンワールド石巻店,スマスロ ゴッドイーター リザレクション,407,,636,,https://min-repo.com/3357560/?kishu=all
2026-09-17,スーパーメルヘンワールド石巻店,スマスロ ゴッドイーター リザレクション,406,1,440,100.1,https://min-repo.com/3357560/?kishu=all
2026-09-17,スーパーメルヘンワールド石巻店,スマスロ ゴッドイーター リザレクション,405,,927,,https://min-repo.com/3357560/?kishu=all
2026-09-17,スーパーメルヘンワールド石巻店,スマスロ ゴッドイーター リザレクション,404,,401,,https://min-repo.com/3357560/?kishu=all
2026-09-17,スーパーメルヘンワールド石巻店,スマスロ ゴッドイーター リザレクション,403,,136,,https://min-repo.com/3357560/?kishu=all
2026-09-17,スーパーメルヘンワールド石巻店,スマスロ ゴッドイーター リザレクション,402,,1266,,https://min-repo.com/3357560/?kishu=all
2026-09-17,スーパーメルヘンワールド石巻店,スマスロ やじきた道中記参る！,516,0,0,,https://min-repo.com/3357560/?kishu=all
2026-09-17,スーパーメルヘンワールド石巻店,スマスロ やじきた道中記参る！,515,0,0,,https://min-repo.com/3357560/?kishu=all
2026-09-17,スーパーメルヘンワールド石巻店,スマスロ やじきた道中記参る！,514,,278,,https://min-repo.com/3357560/?kishu=all
2026-09-17,スーパーメルヘンワールド石巻店,スマスロ やじきた道中記参る！,513,,778,,https://min-repo.com/3357560/?kishu=all
2026-09-17,スーパーメルヘンワールド石巻店,スマスロ とある魔術の禁書目録2,602,1,2950,100.0,https://min-repo.com/3357560/?kishu=all
2026-09-17,スーパーメルヘンワールド石巻店,スマスロ とある魔術の禁書目録2,601,1,326,100.1,https://min-repo.com/3357560/?kishu=all
2026-09-17,スーパーメルヘンワールド石巻店,スマスロ とある魔術の禁書目録2,600,,2488,,https://min-repo.com/3357560/?kishu=all
2026-09-17,スーパーメルヘンワールド石巻店,スマスロ とある魔術の禁書目録2,599,,646,,https://min-repo.com/3357560/?kishu=all
2026-09-17,スーパーメルヘンワールド石巻店,スマスロ とある魔術の禁書目録2,598,,986,,https://min-repo.com/3357560/?kishu=all
2026-09-17,スーパーメルヘンワールド石巻店,コードギアス反逆のルルーシュ３ C.C.&Kallen ver.,574,1,1357,100.0,https://min-repo.com/3357560/?kishu=all
2026-09-17,スーパーメルヘンワールド石巻店,クレアの秘宝伝～はじまりの扉と太陽の石～ボーナストリガーver.,559,,997,,https://min-repo.com/3357560/?kishu=all
2026-09-17,スーパーメルヘンワールド石巻店,クランキークレスト,578,,1160,,https://min-repo.com/3357560/?kishu=all
2026-09-17,スーパーメルヘンワールド石巻店,キングハナハナ-30,668,,1637,,https://min-repo.com/3357560/?kishu=all
2026-09-17,スーパーメルヘンワールド石巻店,キングハナハナ-30,667,1,2027,100.0,https://min-repo.com/3357560/?kishu=all
2026-09-17,スーパーメルヘンワールド石巻店,キングハナハナ-30,666,1,1211,100.0,https://min-repo.com/3357560/?kishu=all
2026-09-17,スーパーメルヘンワールド石巻店,キングハナハナ-30,665,1,2006,100.0,https://min-repo.com/3357560/?kishu=all
2026-09-17,スーパーメルヘンワールド石巻店,キングハナハナ-30,664,,663,,https://min-repo.com/3357560/?kishu=all
2026-09-17,スーパーメルヘンワールド石巻店,キングハナハナ-30,663,,859,,https://min-repo.com/3357560/?kishu=all
2026-09-17,スーパーメルヘンワールド石巻店,キングハナハナ-30,662,,1674,,https://min-repo.com/3357560/?kishu=all
2026-09-17,スーパーメルヘンワールド石巻店,キングハナハナ-30,661,,1108,,https://min-repo.com/3357560/?kishu=all
2026-09-17,スーパーメルヘンワールド石巻店,キングハナハナ-30,660,,456,,https://min-repo.com/3357560/?kishu=all
2026-09-17,スーパーメルヘンワールド石巻店,キングハナハナ-30,659,1,6271,100.0,https://min-repo.com/3357560/?kishu=all
2026-09-17,スーパーメルヘンワールド石巻店,キングハナハナ-30,658,,289,,https://min-repo.com/3357560/?kishu=all
2026-09-17,スーパーメルヘンワールド石巻店,アレックス ブライト,761,1,3654,100.0,https://min-repo.com/3357560/?kishu=all
2026-09-17,スーパーメルヘンワールド石巻店,アレックス ブライト,760,,1865,,https://min-repo.com/3357560/?kishu=all
2026-09-17,スーパーメルヘンワールド石巻店,アレックス ブライト,759,,754,,https://min-repo.com/3357560/?kishu=all
2026-09-17,スーパーメルヘンワールド石巻店,アレックス ブライト,758,1,475,100.1,https://min-repo.com/3357560/?kishu=all
2026-09-17,スーパーメルヘンワールド石巻店,アニマルスロット ドッチ,564,,563,,https://min-repo.com/3357560/?kishu=all
2026-09-17,スーパーメルヘンワールド石巻店,この素晴らしい世界に祝福を！,575,,2680,,https://min-repo.com/3357560/?kishu=all
2026-09-17,スーパーメルヘンワールド石巻店,SHAKE BONUS TRIGGER,562,,2120,,https://min-repo.com/3357560/?kishu=all
2026-09-17,スーパーメルヘンワールド石巻店,L青春ブタ野郎はバニーガール先輩の夢を見ない,593,1,4535,100.0,https://min-repo.com/3357560/?kishu=all
2026-09-17,スーパーメルヘンワールド石巻店,L青春ブタ野郎はバニーガール先輩の夢を見ない,592,,4441,,https://min-repo.com/3357560/?kishu=all
2026-09-17,スーパーメルヘンワールド石巻店,L青春ブタ野郎はバニーガール先輩の夢を見ない,591,1,3968,100.0,https://min-repo.com/3357560/?kishu=all
2026-09-17,スーパーメルヘンワールド石巻店,L青春ブタ野郎はバニーガール先輩の夢を見ない,590,,3638,,https://min-repo.com/3357560/?kishu=all
2026-09-17,スーパーメルヘンワールド石巻店,L邪神ちゃんドロップキック,557,,2182,,https://min-repo.com/3357560/?kishu=all
2026-09-17,スーパーメルヘンワールド石巻店,L聖闘士星矢 海皇覚醒 CUSTOM EDITION,553,,1164,,https://min-repo.com/3357560/?kishu=all
2026-09-17,スーパーメルヘンワールド石巻店,L真・一騎当千,548,,356,,https://min-repo.com/3357560/?kishu=all
2026-09-17,スーパーメルヘンワールド石巻店,L無職転生～異世界行ったら本気だす～,539,0,0,,https://min-repo.com/3357560/?kishu=all
2026-09-17,スーパーメルヘンワールド石巻店,L東京喰種,338,,1340,,https://min-repo.com/3357560/?kishu=all
2026-09-17,スーパーメルヘンワールド石巻店,L東京喰種,337,1,629,100.1,https://min-repo.com/3357560/?kishu=all
2026-09-17,スーパーメルヘンワールド石巻店,L東京喰種,336,1,3443,100.0,https://min-repo.com/3357560/?kishu=all
2026-09-17,スーパーメルヘンワールド石巻店,L東京喰種,335,,889,,https://min-repo.com/3357560/?kishu=all
2026-09-17,スーパーメルヘンワールド石巻店,L東京喰種,334,,2718,,https://min-repo.com/3357560/?kishu=all
2026-09-17,スーパーメルヘンワールド石巻店,L東京喰種,333,,1317,,https://min-repo.com/3357560/?kishu=all
2026-09-17,スーパーメルヘンワールド石巻店,L東京喰種,332,,627,,https://min-repo.com/3357560/?kishu=all
2026-09-17,スーパーメルヘンワールド石巻店,L東京喰種,331,,1186,,https://min-repo.com/3357560/?kishu=all
2026-09-17,スーパーメルヘンワールド石巻店,L東京喰種,330,,1179,,https://min-repo.com/3357560/?kishu=all
2026-09-17,スーパーメルヘンワールド石巻店,L東京喰種,329,,340,,https://min-repo.com/3357560/?kishu=all
2026-09-17,スーパーメルヘンワールド石巻店,L東京喰種,328,,5868,,https://min-repo.com/3357560/?kishu=all
2026-09-17,スーパーメルヘンワールド石巻店,L東京喰種,327,,1140,,https://min-repo.com/3357560/?kishu=all
2026-09-17,スーパーメルヘンワールド石巻店,L東京喰種,326,,279,,https://min-repo.com/3357560/?kishu=all
2026-09-17,スーパーメルヘンワールド石巻店,L東京喰種,325,,1217,,https://min-repo.com/3357560/?kishu=all
2026-09-17,スーパーメルヘンワールド石巻店,L東京喰種,324,1,2882,100.0,https://min-repo.com/3357560/?kishu=all
2026-09-17,スーパーメルヘンワールド石巻店,L東京喰種,323,,527,,https://min-repo.com/3357560/?kishu=all
2026-09-17,スーパーメルヘンワールド石巻店,L東京喰種,322,,904,,https://min-repo.com/3357560/?kishu=all
2026-09-17,スーパーメルヘンワールド石巻店,L東京喰種,321,,1475,,https://min-repo.com/3357560/?kishu=all
2026-09-17,スーパーメルヘンワールド石巻店,L戦国乙女４　戦乱に閃く炯眼の軍師,532,0,0,,https://min-repo.com/3357560/?kishu=all
2026-09-17,スーパーメルヘンワールド石巻店,L戦国乙女４　戦乱に閃く炯眼の軍師,531,0,0,,https://min-repo.com/3357560/?kishu=all
2026-09-17,スーパーメルヘンワールド石巻店,L戦国乙女４　戦乱に閃く炯眼の軍師,530,0,0,,https://min-repo.com/3357560/?kishu=all
2026-09-17,スーパーメルヘンワールド石巻店,L戦国乙女４　戦乱に閃く炯眼の軍師,529,0,0,,https://min-repo.com/3357560/?kishu=all
2026-09-17,スーパーメルヘンワールド石巻店,L戦国乙女４　戦乱に閃く炯眼の軍師,528,0,0,,https://min-repo.com/3357560/?kishu=all
2026-09-17,スーパーメルヘンワールド石巻店,L戦国乙女４　戦乱に閃く炯眼の軍師,527,0,0,,https://min-repo.com/3357560/?kishu=all
2026-09-17,スーパーメルヘンワールド石巻店,L戦国乙女5 業火を穿つ宿焔の双刃,365,,546,,https://min-repo.com/3357560/?kishu=all
2026-09-17,スーパーメルヘンワールド石巻店,L戦国乙女5 業火を穿つ宿焔の双刃,364,1,3417,100.0,https://min-repo.com/3357560/?kishu=all
2026-09-17,スーパーメルヘンワールド石巻店,L戦国乙女5 業火を穿つ宿焔の双刃,363,0,0,,https://min-repo.com/3357560/?kishu=all
2026-09-17,スーパーメルヘンワールド石巻店,L戦国乙女5 業火を穿つ宿焔の双刃,362,,2252,,https://min-repo.com/3357560/?kishu=all
2026-09-17,スーパーメルヘンワールド石巻店,L戦国乙女5 業火を穿つ宿焔の双刃,361,,3764,,https://min-repo.com/3357560/?kishu=all
2026-09-17,スーパーメルヘンワールド石巻店,L戦国乙女5 業火を穿つ宿焔の双刃,360,,1042,,https://min-repo.com/3357560/?kishu=all
2026-09-17,スーパーメルヘンワールド石巻店,L戦国乙女5 業火を穿つ宿焔の双刃,359,,718,,https://min-repo.com/3357560/?kishu=all
2026-09-17,スーパーメルヘンワールド石巻店,L戦国乙女5 業火を穿つ宿焔の双刃,358,1,1018,100.0,https://min-repo.com/3357560/?kishu=all
2026-09-17,スーパーメルヘンワールド石巻店,L戦国乙女5 業火を穿つ宿焔の双刃,357,,724,,https://min-repo.com/3357560/?kishu=all
2026-09-17,スーパーメルヘンワールド石巻店,L少女☆歌劇 レヴュースタァライト -The SLOT-,556,1,1266,100.0,https://min-repo.com/3357560/?kishu=all
2026-09-17,スーパーメルヘンワールド石巻店,L南国育ち SPECIAL,615,0,0,,https://min-repo.com/3357560/?kishu=all
2026-09-17,スーパーメルヘンワールド石巻店,L南国育ち SPECIAL,614,0,0,,https://min-repo.com/3357560/?kishu=all
2026-09-17,スーパーメルヘンワールド石巻店,L南国育ち SPECIAL,613,1,1637,100.0,https://min-repo.com/3357560/?kishu=all
2026-09-17,スーパーメルヘンワールド石巻店,L南国育ち SPECIAL,612,,237,,https://min-repo.com/3357560/?kishu=all
2026-09-17,スーパーメルヘンワールド石巻店,Lパチスロ革命機ヴァルヴレイヴ2,374,,1445,,https://min-repo.com/3357560/?kishu=all
2026-09-17,スーパーメルヘンワールド石巻店,Lパチスロ革命機ヴァルヴレイヴ2,373,1,3042,100.0,https://min-repo.com/3357560/?kishu=all
2026-09-17,スーパーメルヘンワールド石巻店,Lパチスロ革命機ヴァルヴレイヴ2,372,1,1909,100.0,https://min-repo.com/3357560/?kishu=all
2026-09-17,スーパーメルヘンワールド石巻店,Lパチスロ革命機ヴァルヴレイヴ2,371,0,0,,https://min-repo.com/3357560/?kishu=all
2026-09-17,スーパーメルヘンワールド石巻店,Lパチスロ革命機ヴァルヴレイヴ2,370,,3338,,https://min-repo.com/3357560/?kishu=all
2026-09-17,スーパーメルヘンワールド石巻店,Lパチスロ革命機ヴァルヴレイヴ2,369,,2088,,https://min-repo.com/3357560/?kishu=all
2026-09-17,スーパーメルヘンワールド石巻店,Lパチスロ革命機ヴァルヴレイヴ2,368,0,0,,https://min-repo.com/3357560/?kishu=all
2026-09-17,スーパーメルヘンワールド石巻店,Lパチスロ革命機ヴァルヴレイヴ2,367,1,1847,100.0,https://min-repo.com/3357560/?kishu=all
2026-09-17,スーパーメルヘンワールド石巻店,Lパチスロ革命機ヴァルヴレイヴ2,366,1,1100,100.0,https://min-repo.com/3357560/?kishu=all
2026-09-17,スーパーメルヘンワールド石巻店,Lパチスロ炎炎ノ消防隊2,500,1,1861,100.0,https://min-repo.com/3357560/?kishu=all
2026-09-17,スーパーメルヘンワールド石巻店,Lパチスロ炎炎ノ消防隊2,499,,2562,,https://min-repo.com/3357560/?kishu=all
2026-09-17,スーパーメルヘンワールド石巻店,Lパチスロ炎炎ノ消防隊2,498,,217,,https://min-repo.com/3357560/?kishu=all
2026-09-17,スーパーメルヘンワールド石巻店,Lパチスロ炎炎ノ消防隊2,497,1,870,100.0,https://min-repo.com/3357560/?kishu=all
2026-09-17,スーパーメルヘンワールド石巻店,Lパチスロ炎炎ノ消防隊2,496,,347,,https://min-repo.com/3357560/?kishu=all
2026-09-17,スーパーメルヘンワールド石巻店,Lパチスロ炎炎ノ消防隊2,495,1,354,100.1,https://min-repo.com/3357560/?kishu=all
2026-09-17,スーパーメルヘンワールド石巻店,Lパチスロ彼女、お借りします,569,1,4039,100.0,https://min-repo.com/3357560/?kishu=all
2026-09-17,スーパーメルヘンワールド石巻店,Lパチスロ喰霊-零-Re,544,1,2206,100.0,https://min-repo.com/3357560/?kishu=all
2026-09-17,スーパーメルヘンワールド石巻店,Lパチスロからくりサーカス2,538,,575,,https://min-repo.com/3357560/?kishu=all
2026-09-17,スーパーメルヘンワールド石巻店,Lパチスロからくりサーカス2,537,1,472,100.1,https://min-repo.com/3357560/?kishu=all
2026-09-17,スーパーメルヘンワールド石巻店,Lパチスロからくりサーカス2,536,0,0,,https://min-repo.com/3357560/?kishu=all
2026-09-17,スーパーメルヘンワールド石巻店,Lパチスロからくりサーカス2,535,,395,,https://min-repo.com/3357560/?kishu=all
2026-09-17,スーパーメルヘンワールド石巻店,Lパチスロからくりサーカス2,534,,642,,https://min-repo.com/3357560/?kishu=all
2026-09-17,スーパーメルヘンワールド石巻店,Lパチスロからくりサーカス2,533,,206,,https://min-repo.com/3357560/?kishu=all
2026-09-17,スーパーメルヘンワールド石巻店,Lパチスロうみねこのなく頃に2,563,1,1272,100.0,https://min-repo.com/3357560/?kishu=all
2026-09-17,スーパーメルヘンワールド石巻店,Lパチスロ かぐや様は告らせたい,607,0,0,,https://min-repo.com/3357560/?kishu=all
2026-09-17,スーパーメルヘンワールド石巻店,Lパチスロ かぐや様は告らせたい,606,0,0,,https://min-repo.com/3357560/?kishu=all
2026-09-17,スーパーメルヘンワールド石巻店,Lパチスロ かぐや様は告らせたい,605,0,0,,https://min-repo.com/3357560/?kishu=all
2026-09-17,スーパーメルヘンワールド石巻店,Lパチスロ かぐや様は告らせたい,604,,579,,https://min-repo.com/3357560/?kishu=all
2026-09-17,スーパーメルヘンワールド石巻店,Lパチスロ かぐや様は告らせたい,603,0,0,,https://min-repo.com/3357560/?kishu=all
2026-09-17,スーパーメルヘンワールド石巻店,Lタクトオーパス デスティニー,541,,654,,https://min-repo.com/3357560/?kishu=all
2026-09-17,スーパーメルヘンワールド石巻店,Lスマスロ北斗の拳,418,1,2610,100.0,https://min-repo.com/3357560/?kishu=all
2026-09-17,スーパーメルヘンワールド石巻店,Lスマスロ北斗の拳,417,,2645,,https://min-repo.com/3357560/?kishu=all
2026-09-17,スーパーメルヘンワールド石巻店,Lスマスロ北斗の拳,416,,1550,,https://min-repo.com/3357560/?kishu=all
2026-09-17,スーパーメルヘンワールド石巻店,Lスマスロ北斗の拳,415,,897,,https://min-repo.com/3357560/?kishu=all
2026-09-17,スーパーメルヘンワールド石巻店,Lスマスロ北斗の拳,414,1,1482,100.0,https://min-repo.com/3357560/?kishu=all
2026-09-17,スーパーメルヘンワールド石巻店,Lスマスロ北斗の拳,413,1,2688,100.0,https://min-repo.com/3357560/?kishu=all
2026-09-17,スーパーメルヘンワールド石巻店,Lスマスロ北斗の拳,412,,455,,https://min-repo.com/3357560/?kishu=all
2026-09-17,スーパーメルヘンワールド石巻店,Lスマスロ北斗の拳,411,,1105,,https://min-repo.com/3357560/?kishu=all
2026-09-17,スーパーメルヘンワールド石巻店,Lアズールレーン THE ANIMATION,543,,1683,,https://min-repo.com/3357560/?kishu=all
2026-09-17,スーパーメルヘンワールド石巻店,Lアクダマドライブ,545,,501,,https://min-repo.com/3357560/?kishu=all
2026-09-17,スーパーメルヘンワールド石巻店,L ULTRAMAN 最終決戦,567,1,554,100.1,https://min-repo.com/3357560/?kishu=all
2026-09-17,スーパーメルヘンワールド石巻店,L ToLOVEるダークネス TRANCE ver.8.7,549,1,988,100.0,https://min-repo.com/3357560/?kishu=all
2026-09-17,スーパーメルヘンワールド石巻店,A-SLOT+異世界かるてっとBT,561,,1225,,https://min-repo.com/3357560/?kishu=all
2026-09-17,スーパーメルヘンワールド石巻店,A-SLOT+ ディスクアップ ULTRAREMIX,768,,2188,,https://min-repo.com/3357560/?kishu=all
2026-09-17,スーパーメルヘンワールド石巻店,A-SLOT+ ディスクアップ ULTRAREMIX,767,1,242,100.1,https://min-repo.com/3357560/?kishu=all
2026-09-17,スーパーメルヘンワールド石巻店,A-SLOT+ ディスクアップ ULTRAREMIX,766,,1346,,https://min-repo.com/3357560/?kishu=all
2026-09-17,ウインズ気仙沼,翔べ！ハーレムエース,317,0,0,,https://min-repo.com/3358038/?kishu=all
2026-09-17,ウインズ気仙沼,真打 吉宗,203,,5304,,https://min-repo.com/3358038/?kishu=all
2026-09-17,ウインズ気仙沼,沖ドキ！BLACK,311,4843,2111,176.5,https://min-repo.com/3358038/?kishu=all
2026-09-17,ウインズ気仙沼,沖ドキ！BLACK,310,0,0,,https://min-repo.com/3358038/?kishu=all
2026-09-17,ウインズ気仙沼,沖ドキ！BLACK,309,19,3061,100.2,https://min-repo.com/3358038/?kishu=all
2026-09-17,ウインズ気仙沼,沖ドキ！BLACK,308,209,509,113.7,https://min-repo.com/3358038/?kishu=all
2026-09-17,ウインズ気仙沼,沖ドキ！BLACK,307,450,1193,112.6,https://min-repo.com/3358038/?kishu=all
2026-09-17,ウインズ気仙沼,沖ドキ！BLACK,306,,406,,https://min-repo.com/3358038/?kishu=all
2026-09-17,ウインズ気仙沼,戦国コレクション6,204,,2890,,https://min-repo.com/3358038/?kishu=all
2026-09-17,ウインズ気仙沼,吉宗,199,372,946,113.1,https://min-repo.com/3358038/?kishu=all
2026-09-17,ウインズ気仙沼,ミスタージャグラー,259,2636,6216,114.1,https://min-repo.com/3358038/?kishu=all
2026-09-17,ウインズ気仙沼,ミスタージャグラー,258,401,2400,105.6,https://min-repo.com/3358038/?kishu=all
2026-09-17,ウインズ気仙沼,ミスタージャグラー,257,,1490,,https://min-repo.com/3358038/?kishu=all
2026-09-17,ウインズ気仙沼,マイジャグラーV,286,1408,7084,106.6,https://min-repo.com/3358038/?kishu=all
2026-09-17,ウインズ気仙沼,マイジャグラーV,285,276,3443,102.7,https://min-repo.com/3358038/?kishu=all
2026-09-17,ウインズ気仙沼,マイジャグラーV,284,,3704,,https://min-repo.com/3358038/?kishu=all
2026-09-17,ウインズ気仙沼,マイジャグラーV,283,,2258,,https://min-repo.com/3358038/?kishu=all
2026-09-17,ウインズ気仙沼,マイジャグラーV,282,,2184,,https://min-repo.com/3358038/?kishu=all
2026-09-17,ウインズ気仙沼,マイジャグラーV,281,,2006,,https://min-repo.com/3358038/?kishu=all
2026-09-17,ウインズ気仙沼,マイジャグラーV,280,2138,6848,110.4,https://min-repo.com/3358038/?kishu=all
2026-09-17,ウインズ気仙沼,マイジャグラーV,279,,1315,,https://min-repo.com/3358038/?kishu=all
2026-09-17,ウインズ気仙沼,マイジャグラーV,278,326,5532,102.0,https://min-repo.com/3358038/?kishu=all
2026-09-17,ウインズ気仙沼,マイジャグラーV,277,438,6566,102.2,https://min-repo.com/3358038/?kishu=all
2026-09-17,ウインズ気仙沼,マイジャグラーV,276,,962,,https://min-repo.com/3358038/?kishu=all
2026-09-17,ウインズ気仙沼,マイジャグラーV,275,,2482,,https://min-repo.com/3358038/?kishu=all
2026-09-17,ウインズ気仙沼,マイジャグラーV,274,77,5774,100.4,https://min-repo.com/3358038/?kishu=all
2026-09-17,ウインズ気仙沼,マイジャグラーV,273,,2378,,https://min-repo.com/3358038/?kishu=all
2026-09-17,ウインズ気仙沼,ファンキージャグラー２ＫＴ,272,169,3113,101.8,https://min-repo.com/3358038/?kishu=all
2026-09-17,ウインズ気仙沼,ファンキージャグラー２ＫＴ,271,,792,,https://min-repo.com/3358038/?kishu=all
2026-09-17,ウインズ気仙沼,ファンキージャグラー２ＫＴ,270,2101,4129,117.0,https://min-repo.com/3358038/?kishu=all
2026-09-17,ウインズ気仙沼,ファンキージャグラー２ＫＴ,269,,3547,,https://min-repo.com/3358038/?kishu=all
2026-09-17,ウインズ気仙沼,ファンキージャグラー２ＫＴ,268,,659,,https://min-repo.com/3358038/?kishu=all
2026-09-17,ウインズ気仙沼,ファンキージャグラー２ＫＴ,267,,3310,,https://min-repo.com/3358038/?kishu=all
2026-09-17,ウインズ気仙沼,ファンキージャグラー２ＫＴ,266,,1129,,https://min-repo.com/3358038/?kishu=all
2026-09-17,ウインズ気仙沼,ファンキージャグラー２ＫＴ,265,436,1935,107.5,https://min-repo.com/3358038/?kishu=all
2026-09-17,ウインズ気仙沼,ファンキージャグラー２ＫＴ,264,,2593,,https://min-repo.com/3358038/?kishu=all
2026-09-17,ウインズ気仙沼,ファンキージャグラー２ＫＴ,263,,1280,,https://min-repo.com/3358038/?kishu=all
2026-09-17,ウインズ気仙沼,ハッピージャグラーＶＩＩＩ,299,2229,6195,112.0,https://min-repo.com/3358038/?kishu=all
2026-09-17,ウインズ気仙沼,ハッピージャグラーＶＩＩＩ,298,,1577,,https://min-repo.com/3358038/?kishu=all
2026-09-17,ウインズ気仙沼,ハッピージャグラーＶＩＩＩ,297,1094,2423,115.1,https://min-repo.com/3358038/?kishu=all
2026-09-17,ウインズ気仙沼,ハッピージャグラーＶＩＩＩ,296,491,5934,102.8,https://min-repo.com/3358038/?kishu=all
2026-09-17,ウインズ気仙沼,ハッピージャグラーＶＩＩＩ,295,,2622,,https://min-repo.com/3358038/?kishu=all
2026-09-17,ウインズ気仙沼,ハッピージャグラーＶＩＩＩ,294,,646,,https://min-repo.com/3358038/?kishu=all
2026-09-17,ウインズ気仙沼,ハッピージャグラーＶＩＩＩ,293,,3932,,https://min-repo.com/3358038/?kishu=all
2026-09-17,ウインズ気仙沼,ハッピージャグラーＶＩＩＩ,292,378,598,121.1,https://min-repo.com/3358038/?kishu=all
2026-09-17,ウインズ気仙沼,スロット ワールドダイスター,508,0,0,,https://min-repo.com/3358038/?kishu=all
2026-09-17,ウインズ気仙沼,スロット ソードアート・オンラインⅡ,251,,2778,,https://min-repo.com/3358038/?kishu=all
2026-09-17,ウインズ気仙沼,スロット ソードアート・オンラインⅡ,250,,2261,,https://min-repo.com/3358038/?kishu=all
2026-09-17,ウインズ気仙沼,スロット ソードアート・オンラインⅡ,249,4457,6252,123.8,https://min-repo.com/3358038/?kishu=all
2026-09-17,ウインズ気仙沼,スマスロ鉄拳6,200,,349,,https://min-repo.com/3358038/?kishu=all
2026-09-17,ウインズ気仙沼,スマスロ秘宝伝,207,,153,,https://min-repo.com/3358038/?kishu=all
2026-09-17,ウインズ気仙沼,スマスロ新鬼武者3,331,0,0,,https://min-repo.com/3358038/?kishu=all
2026-09-17,ウインズ気仙沼,スマスロ新鬼武者3,330,371,395,131.3,https://min-repo.com/3358038/?kishu=all
2026-09-17,ウインズ気仙沼,スマスロ北斗の拳 転生の章2,524,5567,2908,163.8,https://min-repo.com/3358038/?kishu=all
2026-09-17,ウインズ気仙沼,スマスロ北斗の拳 転生の章2,523,,1911,,https://min-repo.com/3358038/?kishu=all
2026-09-17,ウインズ気仙沼,スマスロ北斗の拳 転生の章2,522,,91,,https://min-repo.com/3358038/?kishu=all
2026-09-17,ウインズ気仙沼,スマスロ北斗の拳 転生の章2,521,741,683,136.2,https://min-repo.com/3358038/?kishu=all
2026-09-17,ウインズ気仙沼,スマスロ北斗の拳 転生の章2,520,286,4634,102.1,https://min-repo.com/3358038/?kishu=all
2026-09-17,ウインズ気仙沼,スマスロ北斗の拳 転生の章2,240,,63,,https://min-repo.com/3358038/?kishu=all
2026-09-17,ウインズ気仙沼,スマスロ北斗の拳 転生の章2,239,509,2594,106.5,https://min-repo.com/3358038/?kishu=all
2026-09-17,ウインズ気仙沼,スマスロ北斗の拳 転生の章2,238,334,279,139.9,https://min-repo.com/3358038/?kishu=all
2026-09-17,ウインズ気仙沼,スマスロ北斗の拳 転生の章2,237,5905,2123,192.7,https://min-repo.com/3358038/?kishu=all
2026-09-17,ウインズ気仙沼,スマスロ化物語,334,1110,1394,126.5,https://min-repo.com/3358038/?kishu=all
2026-09-17,ウインズ気仙沼,スマスロ化物語,333,0,0,,https://min-repo.com/3358038/?kishu=all
2026-09-17,ウインズ気仙沼,スマスロヨルムンガンド,211,0,0,,https://min-repo.com/3358038/?kishu=all
2026-09-17,ウインズ気仙沼,スマスロモンキーターンV,542,,448,,https://min-repo.com/3358038/?kishu=all
2026-09-17,ウインズ気仙沼,スマスロモンキーターンV,541,,376,,https://min-repo.com/3358038/?kishu=all
2026-09-17,ウインズ気仙沼,スマスロモンキーターンV,540,1040,2392,114.5,https://min-repo.com/3358038/?kishu=all
2026-09-17,ウインズ気仙沼,スマスロとある科学の超電磁砲2,214,0,0,,https://min-repo.com/3358038/?kishu=all
2026-09-17,ウインズ気仙沼,スマスロBIRDIE WING-Golf Girls’ Story-,332,0,0,,https://min-repo.com/3358038/?kishu=all
2026-09-17,ウインズ気仙沼,スマスロ 甲鉄城のカバネリ 海門決戦,531,0,0,,https://min-repo.com/3358038/?kishu=all
2026-09-17,ウインズ気仙沼,スマスロ 甲鉄城のカバネリ 海門決戦,530,,429,,https://min-repo.com/3358038/?kishu=all
2026-09-17,ウインズ気仙沼,スマスロ 甲鉄城のカバネリ 海門決戦,529,,607,,https://min-repo.com/3358038/?kishu=all
2026-09-17,ウインズ気仙沼,スマスロ 甲鉄城のカバネリ 海門決戦,528,0,0,,https://min-repo.com/3358038/?kishu=all
2026-09-17,ウインズ気仙沼,スマスロ 甲鉄城のカバネリ 海門決戦,527,,1364,,https://min-repo.com/3358038/?kishu=all
2026-09-17,ウインズ気仙沼,スマスロ 甲鉄城のカバネリ 海門決戦,526,0,0,,https://min-repo.com/3358038/?kishu=all
2026-09-17,ウインズ気仙沼,スマスロ 甲鉄城のカバネリ 海門決戦,525,,932,,https://min-repo.com/3358038/?kishu=all
2026-09-17,ウインズ気仙沼,スマスロ 沖ドキ!DUO アンコール,327,0,0,,https://min-repo.com/3358038/?kishu=all
2026-09-17,ウインズ気仙沼,スマスロ 沖ドキ!DUO アンコール,326,0,0,,https://min-repo.com/3358038/?kishu=all
2026-09-17,ウインズ気仙沼,スマスロ 沖ドキ!DUO アンコール,325,,20,,https://min-repo.com/3358038/?kishu=all
2026-09-17,ウインズ気仙沼,スマスロ 沖ドキ!DUO アンコール,324,0,0,,https://min-repo.com/3358038/?kishu=all
2026-09-17,ウインズ気仙沼,スマスロ 沖ドキ!DUO アンコール,323,0,0,,https://min-repo.com/3358038/?kishu=all
2026-09-17,ウインズ気仙沼,スマスロ 沖ドキ!DUO アンコール,322,0,0,,https://min-repo.com/3358038/?kishu=all
2026-09-17,ウインズ気仙沼,スマスロ 沖ドキ!DUO アンコール,321,0,0,,https://min-repo.com/3358038/?kishu=all
2026-09-17,ウインズ気仙沼,スマスロ 東京リベンジャーズ,340,0,0,,https://min-repo.com/3358038/?kishu=all
2026-09-17,ウインズ気仙沼,スマスロ 東京リベンジャーズ,339,0,0,,https://min-repo.com/3358038/?kishu=all
2026-09-17,ウインズ気仙沼,スマスロ 東京リベンジャーズ,210,0,0,,https://min-repo.com/3358038/?kishu=all
2026-09-17,ウインズ気仙沼,スマスロ 攻殻機動隊,215,441,1892,107.8,https://min-repo.com/3358038/?kishu=all
2026-09-17,ウインズ気仙沼,スマスロ リコリス・リコイル,535,,2862,,https://min-repo.com/3358038/?kishu=all
2026-09-17,ウインズ気仙沼,スマスロ リコリス・リコイル,534,,497,,https://min-repo.com/3358038/?kishu=all
2026-09-17,ウインズ気仙沼,スマスロ リコリス・リコイル,533,2496,5911,114.1,https://min-repo.com/3358038/?kishu=all
2026-09-17,ウインズ気仙沼,スマスロ リコリス・リコイル,532,,1182,,https://min-repo.com/3358038/?kishu=all
2026-09-17,ウインズ気仙沼,スマスロ モンスターハンターライズ,342,0,0,,https://min-repo.com/3358038/?kishu=all
2026-09-17,ウインズ気仙沼,スマスロ モンスターハンターライズ,341,0,0,,https://min-repo.com/3358038/?kishu=all
2026-09-17,ウインズ気仙沼,スマスロ ミリオンゴッド-神々の軌跡-,243,,152,,https://min-repo.com/3358038/?kishu=all
2026-09-17,ウインズ気仙沼,スマスロ ミリオンゴッド-神々の軌跡-,242,,2317,,https://min-repo.com/3358038/?kishu=all
2026-09-17,ウインズ気仙沼,スマスロ ミリオンゴッド-神々の軌跡-,241,301,1449,106.9,https://min-repo.com/3358038/?kishu=all
2026-09-17,ウインズ気仙沼,スマスロ マギアレコード 魔法少女まどか☆マギカ外伝,345,0,0,,https://min-repo.com/3358038/?kishu=all
2026-09-17,ウインズ気仙沼,スマスロ マギアレコード 魔法少女まどか☆マギカ外伝,344,0,0,,https://min-repo.com/3358038/?kishu=all
2026-09-17,ウインズ気仙沼,スマスロ マギアレコード 魔法少女まどか☆マギカ外伝,343,,741,,https://min-repo.com/3358038/?kishu=all
2026-09-17,ウインズ気仙沼,スマスロ バイオハザードRE:3,329,0,0,,https://min-repo.com/3358038/?kishu=all
2026-09-17,ウインズ気仙沼,スマスロ バイオハザードRE:3,328,0,0,,https://min-repo.com/3358038/?kishu=all
2026-09-17,ウインズ気仙沼,スマスロ ハナビ,318,217,2401,103.0,https://min-repo.com/3358038/?kishu=all
2026-09-17,ウインズ気仙沼,スマスロ ハナビ,313,,686,,https://min-repo.com/3358038/?kishu=all
2026-09-17,ウインズ気仙沼,スマスロ スーパーリオエース2,206,,126,,https://min-repo.com/3358038/?kishu=all
2026-09-17,ウインズ気仙沼,スマスロ スーパーブラックジャック,338,0,0,,https://min-repo.com/3358038/?kishu=all
2026-09-17,ウインズ気仙沼,スマスロ スーパーブラックジャック,337,0,0,,https://min-repo.com/3358038/?kishu=all
2026-09-17,ウインズ気仙沼,スマスロ ストリートファイター6,198,0,0,,https://min-repo.com/3358038/?kishu=all
2026-09-17,ウインズ気仙沼,スマスロ サンダーV,314,,715,,https://min-repo.com/3358038/?kishu=all
2026-09-17,ウインズ気仙沼,スマスロ ゴッドイーター リザレクション,514,0,0,,https://min-repo.com/3358038/?kishu=all
2026-09-17,ウインズ気仙沼,スマスロ ゴッドイーター リザレクション,513,1088,1242,129.2,https://min-repo.com/3358038/?kishu=all
2026-09-17,ウインズ気仙沼,スマスロ やじきた道中記参る！,254,0,0,,https://min-repo.com/3358038/?kishu=all
2026-09-17,ウインズ気仙沼,スマスロ とある魔術の禁書目録2,253,244,789,110.3,https://min-repo.com/3358038/?kishu=all
2026-09-17,ウインズ気仙沼,スマスロ とある魔術の禁書目録2,252,,1315,,https://min-repo.com/3358038/?kishu=all
2026-09-17,ウインズ気仙沼,スターハナハナ-30,305,,111,,https://min-repo.com/3358038/?kishu=all
2026-09-17,ウインズ気仙沼,スターハナハナ-30,304,,372,,https://min-repo.com/3358038/?kishu=all
2026-09-17,ウインズ気仙沼,スターハナハナ-30,303,19,1014,100.6,https://min-repo.com/3358038/?kishu=all
2026-09-17,ウインズ気仙沼,ジャグラーガールズSS,262,,2952,,https://min-repo.com/3358038/?kishu=all
2026-09-17,ウインズ気仙沼,ジャグラーガールズSS,261,,1915,,https://min-repo.com/3358038/?kishu=all
2026-09-17,ウインズ気仙沼,ジャグラーガールズSS,260,,1360,,https://min-repo.com/3358038/?kishu=all
2026-09-17,ウインズ気仙沼,ゴーゴージャグラー３,291,,5882,,https://min-repo.com/3358038/?kishu=all
2026-09-17,ウインズ気仙沼,ゴーゴージャグラー３,290,33,4047,100.3,https://min-repo.com/3358038/?kishu=all
2026-09-17,ウインズ気仙沼,ゴーゴージャグラー３,289,188,2591,102.4,https://min-repo.com/3358038/?kishu=all
2026-09-17,ウインズ気仙沼,ゴーゴージャグラー３,288,64,2871,100.7,https://min-repo.com/3358038/?kishu=all
2026-09-17,ウインズ気仙沼,ゴーゴージャグラー３,287,,4289,,https://min-repo.com/3358038/?kishu=all
2026-09-17,ウインズ気仙沼,クレアの秘宝伝～はじまりの扉と太陽の石～ボーナストリガーver.,315,25,547,101.5,https://min-repo.com/3358038/?kishu=all
2026-09-17,ウインズ気仙沼,キングハナハナ-30,302,,611,,https://min-repo.com/3358038/?kishu=all
2026-09-17,ウインズ気仙沼,キングハナハナ-30,301,,264,,https://min-repo.com/3358038/?kishu=all
2026-09-17,ウインズ気仙沼,キングハナハナ-30,300,,696,,https://min-repo.com/3358038/?kishu=all
2026-09-17,ウインズ気仙沼,アニマルスロット ドッチ,202,0,0,,https://min-repo.com/3358038/?kishu=all
2026-09-17,ウインズ気仙沼,いざ！番長,336,33,266,104.1,https://min-repo.com/3358038/?kishu=all
2026-09-17,ウインズ気仙沼,いざ！番長,335,0,0,,https://min-repo.com/3358038/?kishu=all
2026-09-17,ウインズ気仙沼,SHAKE BONUS TRIGGER,319,,754,,https://min-repo.com/3358038/?kishu=all
2026-09-17,ウインズ気仙沼,L青春ブタ野郎はバニーガール先輩の夢を見ない,255,,5680,,https://min-repo.com/3358038/?kishu=all
2026-09-17,ウインズ気仙沼,L邪神ちゃんドロップキック,509,0,0,,https://min-repo.com/3358038/?kishu=all
2026-09-17,ウインズ気仙沼,L東京喰種,248,,901,,https://min-repo.com/3358038/?kishu=all
2026-09-17,ウインズ気仙沼,L東京喰種,247,3808,3098,141.0,https://min-repo.com/3358038/?kishu=all
2026-09-17,ウインズ気仙沼,L東京喰種,246,,1283,,https://min-repo.com/3358038/?kishu=all
2026-09-17,ウインズ気仙沼,L東京喰種,245,3692,4121,129.9,https://min-repo.com/3358038/?kishu=all
2026-09-17,ウインズ気仙沼,L東京喰種,244,159,839,106.3,https://min-repo.com/3358038/?kishu=all
2026-09-17,ウインズ気仙沼,L戦国乙女5 業火を穿つ宿焔の双刃,539,,2779,,https://min-repo.com/3358038/?kishu=all
2026-09-17,ウインズ気仙沼,L戦国乙女5 業火を穿つ宿焔の双刃,538,,812,,https://min-repo.com/3358038/?kishu=all
2026-09-17,ウインズ気仙沼,L戦国乙女5 業火を穿つ宿焔の双刃,537,,1913,,https://min-repo.com/3358038/?kishu=all
2026-09-17,ウインズ気仙沼,L戦国乙女5 業火を穿つ宿焔の双刃,536,180,1278,104.7,https://min-repo.com/3358038/?kishu=all
2026-09-17,ウインズ気仙沼,L島娘,320,,70,,https://min-repo.com/3358038/?kishu=all
2026-09-17,ウインズ気仙沼,L主役は銭形5,212,0,0,,https://min-repo.com/3358038/?kishu=all
2026-09-17,ウインズ気仙沼,Lパチスロ革命機ヴァルヴレイヴ2,516,,1697,,https://min-repo.com/3358038/?kishu=all
2026-09-17,ウインズ気仙沼,Lパチスロ革命機ヴァルヴレイヴ2,515,1,461,100.1,https://min-repo.com/3358038/?kishu=all
2026-09-17,ウインズ気仙沼,Lパチスロ炎炎ノ消防隊2,512,21,325,102.2,https://min-repo.com/3358038/?kishu=all
2026-09-17,ウインズ気仙沼,Lパチスロ炎炎ノ消防隊2,511,0,0,,https://min-repo.com/3358038/?kishu=all
2026-09-17,ウインズ気仙沼,Lパチスロ炎炎ノ消防隊2,510,,531,,https://min-repo.com/3358038/?kishu=all
2026-09-17,ウインズ気仙沼,Lパチスロ彼女、お借りします,256,1633,2977,118.3,https://min-repo.com/3358038/?kishu=all
2026-09-17,ウインズ気仙沼,Lパチスロからくりサーカス2,213,1550,1341,138.5,https://min-repo.com/3358038/?kishu=all
2026-09-17,ウインズ気仙沼,Lパチスロからくりサーカス2,209,,434,,https://min-repo.com/3358038/?kishu=all
2026-09-17,ウインズ気仙沼,Lタクトオーパス デスティニー,205,0,0,,https://min-repo.com/3358038/?kishu=all
2026-09-17,ウインズ気仙沼,Lスマスロ北斗の拳,519,,400,,https://min-repo.com/3358038/?kishu=all
2026-09-17,ウインズ気仙沼,Lスマスロ北斗の拳,518,,1985,,https://min-repo.com/3358038/?kishu=all
2026-09-17,ウインズ気仙沼,Lスマスロ北斗の拳,517,,2315,,https://min-repo.com/3358038/?kishu=all
2026-09-17,ウインズ気仙沼,Lスマスロ北斗の拳,236,2198,1228,159.7,https://min-repo.com/3358038/?kishu=all
2026-09-17,ウインズ気仙沼,Lスマスロ北斗の拳,235,89,1812,101.6,https://min-repo.com/3358038/?kishu=all
2026-09-17,ウインズ気仙沼,Lスマスロ北斗の拳,234,,110,,https://min-repo.com/3358038/?kishu=all
2026-09-17,ウインズ気仙沼,Lスマスロ北斗の拳,233,580,826,123.4,https://min-repo.com/3358038/?kishu=all
2026-09-17,ウインズ気仙沼,Lスマスロ北斗の拳,232,857,497,157.5,https://min-repo.com/3358038/?kishu=all
2026-09-17,ウインズ気仙沼,Lアズールレーン THE ANIMATION,201,0,0,,https://min-repo.com/3358038/?kishu=all
2026-09-17,ウインズ気仙沼,LBパチスロ ヱヴァンゲリヲン～約束の扉～,316,0,0,,https://min-repo.com/3358038/?kishu=all
2026-09-17,ウインズ気仙沼,L ULTRAMAN 最終決戦,208,,531,,https://min-repo.com/3358038/?kishu=all
2026-09-17,ウインズ気仙沼,A-SLOT+異世界かるてっとBT,312,,1066,,https://min-repo.com/3358038/?kishu=all
2026-09-17,P-STATION&IIスロット館,真打 吉宗,1155,,1072,,https://min-repo.com/3357067/?kishu=all
2026-09-17,P-STATION&IIスロット館,真打 吉宗,1153,,3030,,https://min-repo.com/3357067/?kishu=all
2026-09-17,P-STATION&IIスロット館,真打 吉宗,1132,,1316,,https://min-repo.com/3357067/?kishu=all
2026-09-17,P-STATION&IIスロット館,真打 吉宗,1131,,2826,,https://min-repo.com/3357067/?kishu=all
2026-09-17,P-STATION&IIスロット館,沖ドキ！ＧＯＬＤ-30,1028,0,0,,https://min-repo.com/3357067/?kishu=all
2026-09-17,P-STATION&IIスロット館,沖ドキ！ＧＯＬＤ-30,1027,1,486,100.1,https://min-repo.com/3357067/?kishu=all
2026-09-17,P-STATION&IIスロット館,沖ドキ！ＧＯＬＤ-30,1026,,242,,https://min-repo.com/3357067/?kishu=all
2026-09-17,P-STATION&IIスロット館,沖ドキ！ＧＯＬＤ-30,1025,,202,,https://min-repo.com/3357067/?kishu=all
2026-09-17,P-STATION&IIスロット館,沖ドキ！ＧＯＬＤ-30,1023,1,1270,100.0,https://min-repo.com/3357067/?kishu=all
2026-09-17,P-STATION&IIスロット館,沖ドキ！ＧＯＬＤ-30,1022,,201,,https://min-repo.com/3357067/?kishu=all
2026-09-17,P-STATION&IIスロット館,沖ドキ！ＧＯＬＤ-30,1021,,162,,https://min-repo.com/3357067/?kishu=all
2026-09-17,P-STATION&IIスロット館,沖ドキ！ＧＯＬＤ-30,1020,,674,,https://min-repo.com/3357067/?kishu=all
2026-09-17,P-STATION&IIスロット館,沖ドキ！ＧＯＬＤ-30,1018,1,352,100.1,https://min-repo.com/3357067/?kishu=all
2026-09-17,P-STATION&IIスロット館,沖ドキ！BLACK,1033,,1760,,https://min-repo.com/3357067/?kishu=all
2026-09-17,P-STATION&IIスロット館,沖ドキ！BLACK,1032,1,1074,100.0,https://min-repo.com/3357067/?kishu=all
2026-09-17,P-STATION&IIスロット館,沖ドキ！BLACK,1031,,2600,,https://min-repo.com/3357067/?kishu=all
2026-09-17,P-STATION&IIスロット館,沖ドキ！BLACK,1030,1,259,100.1,https://min-repo.com/3357067/?kishu=all
2026-09-17,P-STATION&IIスロット館,戦国コレクション6,1507,,1379,,https://min-repo.com/3357067/?kishu=all
2026-09-17,P-STATION&IIスロット館,戦国コレクション6,1506,,1161,,https://min-repo.com/3357067/?kishu=all
2026-09-17,P-STATION&IIスロット館,戦国コレクション6,1505,,140,,https://min-repo.com/3357067/?kishu=all
2026-09-17,P-STATION&IIスロット館,交響詩篇エウレカセブン HI-EVOLUTION ZERO TYPE-ART,1066,0,0,,https://min-repo.com/3357067/?kishu=all
2026-09-17,P-STATION&IIスロット館,ミスタージャグラー,1367,1,3092,100.0,https://min-repo.com/3357067/?kishu=all
2026-09-17,P-STATION&IIスロット館,ミスタージャグラー,1366,1,7697,100.0,https://min-repo.com/3357067/?kishu=all
2026-09-17,P-STATION&IIスロット館,ミスタージャグラー,1365,1,1392,100.0,https://min-repo.com/3357067/?kishu=all
2026-09-17,P-STATION&IIスロット館,ミスタージャグラー,1363,,507,,https://min-repo.com/3357067/?kishu=all
2026-09-17,P-STATION&IIスロット館,ミスタージャグラー,1362,1,2175,100.0,https://min-repo.com/3357067/?kishu=all
2026-09-17,P-STATION&IIスロット館,ミスタージャグラー,1361,,2350,,https://min-repo.com/3357067/?kishu=all
2026-09-17,P-STATION&IIスロット館,マイジャグラーV,1360,,3147,,https://min-repo.com/3357067/?kishu=all
2026-09-17,P-STATION&IIスロット館,マイジャグラーV,1358,,1856,,https://min-repo.com/3357067/?kishu=all
2026-09-17,P-STATION&IIスロット館,マイジャグラーV,1357,1,4829,100.0,https://min-repo.com/3357067/?kishu=all
2026-09-17,P-STATION&IIスロット館,マイジャグラーV,1356,,5370,,https://min-repo.com/3357067/?kishu=all
2026-09-17,P-STATION&IIスロット館,マイジャグラーV,1355,1,1927,100.0,https://min-repo.com/3357067/?kishu=all
2026-09-17,P-STATION&IIスロット館,マイジャグラーV,1330,,4948,,https://min-repo.com/3357067/?kishu=all
2026-09-17,P-STATION&IIスロット館,マイジャグラーV,1328,,2907,,https://min-repo.com/3357067/?kishu=all
2026-09-17,P-STATION&IIスロット館,マイジャグラーV,1327,,921,,https://min-repo.com/3357067/?kishu=all
2026-09-17,P-STATION&IIスロット館,マイジャグラーV,1326,,2089,,https://min-repo.com/3357067/?kishu=all
2026-09-17,P-STATION&IIスロット館,マイジャグラーV,1325,,2728,,https://min-repo.com/3357067/?kishu=all
2026-09-17,P-STATION&IIスロット館,マイジャグラーV,1323,1,5563,100.0,https://min-repo.com/3357067/?kishu=all
2026-09-17,P-STATION&IIスロット館,マイジャグラーV,1263,,2151,,https://min-repo.com/3357067/?kishu=all
2026-09-17,P-STATION&IIスロット館,マイジャグラーV,1262,,2485,,https://min-repo.com/3357067/?kishu=all
2026-09-17,P-STATION&IIスロット館,マイジャグラーV,1261,,2845,,https://min-repo.com/3357067/?kishu=all
2026-09-17,P-STATION&IIスロット館,マイジャグラーV,1260,,9246,,https://min-repo.com/3357067/?kishu=all
2026-09-17,P-STATION&IIスロット館,マイジャグラーV,1258,,800,,https://min-repo.com/3357067/?kishu=all
2026-09-17,P-STATION&IIスロット館,マイジャグラーV,1257,,1433,,https://min-repo.com/3357067/?kishu=all
2026-09-17,P-STATION&IIスロット館,マイジャグラーV,1256,,706,,https://min-repo.com/3357067/?kishu=all
2026-09-17,P-STATION&IIスロット館,マイジャグラーV,1255,1,4306,100.0,https://min-repo.com/3357067/?kishu=all
2026-09-17,P-STATION&IIスロット館,マイジャグラーV,1253,,5987,,https://min-repo.com/3357067/?kishu=all
2026-09-17,P-STATION&IIスロット館,マイジャグラーV,1252,,1965,,https://min-repo.com/3357067/?kishu=all
2026-09-17,P-STATION&IIスロット館,マイジャグラーV,1251,,6619,,https://min-repo.com/3357067/?kishu=all
2026-09-17,P-STATION&IIスロット館,マイジャグラーV,1250,1,6081,100.0,https://min-repo.com/3357067/?kishu=all
2026-09-17,P-STATION&IIスロット館,マイジャグラーV,1238,,685,,https://min-repo.com/3357067/?kishu=all
2026-09-17,P-STATION&IIスロット館,マイジャグラーV,1237,1,5698,100.0,https://min-repo.com/3357067/?kishu=all
2026-09-17,P-STATION&IIスロット館,マイジャグラーV,1236,1,2892,100.0,https://min-repo.com/3357067/?kishu=all
2026-09-17,P-STATION&IIスロット館,マイジャグラーV,1235,,1173,,https://min-repo.com/3357067/?kishu=all
2026-09-17,P-STATION&IIスロット館,マイジャグラーV,1233,,1979,,https://min-repo.com/3357067/?kishu=all
2026-09-17,P-STATION&IIスロット館,マイジャグラーV,1232,,2161,,https://min-repo.com/3357067/?kishu=all
2026-09-17,P-STATION&IIスロット館,マイジャグラーV,1231,,1746,,https://min-repo.com/3357067/?kishu=all
2026-09-17,P-STATION&IIスロット館,マイジャグラーV,1230,1,6767,100.0,https://min-repo.com/3357067/?kishu=all
2026-09-17,P-STATION&IIスロット館,マイジャグラーV,1228,,2681,,https://min-repo.com/3357067/?kishu=all
2026-09-17,P-STATION&IIスロット館,マイジャグラーV,1227,1,7784,100.0,https://min-repo.com/3357067/?kishu=all
2026-09-17,P-STATION&IIスロット館,ファンキージャグラー２ＫＴ,1351,1,2950,100.0,https://min-repo.com/3357067/?kishu=all
2026-09-17,P-STATION&IIスロット館,ファンキージャグラー２ＫＴ,1350,1,4165,100.0,https://min-repo.com/3357067/?kishu=all
2026-09-17,P-STATION&IIスロット館,ファンキージャグラー２ＫＴ,1338,,1036,,https://min-repo.com/3357067/?kishu=all
2026-09-17,P-STATION&IIスロット館,ファンキージャグラー２ＫＴ,1337,1,2109,100.0,https://min-repo.com/3357067/?kishu=all
2026-09-17,P-STATION&IIスロット館,ファンキージャグラー２ＫＴ,1336,1,5124,100.0,https://min-repo.com/3357067/?kishu=all
2026-09-17,P-STATION&IIスロット館,ファンキージャグラー２ＫＴ,1335,1,7476,100.0,https://min-repo.com/3357067/?kishu=all
2026-09-17,P-STATION&IIスロット館,ファンキージャグラー２ＫＴ,1333,,609,,https://min-repo.com/3357067/?kishu=all
2026-09-17,P-STATION&IIスロット館,ファンキージャグラー２ＫＴ,1332,,1352,,https://min-repo.com/3357067/?kishu=all
2026-09-17,P-STATION&IIスロット館,ファンキージャグラー２ＫＴ,1331,,1960,,https://min-repo.com/3357067/?kishu=all
2026-09-17,P-STATION&IIスロット館,パチスロ　ディスクアップ２,1062,,1251,,https://min-repo.com/3357067/?kishu=all
2026-09-17,P-STATION&IIスロット館,パチスロ　ディスクアップ２,1061,,3915,,https://min-repo.com/3357067/?kishu=all
2026-09-17,P-STATION&IIスロット館,バーサスリヴァイズ,1065,,1516,,https://min-repo.com/3357067/?kishu=all
2026-09-17,P-STATION&IIスロット館,バーサスリヴァイズ,1063,,2431,,https://min-repo.com/3357067/?kishu=all
2026-09-17,P-STATION&IIスロット館,ハナハナホウオウ～天翔～-30,1060,0,881,100.0,https://min-repo.com/3357067/?kishu=all
2026-09-17,P-STATION&IIスロット館,ハナハナホウオウ～天翔～-30,1058,,885,,https://min-repo.com/3357067/?kishu=all
2026-09-17,P-STATION&IIスロット館,ハナハナホウオウ～天翔～-30,1057,1,2124,100.0,https://min-repo.com/3357067/?kishu=all
2026-09-17,P-STATION&IIスロット館,ハナハナホウオウ～天翔～-30,1056,,590,,https://min-repo.com/3357067/?kishu=all
2026-09-17,P-STATION&IIスロット館,ハナハナホウオウ～天翔～-30,1055,,883,,https://min-repo.com/3357067/?kishu=all
2026-09-17,P-STATION&IIスロット館,ハナハナホウオウ～天翔～-30,1053,1,4215,100.0,https://min-repo.com/3357067/?kishu=all
2026-09-17,P-STATION&IIスロット館,ハナハナホウオウ～天翔～-30,1052,,105,,https://min-repo.com/3357067/?kishu=all
2026-09-17,P-STATION&IIスロット館,ハナハナホウオウ～天翔～-30,1051,,783,,https://min-repo.com/3357067/?kishu=all
2026-09-17,P-STATION&IIスロット館,ハナハナホウオウ～天翔～-30,1050,,264,,https://min-repo.com/3357067/?kishu=all
2026-09-17,P-STATION&IIスロット館,ハナハナホウオウ～天翔～-30,1038,0,0,,https://min-repo.com/3357067/?kishu=all
2026-09-17,P-STATION&IIスロット館,ハナハナホウオウ～天翔～-30,1037,,438,,https://min-repo.com/3357067/?kishu=all
2026-09-17,P-STATION&IIスロット館,ハナハナホウオウ～天翔～-30,1036,,748,,https://min-repo.com/3357067/?kishu=all
2026-09-17,P-STATION&IIスロット館,ハッピージャグラーＶＩＩＩ,1373,,417,,https://min-repo.com/3357067/?kishu=all
2026-09-17,P-STATION&IIスロット館,ハッピージャグラーＶＩＩＩ,1372,,2220,,https://min-repo.com/3357067/?kishu=all
2026-09-17,P-STATION&IIスロット館,ハッピージャグラーＶＩＩＩ,1371,,1053,,https://min-repo.com/3357067/?kishu=all
2026-09-17,P-STATION&IIスロット館,ハッピージャグラーＶＩＩＩ,1370,,498,,https://min-repo.com/3357067/?kishu=all
2026-09-17,P-STATION&IIスロット館,ハッピージャグラーＶＩＩＩ,1368,,1383,,https://min-repo.com/3357067/?kishu=all
2026-09-17,P-STATION&IIスロット館,ネオアイムジャグラーEX,1285,,3934,,https://min-repo.com/3357067/?kishu=all
2026-09-17,P-STATION&IIスロット館,ネオアイムジャグラーEX,1283,1,6723,100.0,https://min-repo.com/3357067/?kishu=all
2026-09-17,P-STATION&IIスロット館,ネオアイムジャグラーEX,1282,1,3214,100.0,https://min-repo.com/3357067/?kishu=all
2026-09-17,P-STATION&IIスロット館,ネオアイムジャグラーEX,1281,1,7364,100.0,https://min-repo.com/3357067/?kishu=all
2026-09-17,P-STATION&IIスロット館,ネオアイムジャグラーEX,1280,,856,,https://min-repo.com/3357067/?kishu=all
2026-09-17,P-STATION&IIスロット館,ネオアイムジャグラーEX,1278,,5738,,https://min-repo.com/3357067/?kishu=all
2026-09-17,P-STATION&IIスロット館,ネオアイムジャグラーEX,1277,,1978,,https://min-repo.com/3357067/?kishu=all
2026-09-17,P-STATION&IIスロット館,ネオアイムジャグラーEX,1276,,4661,,https://min-repo.com/3357067/?kishu=all
2026-09-17,P-STATION&IIスロット館,ネオアイムジャグラーEX,1275,,1324,,https://min-repo.com/3357067/?kishu=all
2026-09-17,P-STATION&IIスロット館,ネオアイムジャグラーEX,1273,,1686,,https://min-repo.com/3357067/?kishu=all
2026-09-17,P-STATION&IIスロット館,ネオアイムジャグラーEX,1272,1,10122,100.0,https://min-repo.com/3357067/?kishu=all
2026-09-17,P-STATION&IIスロット館,ネオアイムジャグラーEX,1271,1,631,100.1,https://min-repo.com/3357067/?kishu=all
2026-09-17,P-STATION&IIスロット館,ネオアイムジャグラーEX,1270,,4152,,https://min-repo.com/3357067/?kishu=all
2026-09-17,P-STATION&IIスロット館,ネオアイムジャグラーEX,1268,,939,,https://min-repo.com/3357067/?kishu=all
2026-09-17,P-STATION&IIスロット館,ネオアイムジャグラーEX,1267,1,4391,100.0,https://min-repo.com/3357067/?kishu=all
2026-09-17,P-STATION&IIスロット館,ネオアイムジャグラーEX,1266,,3590,,https://min-repo.com/3357067/?kishu=all
2026-09-17,P-STATION&IIスロット館,ネオアイムジャグラーEX,1265,,1107,,https://min-repo.com/3357067/?kishu=all
2026-09-17,P-STATION&IIスロット館,スロット ワールドダイスター,1221,1,3414,100.0,https://min-repo.com/3357067/?kishu=all
2026-09-17,P-STATION&IIスロット館,スロット ワールドダイスター,1215,,500,,https://min-repo.com/3357067/?kishu=all
2026-09-17,P-STATION&IIスロット館,スロット ソードアート・オンラインⅡ,1130,,2751,,https://min-repo.com/3357067/?kishu=all
2026-09-17,P-STATION&IIスロット館,スロット ソードアート・オンラインⅡ,1128,,1039,,https://min-repo.com/3357067/?kishu=all
2026-09-17,P-STATION&IIスロット館,スロット ソードアート・オンラインⅡ,1127,,5262,,https://min-repo.com/3357067/?kishu=all
2026-09-17,P-STATION&IIスロット館,スロット ソードアート・オンラインⅡ,1126,,1592,,https://min-repo.com/3357067/?kishu=all
2026-09-17,P-STATION&IIスロット館,スロット ソードアート・オンラインⅡ,1125,1,7749,100.0,https://min-repo.com/3357067/?kishu=all
2026-09-17,P-STATION&IIスロット館,スマスロ鉄拳6,1200,1,426,100.1,https://min-repo.com/3357067/?kishu=all
2026-09-17,P-STATION&IIスロット館,スマスロ痛いのは嫌なので防御力に極振りしたいと思います。,1216,,2346,,https://min-repo.com/3357067/?kishu=all
2026-09-17,P-STATION&IIスロット館,スマスロ北斗の拳 転生の章2,1110,,6314,,https://min-repo.com/3357067/?kishu=all
2026-09-17,P-STATION&IIスロット館,スマスロ北斗の拳 転生の章2,1108,1,231,100.1,https://min-repo.com/3357067/?kishu=all
2026-09-17,P-STATION&IIスロット館,スマスロ北斗の拳 転生の章2,1107,1,3152,100.0,https://min-repo.com/3357067/?kishu=all
2026-09-17,P-STATION&IIスロット館,スマスロ北斗の拳 転生の章2,1106,,45,,https://min-repo.com/3357067/?kishu=all
2026-09-17,P-STATION&IIスロット館,スマスロ北斗の拳 転生の章2,1105,1,488,100.1,https://min-repo.com/3357067/?kishu=all
2026-09-17,P-STATION&IIスロット館,スマスロ北斗の拳 転生の章2,1103,,935,,https://min-repo.com/3357067/?kishu=all
2026-09-17,P-STATION&IIスロット館,スマスロ北斗の拳 転生の章2,1102,1,5235,100.0,https://min-repo.com/3357067/?kishu=all
2026-09-17,P-STATION&IIスロット館,スマスロ化物語,1083,,141,,https://min-repo.com/3357067/?kishu=all
2026-09-17,P-STATION&IIスロット館,スマスロ化物語,1082,,323,,https://min-repo.com/3357067/?kishu=all
2026-09-17,P-STATION&IIスロット館,スマスロ化物語,1081,0,0,,https://min-repo.com/3357067/?kishu=all
2026-09-17,P-STATION&IIスロット館,スマスロモンキーターンV,1225,1,3288,100.0,https://min-repo.com/3357067/?kishu=all
2026-09-17,P-STATION&IIスロット館,スマスロモンキーターンV,1206,,290,,https://min-repo.com/3357067/?kishu=all
2026-09-17,P-STATION&IIスロット館,スマスロモンキーターンV,1188,1,1456,100.0,https://min-repo.com/3357067/?kishu=all
2026-09-17,P-STATION&IIスロット館,スマスロモンキーターンV,1187,,259,,https://min-repo.com/3357067/?kishu=all
2026-09-17,P-STATION&IIスロット館,スマスロモンキーターンV,1186,,631,,https://min-repo.com/3357067/?kishu=all
2026-09-17,P-STATION&IIスロット館,スマスロモンキーターンV,1185,1,108,100.3,https://min-repo.com/3357067/?kishu=all
2026-09-17,P-STATION&IIスロット館,スマスロモンキーターンV,1166,1,561,100.1,https://min-repo.com/3357067/?kishu=all
2026-09-17,P-STATION&IIスロット館,スマスロモンキーターンV,1165,,274,,https://min-repo.com/3357067/?kishu=all
2026-09-17,P-STATION&IIスロット館,スマスロモンキーターンV,1163,,1903,,https://min-repo.com/3357067/?kishu=all
2026-09-17,P-STATION&IIスロット館,スマスロモンキーターンV,1162,,679,,https://min-repo.com/3357067/?kishu=all
2026-09-17,P-STATION&IIスロット館,スマスロケロット5BT,1208,,785,,https://min-repo.com/3357067/?kishu=all
2026-09-17,P-STATION&IIスロット館,スマスロ 甲鉄城のカバネリ 海門決戦,1180,1,1306,100.0,https://min-repo.com/3357067/?kishu=all
2026-09-17,P-STATION&IIスロット館,スマスロ 甲鉄城のカバネリ 海門決戦,1178,,852,,https://min-repo.com/3357067/?kishu=all
2026-09-17,P-STATION&IIスロット館,スマスロ 甲鉄城のカバネリ 海門決戦,1177,,2011,,https://min-repo.com/3357067/?kishu=all
2026-09-17,P-STATION&IIスロット館,スマスロ 甲鉄城のカバネリ 海門決戦,1176,,2859,,https://min-repo.com/3357067/?kishu=all
2026-09-17,P-STATION&IIスロット館,スマスロ 甲鉄城のカバネリ 海門決戦,1175,,1709,,https://min-repo.com/3357067/?kishu=all
2026-09-17,P-STATION&IIスロット館,スマスロ 甲鉄城のカバネリ 海門決戦,1173,1,3914,100.0,https://min-repo.com/3357067/?kishu=all
2026-09-17,P-STATION&IIスロット館,スマスロ 甲鉄城のカバネリ 海門決戦,1172,1,958,100.0,https://min-repo.com/3357067/?kishu=all
2026-09-17,P-STATION&IIスロット館,スマスロ 甲鉄城のカバネリ 海門決戦,1171,,2269,,https://min-repo.com/3357067/?kishu=all
2026-09-17,P-STATION&IIスロット館,スマスロ 攻殻機動隊,1068,,2319,,https://min-repo.com/3357067/?kishu=all
2026-09-17,P-STATION&IIスロット館,スマスロ 攻殻機動隊,1067,1,2548,100.0,https://min-repo.com/3357067/?kishu=all
2026-09-17,P-STATION&IIスロット館,スマスロ リコリス・リコイル,1183,1,6956,100.0,https://min-repo.com/3357067/?kishu=all
2026-09-17,P-STATION&IIスロット館,スマスロ リコリス・リコイル,1182,,8822,,https://min-repo.com/3357067/?kishu=all
2026-09-17,P-STATION&IIスロット館,スマスロ リコリス・リコイル,1181,,3914,,https://min-repo.com/3357067/?kishu=all
2026-09-17,P-STATION&IIスロット館,スマスロ リコリス・リコイル,1170,1,10462,100.0,https://min-repo.com/3357067/?kishu=all
2026-09-17,P-STATION&IIスロット館,スマスロ リコリス・リコイル,1168,,6312,,https://min-repo.com/3357067/?kishu=all
2026-09-17,P-STATION&IIスロット館,スマスロ リコリス・リコイル,1167,,7464,,https://min-repo.com/3357067/?kishu=all
2026-09-17,P-STATION&IIスロット館,スマスロ モンスターハンターライズ,1080,1,638,100.1,https://min-repo.com/3357067/?kishu=all
2026-09-17,P-STATION&IIスロット館,スマスロ モンスターハンターライズ,1078,,2096,,https://min-repo.com/3357067/?kishu=all
2026-09-17,P-STATION&IIスロット館,スマスロ モンスターハンターライズ,1077,,423,,https://min-repo.com/3357067/?kishu=all
2026-09-17,P-STATION&IIスロット館,スマスロ ミリオンゴッド-神々の軌跡-,1152,,636,,https://min-repo.com/3357067/?kishu=all
2026-09-17,P-STATION&IIスロット館,スマスロ ミリオンゴッド-神々の軌跡-,1151,,1245,,https://min-repo.com/3357067/?kishu=all
2026-09-17,P-STATION&IIスロット館,スマスロ ミリオンゴッド-神々の軌跡-,1150,1,184,100.2,https://min-repo.com/3357067/?kishu=all
2026-09-17,P-STATION&IIスロット館,スマスロ ミリオンゴッド-神々の軌跡-,1138,,1965,,https://min-repo.com/3357067/?kishu=all
2026-09-17,P-STATION&IIスロット館,スマスロ ミリオンゴッド-神々の軌跡-,1137,,1862,,https://min-repo.com/3357067/?kishu=all
2026-09-17,P-STATION&IIスロット館,スマスロ ミリオンゴッド-神々の軌跡-,1136,,969,,https://min-repo.com/3357067/?kishu=all
2026-09-17,P-STATION&IIスロット館,スマスロ ミリオンゴッド-神々の軌跡-,1135,,557,,https://min-repo.com/3357067/?kishu=all
2026-09-17,P-STATION&IIスロット館,スマスロ ミリオンゴッド-神々の軌跡-,1133,,653,,https://min-repo.com/3357067/?kishu=all
2026-09-17,P-STATION&IIスロット館,スマスロ マギアレコード 魔法少女まどか☆マギカ外伝,1518,1,330,100.1,https://min-repo.com/3357067/?kishu=all
2026-09-17,P-STATION&IIスロット館,スマスロ マギアレコード 魔法少女まどか☆マギカ外伝,1517,,1673,,https://min-repo.com/3357067/?kishu=all
2026-09-17,P-STATION&IIスロット館,スマスロ マギアレコード 魔法少女まどか☆マギカ外伝,1516,1,945,100.0,https://min-repo.com/3357067/?kishu=all
2026-09-17,P-STATION&IIスロット館,スマスロ マギアレコード 魔法少女まどか☆マギカ外伝,1220,1,274,100.1,https://min-repo.com/3357067/?kishu=all
2026-09-17,P-STATION&IIスロット館,スマスロ ハナビ,1383,1,1519,100.0,https://min-repo.com/3357067/?kishu=all
2026-09-17,P-STATION&IIスロット館,スマスロ ハナビ,1382,1,1350,100.0,https://min-repo.com/3357067/?kishu=all
2026-09-17,P-STATION&IIスロット館,スマスロ ハナビ,1381,1,4328,100.0,https://min-repo.com/3357067/?kishu=all
2026-09-17,P-STATION&IIスロット館,スマスロ タコスロ,1377,,4089,,https://min-repo.com/3357067/?kishu=all
2026-09-17,P-STATION&IIスロット館,スマスロ タコスロ,1376,,3274,,https://min-repo.com/3357067/?kishu=all
2026-09-17,P-STATION&IIスロット館,スマスロ スーパーリオエース2,1213,,2727,,https://min-repo.com/3357067/?kishu=all
2026-09-17,P-STATION&IIスロット館,スマスロ スーパーブラックジャック,1226,1,1552,100.0,https://min-repo.com/3357067/?kishu=all
2026-09-17,P-STATION&IIスロット館,スマスロ ストリートファイター6,1123,,1250,,https://min-repo.com/3357067/?kishu=all
2026-09-17,P-STATION&IIスロット館,スマスロ ストリートファイター6,1122,1,1031,100.0,https://min-repo.com/3357067/?kishu=all
2026-09-17,P-STATION&IIスロット館,スマスロ ストリートファイター6,1121,1,770,100.0,https://min-repo.com/3357067/?kishu=all
2026-09-17,P-STATION&IIスロット館,スマスロ サンダーV,1387,1,5015,100.0,https://min-repo.com/3357067/?kishu=all
2026-09-17,P-STATION&IIスロット館,スマスロ サンダーV,1386,,866,,https://min-repo.com/3357067/?kishu=all
2026-09-17,P-STATION&IIスロット館,スマスロ サンダーV,1385,1,1914,100.0,https://min-repo.com/3357067/?kishu=all
2026-09-17,P-STATION&IIスロット館,スマスロ ゴッドイーター リザレクション,1076,1,518,100.1,https://min-repo.com/3357067/?kishu=all
2026-09-17,P-STATION&IIスロット館,スマスロ ゴッドイーター リザレクション,1075,,234,,https://min-repo.com/3357067/?kishu=all
2026-09-17,P-STATION&IIスロット館,スマスロ ゴッドイーター リザレクション,1073,,468,,https://min-repo.com/3357067/?kishu=all
2026-09-17,P-STATION&IIスロット館,スマスロ やじきた道中記参る！,1115,0,0,,https://min-repo.com/3357067/?kishu=all
2026-09-17,P-STATION&IIスロット館,スマスロ やじきた道中記参る！,1113,0,0,,https://min-repo.com/3357067/?kishu=all
2026-09-17,P-STATION&IIスロット館,スマスロ やじきた道中記参る！,1112,0,0,,https://min-repo.com/3357067/?kishu=all
2026-09-17,P-STATION&IIスロット館,スマスロ やじきた道中記参る！,1111,1,198,100.2,https://min-repo.com/3357067/?kishu=all
2026-09-17,P-STATION&IIスロット館,スマスロ とある魔術の禁書目録2,1515,,3784,,https://min-repo.com/3357067/?kishu=all
2026-09-17,P-STATION&IIスロット館,スマスロ とある魔術の禁書目録2,1513,1,4875,100.0,https://min-repo.com/3357067/?kishu=all
2026-09-17,P-STATION&IIスロット館,スマスロ とある魔術の禁書目録2,1512,,1430,,https://min-repo.com/3357067/?kishu=all
2026-09-17,P-STATION&IIスロット館,ジャグラーガールズSS,1353,,2457,,https://min-repo.com/3357067/?kishu=all
2026-09-17,P-STATION&IIスロット館,ジャグラーガールズSS,1352,1,1006,100.0,https://min-repo.com/3357067/?kishu=all
2026-09-17,P-STATION&IIスロット館,ジャグラーガールズSS,1010,,1317,,https://min-repo.com/3357067/?kishu=all
2026-09-17,P-STATION&IIスロット館,ジャグラーガールズSS,1008,1,5651,100.0,https://min-repo.com/3357067/?kishu=all
2026-09-17,P-STATION&IIスロット館,ジャグラーガールズSS,1007,,697,,https://min-repo.com/3357067/?kishu=all
2026-09-17,P-STATION&IIスロット館,ジャグラーガールズSS,1006,1,6638,100.0,https://min-repo.com/3357067/?kishu=all
2026-09-17,P-STATION&IIスロット館,ゴーゴージャグラー３,1576,1,5192,100.0,https://min-repo.com/3357067/?kishu=all
2026-09-17,P-STATION&IIスロット館,ゴーゴージャグラー３,1575,,1898,,https://min-repo.com/3357067/?kishu=all
2026-09-17,P-STATION&IIスロット館,ゴーゴージャグラー３,1573,,879,,https://min-repo.com/3357067/?kishu=all
2026-09-17,P-STATION&IIスロット館,ゴーゴージャグラー３,1572,,5354,,https://min-repo.com/3357067/?kishu=all
2026-09-17,P-STATION&IIスロット館,ゴーゴージャグラー３,1571,1,3625,100.0,https://min-repo.com/3357067/?kishu=all
2026-09-17,P-STATION&IIスロット館,ゴーゴージャグラー３,1570,,582,,https://min-repo.com/3357067/?kishu=all
2026-09-17,P-STATION&IIスロット館,ゴーゴージャグラー３,1568,1,2864,100.0,https://min-repo.com/3357067/?kishu=all
2026-09-17,P-STATION&IIスロット館,ゴーゴージャグラー３,1567,1,7689,100.0,https://min-repo.com/3357067/?kishu=all
2026-09-17,P-STATION&IIスロット館,ゴーゴージャグラー３,1566,1,4338,100.0,https://min-repo.com/3357067/?kishu=all
2026-09-17,P-STATION&IIスロット館,ゴーゴージャグラー３,1322,1,5585,100.0,https://min-repo.com/3357067/?kishu=all
2026-09-17,P-STATION&IIスロット館,ゴーゴージャグラー３,1321,,503,,https://min-repo.com/3357067/?kishu=all
2026-09-17,P-STATION&IIスロット館,ゴーゴージャグラー３,1320,,4182,,https://min-repo.com/3357067/?kishu=all
2026-09-17,P-STATION&IIスロット館,ゴーゴージャグラー３,1318,,3845,,https://min-repo.com/3357067/?kishu=all
2026-09-17,P-STATION&IIスロット館,ゴーゴージャグラー３,1317,,1967,,https://min-repo.com/3357067/?kishu=all
2026-09-17,P-STATION&IIスロット館,ゴーゴージャグラー３,1316,,641,,https://min-repo.com/3357067/?kishu=all
2026-09-17,P-STATION&IIスロット館,ゴーゴージャグラー３,1315,,1114,,https://min-repo.com/3357067/?kishu=all
2026-09-17,P-STATION&IIスロット館,ゴーゴージャグラー３,1313,1,8230,100.0,https://min-repo.com/3357067/?kishu=all
2026-09-17,P-STATION&IIスロット館,ゴーゴージャグラー３,1312,1,1848,100.0,https://min-repo.com/3357067/?kishu=all
2026-09-17,P-STATION&IIスロット館,ゴーゴージャグラー３,1311,1,2866,100.0,https://min-repo.com/3357067/?kishu=all
2026-09-17,P-STATION&IIスロット館,ゴーゴージャグラー３,1310,1,5864,100.0,https://min-repo.com/3357067/?kishu=all
2026-09-17,P-STATION&IIスロット館,ゴーゴージャグラー３,1308,1,5926,100.0,https://min-repo.com/3357067/?kishu=all
2026-09-17,P-STATION&IIスロット館,ゴーゴージャグラー３,1307,1,7351,100.0,https://min-repo.com/3357067/?kishu=all
2026-09-17,P-STATION&IIスロット館,ゴーゴージャグラー３,1306,,6415,,https://min-repo.com/3357067/?kishu=all
2026-09-17,P-STATION&IIスロット館,ゴーゴージャグラー３,1305,,1911,,https://min-repo.com/3357067/?kishu=all
2026-09-17,P-STATION&IIスロット館,ゴーゴージャグラー３,1303,1,7938,100.0,https://min-repo.com/3357067/?kishu=all
2026-09-17,P-STATION&IIスロット館,ゴーゴージャグラー３,1302,,2886,,https://min-repo.com/3357067/?kishu=all
2026-09-17,P-STATION&IIスロット館,ゴーゴージャグラー３,1301,,492,,https://min-repo.com/3357067/?kishu=all
2026-09-17,P-STATION&IIスロット館,ゴーゴージャグラー３,1300,1,5991,100.0,https://min-repo.com/3357067/?kishu=all
2026-09-17,P-STATION&IIスロット館,ゴーゴージャグラー３,1288,,2329,,https://min-repo.com/3357067/?kishu=all
2026-09-17,P-STATION&IIスロット館,ゴーゴージャグラー３,1287,1,8868,100.0,https://min-repo.com/3357067/?kishu=all
2026-09-17,P-STATION&IIスロット館,ゴーゴージャグラー３,1286,,7410,,https://min-repo.com/3357067/?kishu=all
2026-09-17,P-STATION&IIスロット館,クレアの秘宝伝～はじまりの扉と太陽の石～ボーナストリガーver.,1210,1,207,100.2,https://min-repo.com/3357067/?kishu=all
2026-09-17,P-STATION&IIスロット館,ウルトラミラクルジャグラー,1005,,1293,,https://min-repo.com/3357067/?kishu=all
2026-09-17,P-STATION&IIスロット館,ウルトラミラクルジャグラー,1003,,2536,,https://min-repo.com/3357067/?kishu=all
2026-09-17,P-STATION&IIスロット館,ウルトラミラクルジャグラー,1002,,636,,https://min-repo.com/3357067/?kishu=all
2026-09-17,P-STATION&IIスロット館,ウルトラミラクルジャグラー,1001,,7007,,https://min-repo.com/3357067/?kishu=all
2026-09-17,P-STATION&IIスロット館,アレックス ブライト,1380,,377,,https://min-repo.com/3357067/?kishu=all
2026-09-17,P-STATION&IIスロット館,アレックス ブライト,1378,1,1441,100.0,https://min-repo.com/3357067/?kishu=all
2026-09-17,P-STATION&IIスロット館,アニマルスロット ドッチ,1207,,1706,,https://min-repo.com/3357067/?kishu=all
2026-09-17,P-STATION&IIスロット館,いざ！番長,1072,1,526,100.1,https://min-repo.com/3357067/?kishu=all
2026-09-17,P-STATION&IIスロット館,いざ！番長,1071,,648,,https://min-repo.com/3357067/?kishu=all
2026-09-17,P-STATION&IIスロット館,いざ！番長,1070,0,0,,https://min-repo.com/3357067/?kishu=all
2026-09-17,P-STATION&IIスロット館,SHAKE BONUS TRIGGER,1223,0,0,,https://min-repo.com/3357067/?kishu=all
2026-09-17,P-STATION&IIスロット館,SHAKE BONUS TRIGGER,1222,1,856,100.0,https://min-repo.com/3357067/?kishu=all
2026-09-17,P-STATION&IIスロット館,L青春ブタ野郎はバニーガール先輩の夢を見ない,1120,,3755,,https://min-repo.com/3357067/?kishu=all
2026-09-17,P-STATION&IIスロット館,L青春ブタ野郎はバニーガール先輩の夢を見ない,1118,1,2484,100.0,https://min-repo.com/3357067/?kishu=all
2026-09-17,P-STATION&IIスロット館,L青春ブタ野郎はバニーガール先輩の夢を見ない,1117,1,6899,100.0,https://min-repo.com/3357067/?kishu=all
2026-09-17,P-STATION&IIスロット館,L青春ブタ野郎はバニーガール先輩の夢を見ない,1116,,3481,,https://min-repo.com/3357067/?kishu=all
2026-09-17,P-STATION&IIスロット館,L邪神ちゃんドロップキック,1217,1,1892,100.0,https://min-repo.com/3357067/?kishu=all
2026-09-17,P-STATION&IIスロット館,L東京喰種,1565,,933,,https://min-repo.com/3357067/?kishu=all
2026-09-17,P-STATION&IIスロット館,L東京喰種,1563,,346,,https://min-repo.com/3357067/?kishu=all
2026-09-17,P-STATION&IIスロット館,L東京喰種,1562,,2496,,https://min-repo.com/3357067/?kishu=all
2026-09-17,P-STATION&IIスロット館,L東京喰種,1561,,759,,https://min-repo.com/3357067/?kishu=all
2026-09-17,P-STATION&IIスロット館,L東京喰種,1560,1,870,100.0,https://min-repo.com/3357067/?kishu=all
2026-09-17,P-STATION&IIスロット館,L東京喰種,1558,,2523,,https://min-repo.com/3357067/?kishu=all
2026-09-17,P-STATION&IIスロット館,L東京喰種,1557,,1033,,https://min-repo.com/3357067/?kishu=all
2026-09-17,P-STATION&IIスロット館,L東京喰種,1556,1,1886,100.0,https://min-repo.com/3357067/?kishu=all
2026-09-17,P-STATION&IIスロット館,L東京喰種,1555,1,4682,100.0,https://min-repo.com/3357067/?kishu=all
2026-09-17,P-STATION&IIスロット館,L東京喰種,1553,1,2068,100.0,https://min-repo.com/3357067/?kishu=all
2026-09-17,P-STATION&IIスロット館,L東京喰種,1552,,1179,,https://min-repo.com/3357067/?kishu=all
2026-09-17,P-STATION&IIスロット館,L東京喰種,1551,,2262,,https://min-repo.com/3357067/?kishu=all
2026-09-17,P-STATION&IIスロット館,L東京喰種,1550,,848,,https://min-repo.com/3357067/?kishu=all
2026-09-17,P-STATION&IIスロット館,L東京喰種,1538,,1974,,https://min-repo.com/3357067/?kishu=all
2026-09-17,P-STATION&IIスロット館,L東京喰種,1537,1,1804,100.0,https://min-repo.com/3357067/?kishu=all
2026-09-17,P-STATION&IIスロット館,L東京喰種,1536,1,2622,100.0,https://min-repo.com/3357067/?kishu=all
2026-09-17,P-STATION&IIスロット館,L東京喰種,1535,,251,,https://min-repo.com/3357067/?kishu=all
2026-09-17,P-STATION&IIスロット館,L東京喰種,1533,1,588,100.1,https://min-repo.com/3357067/?kishu=all
2026-09-17,P-STATION&IIスロット館,L東京喰種,1532,,5728,,https://min-repo.com/3357067/?kishu=all
2026-09-17,P-STATION&IIスロット館,L東京喰種,1531,,6535,,https://min-repo.com/3357067/?kishu=all
2026-09-17,P-STATION&IIスロット館,L東京喰種,1530,1,3177,100.0,https://min-repo.com/3357067/?kishu=all
2026-09-17,P-STATION&IIスロット館,L東京喰種,1528,,374,,https://min-repo.com/3357067/?kishu=all
2026-09-17,P-STATION&IIスロット館,L東京喰種,1527,1,900,100.0,https://min-repo.com/3357067/?kishu=all
2026-09-17,P-STATION&IIスロット館,L東京喰種,1526,,1424,,https://min-repo.com/3357067/?kishu=all
2026-09-17,P-STATION&IIスロット館,L戦国乙女４　戦乱に閃く炯眼の軍師,1211,0,0,,https://min-repo.com/3357067/?kishu=all
2026-09-17,P-STATION&IIスロット館,L戦国乙女5 業火を穿つ宿焔の双刃,1525,,2083,,https://min-repo.com/3357067/?kishu=all
2026-09-17,P-STATION&IIスロット館,L戦国乙女5 業火を穿つ宿焔の双刃,1523,1,1608,100.0,https://min-repo.com/3357067/?kishu=all
2026-09-17,P-STATION&IIスロット館,L戦国乙女5 業火を穿つ宿焔の双刃,1522,,1460,,https://min-repo.com/3357067/?kishu=all
2026-09-17,P-STATION&IIスロット館,L戦国乙女5 業火を穿つ宿焔の双刃,1521,1,1554,100.0,https://min-repo.com/3357067/?kishu=all
2026-09-17,P-STATION&IIスロット館,L戦国乙女5 業火を穿つ宿焔の双刃,1520,1,1376,100.0,https://min-repo.com/3357067/?kishu=all
2026-09-17,P-STATION&IIスロット館,L戦国乙女5 業火を穿つ宿焔の双刃,1503,,731,,https://min-repo.com/3357067/?kishu=all
2026-09-17,P-STATION&IIスロット館,L戦国乙女5 業火を穿つ宿焔の双刃,1502,1,604,100.1,https://min-repo.com/3357067/?kishu=all
2026-09-17,P-STATION&IIスロット館,L戦国乙女5 業火を穿つ宿焔の双刃,1501,1,514,100.1,https://min-repo.com/3357067/?kishu=all
2026-09-17,P-STATION&IIスロット館,L戦国乙女5 業火を穿つ宿焔の双刃,1500,,1112,,https://min-repo.com/3357067/?kishu=all
2026-09-17,P-STATION&IIスロット館,L戦国乙女5 業火を穿つ宿焔の双刃,1388,,2773,,https://min-repo.com/3357067/?kishu=all
2026-09-17,P-STATION&IIスロット館,L南国育ち SPECIAL,1201,,568,,https://min-repo.com/3357067/?kishu=all
2026-09-17,P-STATION&IIスロット館,Lパチスロ革命機ヴァルヴレイヴ2,1013,1,490,100.1,https://min-repo.com/3357067/?kishu=all
2026-09-17,P-STATION&IIスロット館,Lパチスロ革命機ヴァルヴレイヴ2,1012,1,4823,100.0,https://min-repo.com/3357067/?kishu=all
2026-09-17,P-STATION&IIスロット館,Lパチスロ革命機ヴァルヴレイヴ2,1011,,2565,,https://min-repo.com/3357067/?kishu=all
2026-09-17,P-STATION&IIスロット館,Lパチスロ炎炎ノ消防隊2,1017,,1577,,https://min-repo.com/3357067/?kishu=all
2026-09-17,P-STATION&IIスロット館,Lパチスロ炎炎ノ消防隊2,1016,1,1367,100.0,https://min-repo.com/3357067/?kishu=all
2026-09-17,P-STATION&IIスロット館,Lパチスロ炎炎ノ消防隊2,1015,,1392,,https://min-repo.com/3357067/?kishu=all
2026-09-17,P-STATION&IIスロット館,Lパチスロ彼女、お借りします,1202,,3881,,https://min-repo.com/3357067/?kishu=all
2026-09-17,P-STATION&IIスロット館,Lパチスロ喰霊-零-Re,1511,1,6512,100.0,https://min-repo.com/3357067/?kishu=all
2026-09-17,P-STATION&IIスロット館,Lパチスロ喰霊-零-Re,1510,1,1292,100.0,https://min-repo.com/3357067/?kishu=all
2026-09-17,P-STATION&IIスロット館,Lパチスロ喰霊-零-Re,1508,1,5220,100.0,https://min-repo.com/3357067/?kishu=all
2026-09-17,P-STATION&IIスロット館,Lパチスロからくりサーカス2,1161,0,0,,https://min-repo.com/3357067/?kishu=all
2026-09-17,P-STATION&IIスロット館,Lパチスロからくりサーカス2,1160,1,3416,100.0,https://min-repo.com/3357067/?kishu=all
2026-09-17,P-STATION&IIスロット館,Lパチスロからくりサーカス2,1158,0,0,,https://min-repo.com/3357067/?kishu=all
2026-09-17,P-STATION&IIスロット館,Lパチスロからくりサーカス2,1157,,91,,https://min-repo.com/3357067/?kishu=all
2026-09-17,P-STATION&IIスロット館,Lパチスロからくりサーカス2,1156,,678,,https://min-repo.com/3357067/?kishu=all
2026-09-17,P-STATION&IIスロット館,Lパチスロうみねこのなく頃に2,1375,1,3948,100.0,https://min-repo.com/3357067/?kishu=all
2026-09-17,P-STATION&IIスロット館,Lパチスロ かぐや様は告らせたい,1203,0,0,,https://min-repo.com/3357067/?kishu=all
2026-09-17,P-STATION&IIスロット館,Lスマスロ北斗の拳,1101,,831,,https://min-repo.com/3357067/?kishu=all
2026-09-17,P-STATION&IIスロット館,Lスマスロ北斗の拳,1100,,1788,,https://min-repo.com/3357067/?kishu=all
2026-09-17,P-STATION&IIスロット館,Lスマスロ北斗の拳,1088,,3717,,https://min-repo.com/3357067/?kishu=all
2026-09-17,P-STATION&IIスロット館,Lスマスロ北斗の拳,1087,1,8280,100.0,https://min-repo.com/3357067/?kishu=all
2026-09-17,P-STATION&IIスロット館,Lスマスロ北斗の拳,1086,,471,,https://min-repo.com/3357067/?kishu=all
2026-09-17,P-STATION&IIスロット館,Lスマスロ北斗の拳,1085,,818,,https://min-repo.com/3357067/?kishu=all
2026-09-17,P-STATION&IIスロット館,Lアズールレーン THE ANIMATION,1218,,500,,https://min-repo.com/3357067/?kishu=all
2026-09-17,P-STATION&IIスロット館,LBパチスロ ヱヴァンゲリヲン～約束の扉～,1205,,474,,https://min-repo.com/3357067/?kishu=all
2026-09-17,P-STATION&IIスロット館,L ＨＥＹ！エリートサラリーマン鏡,1212,0,0,,https://min-repo.com/3357067/?kishu=all
2026-09-17,DON＋,４６枚スロ空台,404,0,0,,https://min-repo.com/3357471/?kishu=all
2026-09-17,DON＋,４６枚スロ空台,335,0,0,,https://min-repo.com/3357471/?kishu=all
2026-09-17,DON＋,真打 吉宗,391,0,0,,https://min-repo.com/3357471/?kishu=all
2026-09-17,DON＋,沖ドキ！ＧＯＬＤ-30,401,,206,,https://min-repo.com/3357471/?kishu=all
2026-09-17,DON＋,沖ドキ！ＧＯＬＤ-30,400,,659,,https://min-repo.com/3357471/?kishu=all
2026-09-17,DON＋,沖ドキ！ＧＯＬＤ-30,399,,50,,https://min-repo.com/3357471/?kishu=all
2026-09-17,DON＋,沖ドキ！ＧＯＬＤ-30,398,,54,,https://min-repo.com/3357471/?kishu=all
2026-09-17,DON＋,沖ドキ！ＧＯＬＤ-30,397,,88,,https://min-repo.com/3357471/?kishu=all
2026-09-17,DON＋,沖ドキ！ＧＯＬＤ-30,372,1,437,100.1,https://min-repo.com/3357471/?kishu=all
2026-09-17,DON＋,沖ドキ！ＧＯＬＤ-30,371,,56,,https://min-repo.com/3357471/?kishu=all
2026-09-17,DON＋,沖ドキ！ＧＯＬＤ-30,370,,39,,https://min-repo.com/3357471/?kishu=all
2026-09-17,DON＋,沖ドキ！ＧＯＬＤ-30,369,1,1403,100.0,https://min-repo.com/3357471/?kishu=all
2026-09-17,DON＋,沖ドキ！ＧＯＬＤ-30,368,,36,,https://min-repo.com/3357471/?kishu=all
2026-09-17,DON＋,沖ドキ！DUO-30,363,,1674,,https://min-repo.com/3357471/?kishu=all
2026-09-17,DON＋,沖ドキ！DUO-30,362,,2081,,https://min-repo.com/3357471/?kishu=all
2026-09-17,DON＋,沖ドキ！DUO-30,361,,33,,https://min-repo.com/3357471/?kishu=all
2026-09-17,DON＋,沖ドキ！BLACK,365,1,1007,100.0,https://min-repo.com/3357471/?kishu=all
2026-09-17,DON＋,沖ドキ！BLACK,364,1,820,100.0,https://min-repo.com/3357471/?kishu=all
2026-09-17,DON＋,押忍！番長ＺＥＲＯ,394,0,0,,https://min-repo.com/3357471/?kishu=all
2026-09-17,DON＋,押忍！番長ＺＥＲＯ,393,0,0,,https://min-repo.com/3357471/?kishu=all
2026-09-17,DON＋,戦国コレクション6,377,0,0,,https://min-repo.com/3357471/?kishu=all
2026-09-17,DON＋,戦国コレクション6,376,1,1363,100.0,https://min-repo.com/3357471/?kishu=all
2026-09-17,DON＋,吉宗,392,0,0,,https://min-repo.com/3357471/?kishu=all
2026-09-17,DON＋,ミスタージャグラー,315,1,820,100.0,https://min-repo.com/3357471/?kishu=all
2026-09-17,DON＋,ミスタージャグラー,314,1,1431,100.0,https://min-repo.com/3357471/?kishu=all
2026-09-17,DON＋,マイジャグラーV,360,1,2238,100.0,https://min-repo.com/3357471/?kishu=all
2026-09-17,DON＋,マイジャグラーV,359,,1526,,https://min-repo.com/3357471/?kishu=all
2026-09-17,DON＋,マイジャグラーV,358,,1920,,https://min-repo.com/3357471/?kishu=all
2026-09-17,DON＋,マイジャグラーV,357,,992,,https://min-repo.com/3357471/?kishu=all
2026-09-17,DON＋,マイジャグラーV,356,1,4803,100.0,https://min-repo.com/3357471/?kishu=all
2026-09-17,DON＋,ファンキージャグラー２ＫＴ,319,,418,,https://min-repo.com/3357471/?kishu=all
2026-09-17,DON＋,ファンキージャグラー２ＫＴ,318,,287,,https://min-repo.com/3357471/?kishu=all
2026-09-17,DON＋,パチスロ　甲鉄城のカバネリ,396,0,0,,https://min-repo.com/3357471/?kishu=all
2026-09-17,DON＋,パチスロ　甲鉄城のカバネリ,395,0,0,,https://min-repo.com/3357471/?kishu=all
2026-09-17,DON＋,ハナハナホウオウ～天翔～-30,403,,65,,https://min-repo.com/3357471/?kishu=all
2026-09-17,DON＋,ハナハナホウオウ～天翔～-30,402,,192,,https://min-repo.com/3357471/?kishu=all
2026-09-17,DON＋,ハナハナホウオウ～天翔～-30,367,,413,,https://min-repo.com/3357471/?kishu=all
2026-09-17,DON＋,ハナハナホウオウ～天翔～-30,366,,64,,https://min-repo.com/3357471/?kishu=all
2026-09-17,DON＋,ハッピージャグラーＶＩＩＩ,355,,139,,https://min-repo.com/3357471/?kishu=all
2026-09-17,DON＋,ハッピージャグラーＶＩＩＩ,354,,511,,https://min-repo.com/3357471/?kishu=all
2026-09-17,DON＋,ハッピージャグラーＶＩＩＩ,353,1,690,100.0,https://min-repo.com/3357471/?kishu=all
2026-09-17,DON＋,ハッピージャグラーＶＩＩＩ,352,,1072,,https://min-repo.com/3357471/?kishu=all
2026-09-17,DON＋,ハッピージャグラーＶＩＩＩ,351,,259,,https://min-repo.com/3357471/?kishu=all
2026-09-17,DON＋,ネオアイムジャグラーEX,323,0,430,100.0,https://min-repo.com/3357471/?kishu=all
2026-09-17,DON＋,ネオアイムジャグラーEX,322,,565,,https://min-repo.com/3357471/?kishu=all
2026-09-17,DON＋,ネオアイムジャグラーEX,321,,113,,https://min-repo.com/3357471/?kishu=all
2026-09-17,DON＋,ネオアイムジャグラーEX,320,,3804,,https://min-repo.com/3357471/?kishu=all
2026-09-17,DON＋,ニューパルサーＳＰＩＩＩ,313,,183,,https://min-repo.com/3357471/?kishu=all
2026-09-17,DON＋,ニューハナハナゴールド-30,408,,117,,https://min-repo.com/3357471/?kishu=all
2026-09-17,DON＋,ニューハナハナゴールド-30,407,1,351,100.1,https://min-repo.com/3357471/?kishu=all
2026-09-17,DON＋,ニューハナハナゴールド-30,406,,39,,https://min-repo.com/3357471/?kishu=all
2026-09-17,DON＋,ニューハナハナゴールド-30,405,,436,,https://min-repo.com/3357471/?kishu=all
2026-09-17,DON＋,スロット ソードアート・オンラインⅡ,336,,2243,,https://min-repo.com/3357471/?kishu=all
2026-09-17,DON＋,スマスロ鉄拳6,328,0,0,,https://min-repo.com/3357471/?kishu=all
2026-09-17,DON＋,スマスロ鉄拳6,327,0,0,,https://min-repo.com/3357471/?kishu=all
2026-09-17,DON＋,スマスロ鉄拳6,326,,1678,,https://min-repo.com/3357471/?kishu=all
2026-09-17,DON＋,スマスロ秘宝伝,384,,602,,https://min-repo.com/3357471/?kishu=all
2026-09-17,DON＋,スマスロ新鬼武者3,332,,74,,https://min-repo.com/3357471/?kishu=all
2026-09-17,DON＋,スマスロ新鬼武者3,331,,1458,,https://min-repo.com/3357471/?kishu=all
2026-09-17,DON＋,スマスロ北斗の拳 転生の章2,346,,1731,,https://min-repo.com/3357471/?kishu=all
2026-09-17,DON＋,スマスロ北斗の拳 転生の章2,345,,1326,,https://min-repo.com/3357471/?kishu=all
2026-09-17,DON＋,スマスロ化物語,389,0,0,,https://min-repo.com/3357471/?kishu=all
2026-09-17,DON＋,スマスロモンキーターンV,334,,87,,https://min-repo.com/3357471/?kishu=all
2026-09-17,DON＋,スマスロモンキーターンV,333,1,99,,https://min-repo.com/3357471/?kishu=all
2026-09-17,DON＋,スマスロ 甲鉄城のカバネリ 海門決戦,375,0,0,,https://min-repo.com/3357471/?kishu=all
2026-09-17,DON＋,スマスロ 甲鉄城のカバネリ 海門決戦,374,,232,,https://min-repo.com/3357471/?kishu=all
2026-09-17,DON＋,スマスロ 甲鉄城のカバネリ 海門決戦,373,0,0,,https://min-repo.com/3357471/?kishu=all
2026-09-17,DON＋,スマスロ 攻殻機動隊,385,0,0,,https://min-repo.com/3357471/?kishu=all
2026-09-17,DON＋,スマスロ リコリス・リコイル,348,,697,,https://min-repo.com/3357471/?kishu=all
2026-09-17,DON＋,スマスロ リコリス・リコイル,347,,1206,,https://min-repo.com/3357471/?kishu=all
2026-09-17,DON＋,スマスロ ビッグドリーム THE GOLDEN PUSHER,382,0,0,,https://min-repo.com/3357471/?kishu=all
2026-09-17,DON＋,スマスロ ビッグドリーム THE GOLDEN PUSHER,381,0,0,,https://min-repo.com/3357471/?kishu=all
2026-09-17,DON＋,スマスロ スーパーブラックジャック,330,,413,,https://min-repo.com/3357471/?kishu=all
2026-09-17,DON＋,スマスロ スーパーブラックジャック,329,1,206,100.2,https://min-repo.com/3357471/?kishu=all
2026-09-17,DON＋,スマスロ ストリートファイター6,325,,1032,,https://min-repo.com/3357471/?kishu=all
2026-09-17,DON＋,スマスロ ゴッドイーター リザレクション,386,0,0,,https://min-repo.com/3357471/?kishu=all
2026-09-17,DON＋,スマスロ やじきた道中記参る！,383,0,0,,https://min-repo.com/3357471/?kishu=all
2026-09-17,DON＋,ジャグラーガールズSS,317,1,600,100.1,https://min-repo.com/3357471/?kishu=all
2026-09-17,DON＋,ジャグラーガールズSS,316,1,798,100.0,https://min-repo.com/3357471/?kishu=all
2026-09-17,DON＋,ゴーゴージャグラー３,350,,1011,,https://min-repo.com/3357471/?kishu=all
2026-09-17,DON＋,ゴーゴージャグラー３,349,,710,,https://min-repo.com/3357471/?kishu=all
2026-09-17,DON＋,SアイムジャグラーＥＸ,324,1,3938,100.0,https://min-repo.com/3357471/?kishu=all
2026-09-17,DON＋,L東京喰種,380,,940,,https://min-repo.com/3357471/?kishu=all
2026-09-17,DON＋,L東京喰種,379,,991,,https://min-repo.com/3357471/?kishu=all
2026-09-17,DON＋,L東京喰種,378,0,0,,https://min-repo.com/3357471/?kishu=all
2026-09-17,DON＋,Lパチスロ炎炎ノ消防隊2,387,1,792,100.0,https://min-repo.com/3357471/?kishu=all
2026-09-17,DON＋,Lパチスロからくりサーカス2,344,0,0,,https://min-repo.com/3357471/?kishu=all
2026-09-17,DON＋,Lパチスロからくりサーカス2,343,0,0,,https://min-repo.com/3357471/?kishu=all
2026-09-17,DON＋,Lパチスロからくりサーカス2,342,,828,,https://min-repo.com/3357471/?kishu=all
2026-09-17,DON＋,Lパチスロからくりサーカス,388,,145,,https://min-repo.com/3357471/?kishu=all
2026-09-17,DON＋,Lパチスロ かぐや様は告らせたい,390,,673,,https://min-repo.com/3357471/?kishu=all
2026-09-17,DON＋,Lスマスロ北斗の拳,341,0,0,,https://min-repo.com/3357471/?kishu=all
2026-09-17,DON＋,Lスマスロ北斗の拳,340,,847,,https://min-repo.com/3357471/?kishu=all
2026-09-17,DON＋,Lスマスロ北斗の拳,339,,103,,https://min-repo.com/3357471/?kishu=all
2026-09-17,DON＋,Lスマスロ北斗の拳,338,,125,,https://min-repo.com/3357471/?kishu=all
2026-09-17,DON＋,Lスマスロ北斗の拳,337,,66,,https://min-repo.com/3357471/?kishu=all
2026-09-17,ARISE DAIAN 築館店,ＰＹＲＡＭＩＤ　ＥＹＥ,1153,,171,,https://min-repo.com/3358084/?kishu=all
2026-09-17,ARISE DAIAN 築館店,黄門ちゃま喝２,1158,0,0,,https://min-repo.com/3358084/?kishu=all
2026-09-17,ARISE DAIAN 築館店,沖ドキ！DUO,1036,60,1722,101.2,https://min-repo.com/3358084/?kishu=all
2026-09-17,ARISE DAIAN 築館店,沖ドキ！DUO,1035,,169,,https://min-repo.com/3358084/?kishu=all
2026-09-17,ARISE DAIAN 築館店,沖ドキ！DUO,1033,688,599,138.3,https://min-repo.com/3358084/?kishu=all
2026-09-17,ARISE DAIAN 築館店,沖ドキ！DUO,1032,,169,,https://min-repo.com/3358084/?kishu=all
2026-09-17,ARISE DAIAN 築館店,沖ドキ！DUO,1031,,1410,,https://min-repo.com/3358084/?kishu=all
2026-09-17,ARISE DAIAN 築館店,沖ドキ！DUO,1030,,42,,https://min-repo.com/3358084/?kishu=all
2026-09-17,ARISE DAIAN 築館店,沖ドキ！DUO,1028,,171,,https://min-repo.com/3358084/?kishu=all
2026-09-17,ARISE DAIAN 築館店,沖ドキ！BLACK,1012,,50,,https://min-repo.com/3358084/?kishu=all
2026-09-17,ARISE DAIAN 築館店,沖ドキ！BLACK,1011,3813,1566,181.2,https://min-repo.com/3358084/?kishu=all
2026-09-17,ARISE DAIAN 築館店,沖ドキ！BLACK,1010,,41,,https://min-repo.com/3358084/?kishu=all
2026-09-17,ARISE DAIAN 築館店,沖ドキ！BLACK,1008,,39,,https://min-repo.com/3358084/?kishu=all
2026-09-17,ARISE DAIAN 築館店,沖ドキ！BLACK,1007,,441,,https://min-repo.com/3358084/?kishu=all
2026-09-17,ARISE DAIAN 築館店,沖ドキ！BLACK,1006,,142,,https://min-repo.com/3358084/?kishu=all
2026-09-17,ARISE DAIAN 築館店,沖ドキ！BLACK,1005,,39,,https://min-repo.com/3358084/?kishu=all
2026-09-17,ARISE DAIAN 築館店,沖ドキ！BLACK,1003,,208,,https://min-repo.com/3358084/?kishu=all
2026-09-17,ARISE DAIAN 築館店,沖ドキ！BLACK,1002,,73,,https://min-repo.com/3358084/?kishu=all
2026-09-17,ARISE DAIAN 築館店,沖ドキ！BLACK,1001,,96,,https://min-repo.com/3358084/?kishu=all
2026-09-17,ARISE DAIAN 築館店,新ハナビ,1128,70,136,117.2,https://min-repo.com/3358084/?kishu=all
2026-09-17,ARISE DAIAN 築館店,新ハナビ,1122,,462,,https://min-repo.com/3358084/?kishu=all
2026-09-17,ARISE DAIAN 築館店,押忍！番長ＺＥＲＯ,1172,0,0,,https://min-repo.com/3358084/?kishu=all
2026-09-17,ARISE DAIAN 築館店,押忍！番長ＺＥＲＯ,1171,0,0,,https://min-repo.com/3358084/?kishu=all
2026-09-17,ARISE DAIAN 築館店,押忍！番長4,227,,317,,https://min-repo.com/3358084/?kishu=all
2026-09-17,ARISE DAIAN 築館店,戦国コレクション５,1160,,1513,,https://min-repo.com/3358084/?kishu=all
2026-09-17,ARISE DAIAN 築館店,戦国コレクション6,206,2629,2422,136.2,https://min-repo.com/3358084/?kishu=all
2026-09-17,ARISE DAIAN 築館店,吉宗,222,,175,,https://min-repo.com/3358084/?kishu=all
2026-09-17,ARISE DAIAN 築館店,交響詩篇エウレカセブン HI-EVOLUTION ZERO TYPE-ART,1163,,328,,https://min-repo.com/3358084/?kishu=all
2026-09-17,ARISE DAIAN 築館店,ミスタージャグラー,1067,,254,,https://min-repo.com/3358084/?kishu=all
2026-09-17,ARISE DAIAN 築館店,ミスタージャグラー,1066,,464,,https://min-repo.com/3358084/?kishu=all
2026-09-17,ARISE DAIAN 築館店,ミスタージャグラー,1065,,258,,https://min-repo.com/3358084/?kishu=all
2026-09-17,ARISE DAIAN 築館店,ミスタージャグラー,1063,,100,,https://min-repo.com/3358084/?kishu=all
2026-09-17,ARISE DAIAN 築館店,ミスタージャグラー,1062,132,104,142.3,https://min-repo.com/3358084/?kishu=all
2026-09-17,ARISE DAIAN 築館店,ミスタージャグラー,1061,86,390,107.4,https://min-repo.com/3358084/?kishu=all
2026-09-17,ARISE DAIAN 築館店,マイジャグラーV,1087,,1854,,https://min-repo.com/3358084/?kishu=all
2026-09-17,ARISE DAIAN 築館店,マイジャグラーV,1086,,1411,,https://min-repo.com/3358084/?kishu=all
2026-09-17,ARISE DAIAN 築館店,マイジャグラーV,1085,,4443,,https://min-repo.com/3358084/?kishu=all
2026-09-17,ARISE DAIAN 築館店,ファンキージャグラー２ＫＴ,1072,,440,,https://min-repo.com/3358084/?kishu=all
2026-09-17,ARISE DAIAN 築館店,ファンキージャグラー２ＫＴ,1071,409,1672,108.2,https://min-repo.com/3358084/?kishu=all
2026-09-17,ARISE DAIAN 築館店,ファンキージャグラー２ＫＴ,1070,,431,,https://min-repo.com/3358084/?kishu=all
2026-09-17,ARISE DAIAN 築館店,ファンキージャグラー２ＫＴ,1068,,321,,https://min-repo.com/3358084/?kishu=all
2026-09-17,ARISE DAIAN 築館店,ファミスタ回胴版！！,1126,97,1759,101.8,https://min-repo.com/3358084/?kishu=all
2026-09-17,ARISE DAIAN 築館店,パチスロ炎炎ノ消防隊,1027,,427,,https://min-repo.com/3358084/?kishu=all
2026-09-17,ARISE DAIAN 築館店,パチスロ炎炎ノ消防隊,1026,,313,,https://min-repo.com/3358084/?kishu=all
2026-09-17,ARISE DAIAN 築館店,パチスロひぐらしのなく頃に祭２,1152,3,345,100.3,https://min-repo.com/3358084/?kishu=all
2026-09-17,ARISE DAIAN 築館店,パチスロ　甲鉄城のカバネリ,1050,0,0,,https://min-repo.com/3358084/?kishu=all
2026-09-17,ARISE DAIAN 築館店,パチスロ　甲鉄城のカバネリ,1038,0,0,,https://min-repo.com/3358084/?kishu=all
2026-09-17,ARISE DAIAN 築館店,パチスロ　甲鉄城のカバネリ,1037,0,0,,https://min-repo.com/3358084/?kishu=all
2026-09-17,ARISE DAIAN 築館店,パチスロ　新鬼武者２,1170,,226,,https://min-repo.com/3358084/?kishu=all
2026-09-17,ARISE DAIAN 築館店,パチスロ　新鬼武者２,1168,,852,,https://min-repo.com/3358084/?kishu=all
2026-09-17,ARISE DAIAN 築館店,パチスロ　モンスターハンターワールドアイスボーン,1167,0,0,,https://min-repo.com/3358084/?kishu=all
2026-09-17,ARISE DAIAN 築館店,パチスロ　モンスターハンターワールドアイスボーン,1166,0,0,,https://min-repo.com/3358084/?kishu=all
2026-09-17,ARISE DAIAN 築館店,パチスロ　バイオハザード　ＲＥ：２,1052,305,2936,103.5,https://min-repo.com/3358084/?kishu=all
2026-09-17,ARISE DAIAN 築館店,パチスロ　バイオハザード　ＲＥ：２,1051,,12,,https://min-repo.com/3358084/?kishu=all
2026-09-17,ARISE DAIAN 築館店,パチスロ　ハードボイルド,1155,0,0,,https://min-repo.com/3358084/?kishu=all
2026-09-17,ARISE DAIAN 築館店,パチスロ　ディスクアップ２,1125,320,1872,105.7,https://min-repo.com/3358084/?kishu=all
2026-09-17,ARISE DAIAN 築館店,パチスロ　コードギアス反逆のルルーシュ３,1156,0,0,,https://min-repo.com/3358084/?kishu=all
2026-09-17,ARISE DAIAN 築館店,パチスロANEMONE交響詩篇エウレカセブンHI-EVOLUTION,1157,,486,,https://min-repo.com/3358084/?kishu=all
2026-09-17,ARISE DAIAN 築館店,パチスロ ガメラ2,1165,0,0,,https://min-repo.com/3358084/?kishu=all
2026-09-17,ARISE DAIAN 築館店,バーサスリヴァイズ,1123,0,0,,https://min-repo.com/3358084/?kishu=all
2026-09-17,ARISE DAIAN 築館店,ハッピージャグラーＶＩＩＩ,1056,205,933,107.3,https://min-repo.com/3358084/?kishu=all
2026-09-17,ARISE DAIAN 築館店,ハッピージャグラーＶＩＩＩ,1055,832,1509,118.4,https://min-repo.com/3358084/?kishu=all
2026-09-17,ARISE DAIAN 築館店,ハッピージャグラーＶＩＩＩ,1053,33,838,101.3,https://min-repo.com/3358084/?kishu=all
2026-09-17,ARISE DAIAN 築館店,ネオアイムジャグラーEX,1083,,866,,https://min-repo.com/3358084/?kishu=all
2026-09-17,ARISE DAIAN 築館店,ネオアイムジャグラーEX,1082,,309,,https://min-repo.com/3358084/?kishu=all
2026-09-17,ARISE DAIAN 築館店,ネオアイムジャグラーEX,1081,250,622,113.4,https://min-repo.com/3358084/?kishu=all
2026-09-17,ARISE DAIAN 築館店,ネオアイムジャグラーEX,1080,78,457,105.7,https://min-repo.com/3358084/?kishu=all
2026-09-17,ARISE DAIAN 築館店,ネオアイムジャグラーEX,1078,,536,,https://min-repo.com/3358084/?kishu=all
2026-09-17,ARISE DAIAN 築館店,ニューゲッターマウス,1127,,74,,https://min-repo.com/3358084/?kishu=all
2026-09-17,ARISE DAIAN 築館店,ニューキングハナハナV‐30,1018,2259,2521,129.9,https://min-repo.com/3358084/?kishu=all
2026-09-17,ARISE DAIAN 築館店,ニューキングハナハナV‐30,1017,0,0,,https://min-repo.com/3358084/?kishu=all
2026-09-17,ARISE DAIAN 築館店,ニューキングハナハナV‐30,1016,0,0,,https://min-repo.com/3358084/?kishu=all
2026-09-17,ARISE DAIAN 築館店,ニューキングハナハナV‐30,1015,,342,,https://min-repo.com/3358084/?kishu=all
2026-09-17,ARISE DAIAN 築館店,ニューキングハナハナV‐30,1013,,17,,https://min-repo.com/3358084/?kishu=all
2026-09-17,ARISE DAIAN 築館店,スロドル,1161,0,0,,https://min-repo.com/3358084/?kishu=all
2026-09-17,ARISE DAIAN 築館店,スマート沖スロ スターハナハナ,656,0,0,,https://min-repo.com/3358084/?kishu=all
2026-09-17,ARISE DAIAN 築館店,スマート沖スロ スターハナハナ,655,0,0,,https://min-repo.com/3358084/?kishu=all
2026-09-17,ARISE DAIAN 築館店,スマート沖スロ スターハナハナ,653,0,0,,https://min-repo.com/3358084/?kishu=all
2026-09-17,ARISE DAIAN 築館店,スマート沖スロ スターハナハナ,652,0,0,,https://min-repo.com/3358084/?kishu=all
2026-09-17,ARISE DAIAN 築館店,スマート沖スロ スターハナハナ,651,314,306,134.2,https://min-repo.com/3358084/?kishu=all
2026-09-17,ARISE DAIAN 築館店,スマスロ北斗の拳 転生の章2,625,0,0,,https://min-repo.com/3358084/?kishu=all
2026-09-17,ARISE DAIAN 築館店,スマスロ北斗の拳 転生の章2,623,0,0,,https://min-repo.com/3358084/?kishu=all
2026-09-17,ARISE DAIAN 築館店,スマスロ北斗の拳 転生の章2,622,0,0,,https://min-repo.com/3358084/?kishu=all
2026-09-17,ARISE DAIAN 築館店,スマスロ化物語,237,0,0,,https://min-repo.com/3358084/?kishu=all
2026-09-17,ARISE DAIAN 築館店,スマスロモンキーターンV,650,194,1737,103.7,https://min-repo.com/3358084/?kishu=all
2026-09-17,ARISE DAIAN 築館店,スマスロモンキーターンV,638,643,3462,106.2,https://min-repo.com/3358084/?kishu=all
2026-09-17,ARISE DAIAN 築館店,スマスロモンキーターンV,637,0,0,,https://min-repo.com/3358084/?kishu=all
2026-09-17,ARISE DAIAN 築館店,スマスロモンキーターンV,636,,502,,https://min-repo.com/3358084/?kishu=all
2026-09-17,ARISE DAIAN 築館店,スマスロモンキーターンV,615,,352,,https://min-repo.com/3358084/?kishu=all
2026-09-17,ARISE DAIAN 築館店,スマスロモンキーターンV,613,,681,,https://min-repo.com/3358084/?kishu=all
2026-09-17,ARISE DAIAN 築館店,スマスロモンキーターンV,612,,945,,https://min-repo.com/3358084/?kishu=all
2026-09-17,ARISE DAIAN 築館店,スマスロケロット5BT,230,0,0,,https://min-repo.com/3358084/?kishu=all
2026-09-17,ARISE DAIAN 築館店,スマスロとある科学の超電磁砲2,226,0,0,,https://min-repo.com/3358084/?kishu=all
2026-09-17,ARISE DAIAN 築館店,スマスロBIRDIE WING-Golf Girls’ Story-,215,0,0,,https://min-repo.com/3358084/?kishu=all
2026-09-17,ARISE DAIAN 築館店,スマスロ 甲鉄城のカバネリ 海門決戦,611,0,0,,https://min-repo.com/3358084/?kishu=all
2026-09-17,ARISE DAIAN 築館店,スマスロ 甲鉄城のカバネリ 海門決戦,610,,1653,,https://min-repo.com/3358084/?kishu=all
2026-09-17,ARISE DAIAN 築館店,スマスロ 甲鉄城のカバネリ 海門決戦,608,0,0,,https://min-repo.com/3358084/?kishu=all
2026-09-17,ARISE DAIAN 築館店,スマスロ 甲鉄城のカバネリ 海門決戦,607,,36,,https://min-repo.com/3358084/?kishu=all
2026-09-17,ARISE DAIAN 築館店,スマスロ 甲鉄城のカバネリ 海門決戦,606,0,0,,https://min-repo.com/3358084/?kishu=all
2026-09-17,ARISE DAIAN 築館店,スマスロ 東京リベンジャーズ,1151,0,0,,https://min-repo.com/3358084/?kishu=all
2026-09-17,ARISE DAIAN 築館店,スマスロ 東京リベンジャーズ,1150,0,0,,https://min-repo.com/3358084/?kishu=all
2026-09-17,ARISE DAIAN 築館店,スマスロ 東京リベンジャーズ,1138,0,0,,https://min-repo.com/3358084/?kishu=all
2026-09-17,ARISE DAIAN 築館店,スマスロ 攻殻機動隊,233,0,0,,https://min-repo.com/3358084/?kishu=all
2026-09-17,ARISE DAIAN 築館店,スマスロ 七つの魔剣が支配する,217,,337,,https://min-repo.com/3358084/?kishu=all
2026-09-17,ARISE DAIAN 築館店,スマスロ リコリス・リコイル,628,,3332,,https://min-repo.com/3358084/?kishu=all
2026-09-17,ARISE DAIAN 築館店,スマスロ リコリス・リコイル,627,,1913,,https://min-repo.com/3358084/?kishu=all
2026-09-17,ARISE DAIAN 築館店,スマスロ リコリス・リコイル,626,3,2071,100.0,https://min-repo.com/3358084/?kishu=all
2026-09-17,ARISE DAIAN 築館店,スマスロ モンスターハンターライズ,221,0,0,,https://min-repo.com/3358084/?kishu=all
2026-09-17,ARISE DAIAN 築館店,スマスロ ミリオンゴッド-神々の軌跡-,601,,1107,,https://min-repo.com/3358084/?kishu=all
2026-09-17,ARISE DAIAN 築館店,スマスロ ミリオンゴッド-神々の軌跡-,600,0,0,,https://min-repo.com/3358084/?kishu=all
2026-09-17,ARISE DAIAN 築館店,スマスロ ミリオンゴッド-神々の軌跡-,588,0,0,,https://min-repo.com/3358084/?kishu=all
2026-09-17,ARISE DAIAN 築館店,スマスロ マギアレコード 魔法少女まどか☆マギカ外伝,250,0,0,,https://min-repo.com/3358084/?kishu=all
2026-09-17,ARISE DAIAN 築館店,スマスロ ビッグドリーム THE GOLDEN PUSHER,228,0,0,,https://min-repo.com/3358084/?kishu=all
2026-09-17,ARISE DAIAN 築館店,スマスロ バイオハザードRE:3,238,,3281,,https://min-repo.com/3358084/?kishu=all
2026-09-17,ARISE DAIAN 築館店,スマスロ デビルメイクライ5 スタイリッシュトライブ,223,0,0,,https://min-repo.com/3358084/?kishu=all
2026-09-17,ARISE DAIAN 築館店,スマスロ タコスロ,211,,1017,,https://min-repo.com/3358084/?kishu=all
2026-09-17,ARISE DAIAN 築館店,スマスロ スーパーブラックジャック,635,0,0,,https://min-repo.com/3358084/?kishu=all
2026-09-17,ARISE DAIAN 築館店,スマスロ スーパーブラックジャック,633,212,488,114.5,https://min-repo.com/3358084/?kishu=all
2026-09-17,ARISE DAIAN 築館店,スマスロ ストリートファイター6,235,0,0,,https://min-repo.com/3358084/?kishu=all
2026-09-17,ARISE DAIAN 築館店,スマスロ シャーマンキング,218,0,0,,https://min-repo.com/3358084/?kishu=all
2026-09-17,ARISE DAIAN 築館店,スマスロ ゴッドイーター リザレクション,208,,216,,https://min-repo.com/3358084/?kishu=all
2026-09-17,ARISE DAIAN 築館店,スマスロ やじきた道中記参る！,216,154,1043,104.9,https://min-repo.com/3358084/?kishu=all
2026-09-17,ARISE DAIAN 築館店,スマスロ とある魔術の禁書目録2,632,,1537,,https://min-repo.com/3358084/?kishu=all
2026-09-17,ARISE DAIAN 築館店,スマスロ とある魔術の禁書目録2,631,0,0,,https://min-repo.com/3358084/?kishu=all
2026-09-17,ARISE DAIAN 築館店,スマスロ とある魔術の禁書目録2,630,,2041,,https://min-repo.com/3358084/?kishu=all
2026-09-17,ARISE DAIAN 築館店,ジャグラーガールズSS,1108,,157,,https://min-repo.com/3358084/?kishu=all
2026-09-17,ARISE DAIAN 築館店,ジャグラーガールズSS,1107,,229,,https://min-repo.com/3358084/?kishu=all
2026-09-17,ARISE DAIAN 築館店,ジャグラーガールズSS,1077,,2402,,https://min-repo.com/3358084/?kishu=all
2026-09-17,ARISE DAIAN 築館店,ジャグラーガールズSS,1076,,110,,https://min-repo.com/3358084/?kishu=all
2026-09-17,ARISE DAIAN 築館店,ジャグラーガールズSS,1075,,91,,https://min-repo.com/3358084/?kishu=all
2026-09-17,ARISE DAIAN 築館店,ジャグラーガールズSS,1073,,1022,,https://min-repo.com/3358084/?kishu=all
2026-09-17,ARISE DAIAN 築館店,ジャグラーガールズSS,1060,,115,,https://min-repo.com/3358084/?kishu=all
2026-09-17,ARISE DAIAN 築館店,ジャグラーガールズSS,1058,,1827,,https://min-repo.com/3358084/?kishu=all
2026-09-17,ARISE DAIAN 築館店,ジャグラーガールズSS,1057,,109,,https://min-repo.com/3358084/?kishu=all
2026-09-17,ARISE DAIAN 築館店,ゴーゴージャグラー３,1106,689,527,143.6,https://min-repo.com/3358084/?kishu=all
2026-09-17,ARISE DAIAN 築館店,ゴーゴージャグラー３,1105,,3101,,https://min-repo.com/3358084/?kishu=all
2026-09-17,ARISE DAIAN 築館店,ゴーゴージャグラー３,1103,,112,,https://min-repo.com/3358084/?kishu=all
2026-09-17,ARISE DAIAN 築館店,ゴーゴージャグラー３,1102,826,3188,108.6,https://min-repo.com/3358084/?kishu=all
2026-09-17,ARISE DAIAN 築館店,ゴーゴージャグラー３,1101,,141,,https://min-repo.com/3358084/?kishu=all
2026-09-17,ARISE DAIAN 築館店,ゴーゴージャグラー３,1100,,2190,,https://min-repo.com/3358084/?kishu=all
2026-09-17,ARISE DAIAN 築館店,ゴーゴージャグラー３,1088,,804,,https://min-repo.com/3358084/?kishu=all
2026-09-17,ARISE DAIAN 築館店,クレアの秘宝伝～はじまりの扉と太陽の石～ボーナストリガーver.,210,0,0,,https://min-repo.com/3358084/?kishu=all
2026-09-17,ARISE DAIAN 築館店,クランキークレスト,1121,1244,1169,135.5,https://min-repo.com/3358084/?kishu=all
2026-09-17,ARISE DAIAN 築館店,キングハナハナ-30,1025,,285,,https://min-repo.com/3358084/?kishu=all
2026-09-17,ARISE DAIAN 築館店,キングハナハナ-30,1023,777,3637,107.1,https://min-repo.com/3358084/?kishu=all
2026-09-17,ARISE DAIAN 築館店,キングハナハナ-30,1022,,7,,https://min-repo.com/3358084/?kishu=all
2026-09-17,ARISE DAIAN 築館店,キングハナハナ-30,1021,2,0,,https://min-repo.com/3358084/?kishu=all
2026-09-17,ARISE DAIAN 築館店,キングハナハナ-30,1020,1,0,,https://min-repo.com/3358084/?kishu=all
2026-09-17,ARISE DAIAN 築館店,アオハル♪操 A-LIVE,1162,0,0,,https://min-repo.com/3358084/?kishu=all
2026-09-17,ARISE DAIAN 築館店,いざ！番長,617,,780,,https://min-repo.com/3358084/?kishu=all
2026-09-17,ARISE DAIAN 築館店,いざ！番長,616,,1656,,https://min-repo.com/3358084/?kishu=all
2026-09-17,ARISE DAIAN 築館店,L青春ブタ野郎はバニーガール先輩の夢を見ない,207,,1624,,https://min-repo.com/3358084/?kishu=all
2026-09-17,ARISE DAIAN 築館店,L邪神ちゃんドロップキック,225,64,382,105.6,https://min-repo.com/3358084/?kishu=all
2026-09-17,ARISE DAIAN 築館店,L無職転生～異世界行ったら本気だす～,236,0,0,,https://min-repo.com/3358084/?kishu=all
2026-09-17,ARISE DAIAN 築館店,L東京喰種,587,,3214,,https://min-repo.com/3358084/?kishu=all
2026-09-17,ARISE DAIAN 築館店,L東京喰種,586,6725,2225,200.7,https://min-repo.com/3358084/?kishu=all
2026-09-17,ARISE DAIAN 築館店,L東京喰種,585,,1184,,https://min-repo.com/3358084/?kishu=all
2026-09-17,ARISE DAIAN 築館店,L東京喰種,583,,1248,,https://min-repo.com/3358084/?kishu=all
2026-09-17,ARISE DAIAN 築館店,L東京喰種,582,468,2355,106.6,https://min-repo.com/3358084/?kishu=all
2026-09-17,ARISE DAIAN 築館店,L東京喰種,581,,890,,https://min-repo.com/3358084/?kishu=all
2026-09-17,ARISE DAIAN 築館店,L戦国乙女４　戦乱に閃く炯眼の軍師,1133,,984,,https://min-repo.com/3358084/?kishu=all
2026-09-17,ARISE DAIAN 築館店,L戦国乙女４　戦乱に閃く炯眼の軍師,1132,,134,,https://min-repo.com/3358084/?kishu=all
2026-09-17,ARISE DAIAN 築館店,L戦国乙女４　戦乱に閃く炯眼の軍師,1131,0,0,,https://min-repo.com/3358084/?kishu=all
2026-09-17,ARISE DAIAN 築館店,L戦国乙女４　戦乱に閃く炯眼の軍師,1130,,662,,https://min-repo.com/3358084/?kishu=all
2026-09-17,ARISE DAIAN 築館店,L戦国乙女5 業火を穿つ宿焔の双刃,577,0,0,,https://min-repo.com/3358084/?kishu=all
2026-09-17,ARISE DAIAN 築館店,L戦国乙女5 業火を穿つ宿焔の双刃,576,,151,,https://min-repo.com/3358084/?kishu=all
2026-09-17,ARISE DAIAN 築館店,L戦国乙女5 業火を穿つ宿焔の双刃,575,,53,,https://min-repo.com/3358084/?kishu=all
2026-09-17,ARISE DAIAN 築館店,L戦国乙女5 業火を穿つ宿焔の双刃,573,,797,,https://min-repo.com/3358084/?kishu=all
2026-09-17,ARISE DAIAN 築館店,L南国育ち SPECIAL,212,0,0,,https://min-repo.com/3358084/?kishu=all
2026-09-17,ARISE DAIAN 築館店,L主役は銭形5,231,0,0,,https://min-repo.com/3358084/?kishu=all
2026-09-17,ARISE DAIAN 築館店,Lパチスロ革命機ヴァルヴレイヴ2,1120,,1377,,https://min-repo.com/3358084/?kishu=all
2026-09-17,ARISE DAIAN 築館店,Lパチスロ革命機ヴァルヴレイヴ2,1118,0,0,,https://min-repo.com/3358084/?kishu=all
2026-09-17,ARISE DAIAN 築館店,Lパチスロ革命機ヴァルヴレイヴ2,1117,0,0,,https://min-repo.com/3358084/?kishu=all
2026-09-17,ARISE DAIAN 築館店,Lパチスロ革命機ヴァルヴレイヴ2,1116,0,0,,https://min-repo.com/3358084/?kishu=all
2026-09-17,ARISE DAIAN 築館店,Lパチスロ革命機ヴァルヴレイヴ2,1115,0,0,,https://min-repo.com/3358084/?kishu=all
2026-09-17,ARISE DAIAN 築館店,Lパチスロ炎炎ノ消防隊2,580,27,3430,100.3,https://min-repo.com/3358084/?kishu=all
2026-09-17,ARISE DAIAN 築館店,Lパチスロ炎炎ノ消防隊2,578,,2795,,https://min-repo.com/3358084/?kishu=all
2026-09-17,ARISE DAIAN 築館店,Lパチスロ炎炎ノ消防隊,220,,125,,https://min-repo.com/3358084/?kishu=all
2026-09-17,ARISE DAIAN 築館店,Lパチスロからくりサーカス2,605,,616,,https://min-repo.com/3358084/?kishu=all
2026-09-17,ARISE DAIAN 築館店,Lパチスロからくりサーカス2,603,,465,,https://min-repo.com/3358084/?kishu=all
2026-09-17,ARISE DAIAN 築館店,Lパチスロからくりサーカス2,602,,443,,https://min-repo.com/3358084/?kishu=all
2026-09-17,ARISE DAIAN 築館店,Lパチスロからくりサーカス,1137,0,0,,https://min-repo.com/3358084/?kishu=all
2026-09-17,ARISE DAIAN 築館店,Lパチスロからくりサーカス,1136,0,0,,https://min-repo.com/3358084/?kishu=all
2026-09-17,ARISE DAIAN 築館店,Lパチスロからくりサーカス,1135,,1,,https://min-repo.com/3358084/?kishu=all
2026-09-17,ARISE DAIAN 築館店,Lパチスロ かぐや様は告らせたい,1113,0,0,,https://min-repo.com/3358084/?kishu=all
2026-09-17,ARISE DAIAN 築館店,Lパチスロ かぐや様は告らせたい,1112,0,0,,https://min-repo.com/3358084/?kishu=all
2026-09-17,ARISE DAIAN 築館店,Lパチスロ かぐや様は告らせたい,1111,0,0,,https://min-repo.com/3358084/?kishu=all
2026-09-17,ARISE DAIAN 築館店,Lパチスロ かぐや様は告らせたい,1110,0,0,,https://min-repo.com/3358084/?kishu=all
2026-09-17,ARISE DAIAN 築館店,Lスマスロ北斗の拳,621,,357,,https://min-repo.com/3358084/?kishu=all
2026-09-17,ARISE DAIAN 築館店,Lスマスロ北斗の拳,620,211,897,107.8,https://min-repo.com/3358084/?kishu=all
2026-09-17,ARISE DAIAN 築館店,Lスマスロ北斗の拳,618,4,238,100.6,https://min-repo.com/3358084/?kishu=all
2026-09-17,ARISE DAIAN 築館店,Lアズールレーン THE ANIMATION,232,0,0,,https://min-repo.com/3358084/?kishu=all
2026-09-17,ARISE DAIAN 築館店,A-SLOT+異世界かるてっとBT,213,,622,,https://min-repo.com/3358084/?kishu=all
2026-09-17,21SEIKI石巻中里,真打 吉宗,1573,,2294,,https://min-repo.com/3357899/?kishu=all
2026-09-17,21SEIKI石巻中里,沖ドキ！BLACK,755,,966,,https://min-repo.com/3357899/?kishu=all
2026-09-17,21SEIKI石巻中里,沖ドキ！BLACK,753,1,224,100.1,https://min-repo.com/3357899/?kishu=all
2026-09-17,21SEIKI石巻中里,沖ドキ！BLACK,752,,912,,https://min-repo.com/3357899/?kishu=all
2026-09-17,21SEIKI石巻中里,沖ドキ！BLACK,751,,969,,https://min-repo.com/3357899/?kishu=all
2026-09-17,21SEIKI石巻中里,沖ドキ！BLACK,750,,2652,,https://min-repo.com/3357899/?kishu=all
2026-09-17,21SEIKI石巻中里,沖ドキ！BLACK,738,,744,,https://min-repo.com/3357899/?kishu=all
2026-09-17,21SEIKI石巻中里,沖ドキ！BLACK,737,,230,,https://min-repo.com/3357899/?kishu=all
2026-09-17,21SEIKI石巻中里,沖ドキ！BLACK,736,,1109,,https://min-repo.com/3357899/?kishu=all
2026-09-17,21SEIKI石巻中里,沖ドキ！BLACK,735,,2137,,https://min-repo.com/3357899/?kishu=all
2026-09-17,21SEIKI石巻中里,沖ドキ！BLACK,733,1,819,100.0,https://min-repo.com/3357899/?kishu=all
2026-09-17,21SEIKI石巻中里,新ハナビ,1122,1,8777,100.0,https://min-repo.com/3357899/?kishu=all
2026-09-17,21SEIKI石巻中里,新ハナビ,1121,1,7565,100.0,https://min-repo.com/3357899/?kishu=all
2026-09-17,21SEIKI石巻中里,押忍！番長ＺＥＲＯ,1002,,509,,https://min-repo.com/3357899/?kishu=all
2026-09-17,21SEIKI石巻中里,押忍！番長ＺＥＲＯ,1001,1,1337,100.0,https://min-repo.com/3357899/?kishu=all
2026-09-17,21SEIKI石巻中里,戦国コレクション6,1006,,2479,,https://min-repo.com/3357899/?kishu=all
2026-09-17,21SEIKI石巻中里,戦国コレクション6,1005,1,659,100.1,https://min-repo.com/3357899/?kishu=all
2026-09-17,21SEIKI石巻中里,戦国コレクション6,1003,,2171,,https://min-repo.com/3357899/?kishu=all
2026-09-17,21SEIKI石巻中里,交響詩篇エウレカセブン HI-EVOLUTION ZERO TYPE-ART,1131,,4078,,https://min-repo.com/3357899/?kishu=all
2026-09-17,21SEIKI石巻中里,ローティス,1576,,83,,https://min-repo.com/3357899/?kishu=all
2026-09-17,21SEIKI石巻中里,ヤバチバ,826,,2114,,https://min-repo.com/3357899/?kishu=all
2026-09-17,21SEIKI石巻中里,ヤバチバ,825,,311,,https://min-repo.com/3357899/?kishu=all
2026-09-17,21SEIKI石巻中里,ヤバチバ,823,,1097,,https://min-repo.com/3357899/?kishu=all
2026-09-17,21SEIKI石巻中里,ミスタージャグラー,1155,,1912,,https://min-repo.com/3357899/?kishu=all
2026-09-17,21SEIKI石巻中里,ミスタージャグラー,1153,,6306,,https://min-repo.com/3357899/?kishu=all
2026-09-17,21SEIKI石巻中里,ミスタージャグラー,1152,,2655,,https://min-repo.com/3357899/?kishu=all
2026-09-17,21SEIKI石巻中里,ミスタージャグラー,1151,1,6645,100.0,https://min-repo.com/3357899/?kishu=all
2026-09-17,21SEIKI石巻中里,ミスタージャグラー,1150,,1072,,https://min-repo.com/3357899/?kishu=all
2026-09-17,21SEIKI石巻中里,マイジャグラーV,1101,,3011,,https://min-repo.com/3357899/?kishu=all
2026-09-17,21SEIKI石巻中里,マイジャグラーV,1100,,1735,,https://min-repo.com/3357899/?kishu=all
2026-09-17,21SEIKI石巻中里,マイジャグラーV,1088,,1660,,https://min-repo.com/3357899/?kishu=all
2026-09-17,21SEIKI石巻中里,マイジャグラーV,1087,,4262,,https://min-repo.com/3357899/?kishu=all
2026-09-17,21SEIKI石巻中里,マイジャグラーV,1086,,7641,,https://min-repo.com/3357899/?kishu=all
2026-09-17,21SEIKI石巻中里,マイジャグラーV,1085,1,8508,100.0,https://min-repo.com/3357899/?kishu=all
2026-09-17,21SEIKI石巻中里,マイジャグラーV,1083,,714,,https://min-repo.com/3357899/?kishu=all
2026-09-17,21SEIKI石巻中里,マイジャグラーV,1082,,1958,,https://min-repo.com/3357899/?kishu=all
2026-09-17,21SEIKI石巻中里,マイジャグラーV,1081,,6286,,https://min-repo.com/3357899/?kishu=all
2026-09-17,21SEIKI石巻中里,マイジャグラーV,1080,1,5260,100.0,https://min-repo.com/3357899/?kishu=all
2026-09-17,21SEIKI石巻中里,マイジャグラーV,1078,,3513,,https://min-repo.com/3357899/?kishu=all
2026-09-17,21SEIKI石巻中里,マイジャグラーV,1077,1,8679,100.0,https://min-repo.com/3357899/?kishu=all
2026-09-17,21SEIKI石巻中里,マイジャグラーV,1076,,2405,,https://min-repo.com/3357899/?kishu=all
2026-09-17,21SEIKI石巻中里,マイジャグラーV,1075,,1521,,https://min-repo.com/3357899/?kishu=all
2026-09-17,21SEIKI石巻中里,マイジャグラーV,1073,,5348,,https://min-repo.com/3357899/?kishu=all
2026-09-17,21SEIKI石巻中里,マイジャグラーV,1072,,7225,,https://min-repo.com/3357899/?kishu=all
2026-09-17,21SEIKI石巻中里,マイジャグラーV,1071,,1398,,https://min-repo.com/3357899/?kishu=all
2026-09-17,21SEIKI石巻中里,マイジャグラーV,1070,,1794,,https://min-repo.com/3357899/?kishu=all
2026-09-17,21SEIKI石巻中里,マイジャグラーV,1068,1,4292,100.0,https://min-repo.com/3357899/?kishu=all
2026-09-17,21SEIKI石巻中里,マイジャグラーV,1067,,7776,,https://min-repo.com/3357899/?kishu=all
2026-09-17,21SEIKI石巻中里,マイジャグラーV,1066,,907,,https://min-repo.com/3357899/?kishu=all
2026-09-17,21SEIKI石巻中里,マイジャグラーV,1065,,5816,,https://min-repo.com/3357899/?kishu=all
2026-09-17,21SEIKI石巻中里,マイジャグラーV,1063,1,6860,100.0,https://min-repo.com/3357899/?kishu=all
2026-09-17,21SEIKI石巻中里,マイジャグラーV,1062,1,6669,100.0,https://min-repo.com/3357899/?kishu=all
2026-09-17,21SEIKI石巻中里,マイジャグラーV,1061,,2772,,https://min-repo.com/3357899/?kishu=all
2026-09-17,21SEIKI石巻中里,ファンキージャグラー２ＫＴ,1037,,1179,,https://min-repo.com/3357899/?kishu=all
2026-09-17,21SEIKI石巻中里,ファンキージャグラー２ＫＴ,1036,,1628,,https://min-repo.com/3357899/?kishu=all
2026-09-17,21SEIKI石巻中里,ファンキージャグラー２ＫＴ,1035,,881,,https://min-repo.com/3357899/?kishu=all
2026-09-17,21SEIKI石巻中里,ファンキージャグラー２ＫＴ,1033,,4845,,https://min-repo.com/3357899/?kishu=all
2026-09-17,21SEIKI石巻中里,ファンキージャグラー２ＫＴ,1032,,1267,,https://min-repo.com/3357899/?kishu=all
2026-09-17,21SEIKI石巻中里,ファンキージャグラー２ＫＴ,1031,,2227,,https://min-repo.com/3357899/?kishu=all
2026-09-17,21SEIKI石巻中里,ファンキージャグラー２ＫＴ,1030,1,2219,100.0,https://min-repo.com/3357899/?kishu=all
2026-09-17,21SEIKI石巻中里,ファンキージャグラー２ＫＴ,1028,1,1552,100.0,https://min-repo.com/3357899/?kishu=all
2026-09-17,21SEIKI石巻中里,ファンキージャグラー２ＫＴ,1027,1,6282,100.0,https://min-repo.com/3357899/?kishu=all
2026-09-17,21SEIKI石巻中里,ファンキージャグラー２ＫＴ,1026,1,6021,100.0,https://min-repo.com/3357899/?kishu=all
2026-09-17,21SEIKI石巻中里,パチスロ　ディスクアップ２,1126,1,1409,100.0,https://min-repo.com/3357899/?kishu=all
2026-09-17,21SEIKI石巻中里,パチスロ　ディスクアップ２,1125,,6669,,https://min-repo.com/3357899/?kishu=all
2026-09-17,21SEIKI石巻中里,パチスロ　ディスクアップ２,1123,,3802,,https://min-repo.com/3357899/?kishu=all
2026-09-17,21SEIKI石巻中里,バーサスリヴァイズ,1127,1,3472,100.0,https://min-repo.com/3357899/?kishu=all
2026-09-17,21SEIKI石巻中里,ハッピージャグラーＶＩＩＩ,1060,,1053,,https://min-repo.com/3357899/?kishu=all
2026-09-17,21SEIKI石巻中里,ハッピージャグラーＶＩＩＩ,1058,,1067,,https://min-repo.com/3357899/?kishu=all
2026-09-17,21SEIKI石巻中里,ハッピージャグラーＶＩＩＩ,1057,,1494,,https://min-repo.com/3357899/?kishu=all
2026-09-17,21SEIKI石巻中里,ハッピージャグラーＶＩＩＩ,1056,,4209,,https://min-repo.com/3357899/?kishu=all
2026-09-17,21SEIKI石巻中里,ハッピージャグラーＶＩＩＩ,1055,,1371,,https://min-repo.com/3357899/?kishu=all
2026-09-17,21SEIKI石巻中里,ハッピージャグラーＶＩＩＩ,1053,1,4057,100.0,https://min-repo.com/3357899/?kishu=all
2026-09-17,21SEIKI石巻中里,ハッピージャグラーＶＩＩＩ,1052,,3435,,https://min-repo.com/3357899/?kishu=all
2026-09-17,21SEIKI石巻中里,ハッピージャグラーＶＩＩＩ,1051,,1314,,https://min-repo.com/3357899/?kishu=all
2026-09-17,21SEIKI石巻中里,ハッピージャグラーＶＩＩＩ,1050,,888,,https://min-repo.com/3357899/?kishu=all
2026-09-17,21SEIKI石巻中里,ハッピージャグラーＶＩＩＩ,1038,,1661,,https://min-repo.com/3357899/?kishu=all
2026-09-17,21SEIKI石巻中里,ネオアイムジャグラーEX,865,,2608,,https://min-repo.com/3357899/?kishu=all
2026-09-17,21SEIKI石巻中里,ネオアイムジャグラーEX,863,,1885,,https://min-repo.com/3357899/?kishu=all
2026-09-17,21SEIKI石巻中里,ネオアイムジャグラーEX,862,1,2370,100.0,https://min-repo.com/3357899/?kishu=all
2026-09-17,21SEIKI石巻中里,ネオアイムジャグラーEX,861,,2690,,https://min-repo.com/3357899/?kishu=all
2026-09-17,21SEIKI石巻中里,ネオアイムジャグラーEX,860,,2383,,https://min-repo.com/3357899/?kishu=all
2026-09-17,21SEIKI石巻中里,ネオアイムジャグラーEX,858,,3784,,https://min-repo.com/3357899/?kishu=all
2026-09-17,21SEIKI石巻中里,ネオアイムジャグラーEX,857,,1557,,https://min-repo.com/3357899/?kishu=all
2026-09-17,21SEIKI石巻中里,ネオアイムジャグラーEX,856,1,4754,100.0,https://min-repo.com/3357899/?kishu=all
2026-09-17,21SEIKI石巻中里,ネオアイムジャグラーEX,855,,1957,,https://min-repo.com/3357899/?kishu=all
2026-09-17,21SEIKI石巻中里,ネオアイムジャグラーEX,853,,2924,,https://min-repo.com/3357899/?kishu=all
2026-09-17,21SEIKI石巻中里,ニューパルサーSP4 with 太鼓の達人,1132,,2379,,https://min-repo.com/3357899/?kishu=all
2026-09-17,21SEIKI石巻中里,ドラゴンハナハナ～閃光～‐30,723,1,4113,100.0,https://min-repo.com/3357899/?kishu=all
2026-09-17,21SEIKI石巻中里,ドラゴンハナハナ～閃光～‐30,722,1,5136,100.0,https://min-repo.com/3357899/?kishu=all
2026-09-17,21SEIKI石巻中里,ドラゴンハナハナ～閃光～‐30,721,,1486,,https://min-repo.com/3357899/?kishu=all
2026-09-17,21SEIKI石巻中里,チバリヨ2,830,,138,,https://min-repo.com/3357899/?kishu=all
2026-09-17,21SEIKI石巻中里,チバリヨ2,828,,386,,https://min-repo.com/3357899/?kishu=all
2026-09-17,21SEIKI石巻中里,チバリヨ2,827,,713,,https://min-repo.com/3357899/?kishu=all
2026-09-17,21SEIKI石巻中里,スロット ワールドダイスター,1577,,2910,,https://min-repo.com/3357899/?kishu=all
2026-09-17,21SEIKI石巻中里,スロット ソードアート・オンラインⅡ,1571,,2256,,https://min-repo.com/3357899/?kishu=all
2026-09-17,21SEIKI石巻中里,スマート沖スロ ダークハイビ,816,1,317,100.1,https://min-repo.com/3357899/?kishu=all
2026-09-17,21SEIKI石巻中里,スマート沖スロ ダークハイビ,815,,1449,,https://min-repo.com/3357899/?kishu=all
2026-09-17,21SEIKI石巻中里,スマート沖スロ ダークハイビ,813,,1430,,https://min-repo.com/3357899/?kishu=all
2026-09-17,21SEIKI石巻中里,スマート沖スロ ダークハイビ,812,1,498,100.1,https://min-repo.com/3357899/?kishu=all
2026-09-17,21SEIKI石巻中里,スマート沖スロ ダークハイビ,811,1,885,100.0,https://min-repo.com/3357899/?kishu=all
2026-09-17,21SEIKI石巻中里,スマスロ鉄拳6,1556,,969,,https://min-repo.com/3357899/?kishu=all
2026-09-17,21SEIKI石巻中里,スマスロ秘宝伝,1568,1,240,100.1,https://min-repo.com/3357899/?kishu=all
2026-09-17,21SEIKI石巻中里,スマスロ痛いのは嫌なので防御力に極振りしたいと思います。,1567,,263,,https://min-repo.com/3357899/?kishu=all
2026-09-17,21SEIKI石巻中里,スマスロ新鬼武者3,1551,,1804,,https://min-repo.com/3357899/?kishu=all
2026-09-17,21SEIKI石巻中里,スマスロ北斗の拳 転生の章2,780,,2048,,https://min-repo.com/3357899/?kishu=all
2026-09-17,21SEIKI石巻中里,スマスロ北斗の拳 転生の章2,778,,450,,https://min-repo.com/3357899/?kishu=all
2026-09-17,21SEIKI石巻中里,スマスロ北斗の拳 転生の章2,777,,1045,,https://min-repo.com/3357899/?kishu=all
2026-09-17,21SEIKI石巻中里,スマスロ北斗の拳 転生の章2,776,,2981,,https://min-repo.com/3357899/?kishu=all
2026-09-17,21SEIKI石巻中里,スマスロ北斗の拳 転生の章2,775,1,6552,100.0,https://min-repo.com/3357899/?kishu=all
2026-09-17,21SEIKI石巻中里,スマスロ北斗の拳 転生の章2,773,,1298,,https://min-repo.com/3357899/?kishu=all
2026-09-17,21SEIKI石巻中里,スマスロ北斗の拳 転生の章2,772,,4281,,https://min-repo.com/3357899/?kishu=all
2026-09-17,21SEIKI石巻中里,スマスロ北斗の拳 転生の章2,771,,1387,,https://min-repo.com/3357899/?kishu=all
2026-09-17,21SEIKI石巻中里,スマスロ化物語,1580,1,673,100.0,https://min-repo.com/3357899/?kishu=all
2026-09-17,21SEIKI石巻中里,スマスロ化物語,1578,,736,,https://min-repo.com/3357899/?kishu=all
2026-09-17,21SEIKI石巻中里,スマスロヨルムンガンド,1575,,1258,,https://min-repo.com/3357899/?kishu=all
2026-09-17,21SEIKI石巻中里,スマスロモンキーターンV,888,1,530,100.1,https://min-repo.com/3357899/?kishu=all
2026-09-17,21SEIKI石巻中里,スマスロモンキーターンV,887,,4427,,https://min-repo.com/3357899/?kishu=all
2026-09-17,21SEIKI石巻中里,スマスロモンキーターンV,886,,291,,https://min-repo.com/3357899/?kishu=all
2026-09-17,21SEIKI石巻中里,スマスロモンキーターンV,885,1,598,100.1,https://min-repo.com/3357899/?kishu=all
2026-09-17,21SEIKI石巻中里,スマスロモンキーターンV,883,1,5278,100.0,https://min-repo.com/3357899/?kishu=all
2026-09-17,21SEIKI石巻中里,スマスロモンキーターンV,882,,1129,,https://min-repo.com/3357899/?kishu=all
2026-09-17,21SEIKI石巻中里,スマスロモンキーターンV,881,,502,,https://min-repo.com/3357899/?kishu=all
2026-09-17,21SEIKI石巻中里,スマスロモンキーターンV,1000,,2319,,https://min-repo.com/3357899/?kishu=all
2026-09-17,21SEIKI石巻中里,スマスロケロット5BT,1102,,1660,,https://min-repo.com/3357899/?kishu=all
2026-09-17,21SEIKI石巻中里,スマスロ 甲鉄城のカバネリ 海門決戦,762,1,1704,100.0,https://min-repo.com/3357899/?kishu=all
2026-09-17,21SEIKI石巻中里,スマスロ 甲鉄城のカバネリ 海門決戦,761,,2492,,https://min-repo.com/3357899/?kishu=all
2026-09-17,21SEIKI石巻中里,スマスロ 甲鉄城のカバネリ 海門決戦,760,,2177,,https://min-repo.com/3357899/?kishu=all
2026-09-17,21SEIKI石巻中里,スマスロ 甲鉄城のカバネリ 海門決戦,758,,385,,https://min-repo.com/3357899/?kishu=all
2026-09-17,21SEIKI石巻中里,スマスロ 甲鉄城のカバネリ 海門決戦,757,,469,,https://min-repo.com/3357899/?kishu=all
2026-09-17,21SEIKI石巻中里,スマスロ 甲鉄城のカバネリ 海門決戦,756,,625,,https://min-repo.com/3357899/?kishu=all
2026-09-17,21SEIKI石巻中里,スマスロ 沖ドキ!DUO アンコール,822,1,594,100.1,https://min-repo.com/3357899/?kishu=all
2026-09-17,21SEIKI石巻中里,スマスロ 沖ドキ!DUO アンコール,821,,5105,,https://min-repo.com/3357899/?kishu=all
2026-09-17,21SEIKI石巻中里,スマスロ 沖ドキ!DUO アンコール,820,1,113,100.3,https://min-repo.com/3357899/?kishu=all
2026-09-17,21SEIKI石巻中里,スマスロ 沖ドキ!DUO アンコール,818,,762,,https://min-repo.com/3357899/?kishu=all
2026-09-17,21SEIKI石巻中里,スマスロ 沖ドキ!DUO アンコール,817,,1858,,https://min-repo.com/3357899/?kishu=all
2026-09-17,21SEIKI石巻中里,スマスロ 東京リベンジャーズ,1553,,445,,https://min-repo.com/3357899/?kishu=all
2026-09-17,21SEIKI石巻中里,スマスロ 攻殻機動隊,1565,,321,,https://min-repo.com/3357899/?kishu=all
2026-09-17,21SEIKI石巻中里,スマスロ リコリス・リコイル,810,1,7778,100.0,https://min-repo.com/3357899/?kishu=all
2026-09-17,21SEIKI石巻中里,スマスロ リコリス・リコイル,808,,1837,,https://min-repo.com/3357899/?kishu=all
2026-09-17,21SEIKI石巻中里,スマスロ リコリス・リコイル,807,,3096,,https://min-repo.com/3357899/?kishu=all
2026-09-17,21SEIKI石巻中里,スマスロ リコリス・リコイル,806,,2671,,https://min-repo.com/3357899/?kishu=all
2026-09-17,21SEIKI石巻中里,スマスロ リコリス・リコイル,805,,8395,,https://min-repo.com/3357899/?kishu=all
2026-09-17,21SEIKI石巻中里,スマスロ リコリス・リコイル,803,1,8012,100.0,https://min-repo.com/3357899/?kishu=all
2026-09-17,21SEIKI石巻中里,スマスロ リコリス・リコイル,802,,1053,,https://min-repo.com/3357899/?kishu=all
2026-09-17,21SEIKI石巻中里,スマスロ リコリス・リコイル,801,,1638,,https://min-repo.com/3357899/?kishu=all
2026-09-17,21SEIKI石巻中里,スマスロ リコリス・リコイル,800,1,8252,100.0,https://min-repo.com/3357899/?kishu=all
2026-09-17,21SEIKI石巻中里,スマスロ リコリス・リコイル,788,1,4920,100.0,https://min-repo.com/3357899/?kishu=all
2026-09-17,21SEIKI石巻中里,スマスロ リコリス・リコイル,787,1,7723,100.0,https://min-repo.com/3357899/?kishu=all
2026-09-17,21SEIKI石巻中里,スマスロ リコリス・リコイル,786,,1758,,https://min-repo.com/3357899/?kishu=all
2026-09-17,21SEIKI石巻中里,スマスロ リコリス・リコイル,785,1,5866,100.0,https://min-repo.com/3357899/?kishu=all
2026-09-17,21SEIKI石巻中里,スマスロ リコリス・リコイル,783,,2714,,https://min-repo.com/3357899/?kishu=all
2026-09-17,21SEIKI石巻中里,スマスロ リコリス・リコイル,782,1,5446,100.0,https://min-repo.com/3357899/?kishu=all
2026-09-17,21SEIKI石巻中里,スマスロ リコリス・リコイル,781,,5026,,https://min-repo.com/3357899/?kishu=all
2026-09-17,21SEIKI石巻中里,スマスロ モンスターハンターライズ,1525,1,685,100.0,https://min-repo.com/3357899/?kishu=all
2026-09-17,21SEIKI石巻中里,スマスロ モンスターハンターライズ,1523,1,957,100.0,https://min-repo.com/3357899/?kishu=all
2026-09-17,21SEIKI石巻中里,スマスロ ミリオンゴッド-神々の軌跡-,1025,1,5360,100.0,https://min-repo.com/3357899/?kishu=all
2026-09-17,21SEIKI石巻中里,スマスロ ミリオンゴッド-神々の軌跡-,1023,,3463,,https://min-repo.com/3357899/?kishu=all
2026-09-17,21SEIKI石巻中里,スマスロ ミリオンゴッド-神々の軌跡-,1022,,5381,,https://min-repo.com/3357899/?kishu=all
2026-09-17,21SEIKI石巻中里,スマスロ ミリオンゴッド-神々の軌跡-,1021,1,4186,100.0,https://min-repo.com/3357899/?kishu=all
2026-09-17,21SEIKI石巻中里,スマスロ マギアレコード 魔法少女まどか☆マギカ外伝,1536,,427,,https://min-repo.com/3357899/?kishu=all
2026-09-17,21SEIKI石巻中里,スマスロ マギアレコード 魔法少女まどか☆マギカ外伝,1535,1,950,100.0,https://min-repo.com/3357899/?kishu=all
2026-09-17,21SEIKI石巻中里,スマスロ マギアレコード 魔法少女まどか☆マギカ外伝,1533,1,998,100.0,https://min-repo.com/3357899/?kishu=all
2026-09-17,21SEIKI石巻中里,スマスロ ビッグドリーム THE GOLDEN PUSHER,1560,0,0,,https://min-repo.com/3357899/?kishu=all
2026-09-17,21SEIKI石巻中里,スマスロ バイオハザードRE:3,1572,1,296,100.1,https://min-repo.com/3357899/?kishu=all
2026-09-17,21SEIKI石巻中里,スマスロ ハナビ,1120,,2963,,https://min-repo.com/3357899/?kishu=all
2026-09-17,21SEIKI石巻中里,スマスロ ハナビ,1118,,1571,,https://min-repo.com/3357899/?kishu=all
2026-09-17,21SEIKI石巻中里,スマスロ ハナビ,1117,1,8141,100.0,https://min-repo.com/3357899/?kishu=all
2026-09-17,21SEIKI石巻中里,スマスロ ハナビ,1116,1,7900,100.0,https://min-repo.com/3357899/?kishu=all
2026-09-17,21SEIKI石巻中里,スマスロ ハナビ,1115,,4628,,https://min-repo.com/3357899/?kishu=all
2026-09-17,21SEIKI石巻中里,スマスロ ハナビ,1113,1,6046,100.0,https://min-repo.com/3357899/?kishu=all
2026-09-17,21SEIKI石巻中里,スマスロ ハナビ,1112,1,7346,100.0,https://min-repo.com/3357899/?kishu=all
2026-09-17,21SEIKI石巻中里,スマスロ ハナビ,1111,,3998,,https://min-repo.com/3357899/?kishu=all
2026-09-17,21SEIKI石巻中里,スマスロ ハナビ,1110,1,9819,100.0,https://min-repo.com/3357899/?kishu=all
2026-09-17,21SEIKI石巻中里,スマスロ ハナビ,1108,,4142,,https://min-repo.com/3357899/?kishu=all
2026-09-17,21SEIKI石巻中里,スマスロ タコスロ,1107,1,5623,100.0,https://min-repo.com/3357899/?kishu=all
2026-09-17,21SEIKI石巻中里,スマスロ スーパーリオエース2,1550,,402,,https://min-repo.com/3357899/?kishu=all
2026-09-17,21SEIKI石巻中里,スマスロ スーパーリオエース2,1538,,1748,,https://min-repo.com/3357899/?kishu=all
2026-09-17,21SEIKI石巻中里,スマスロ スーパーリオエース2,1537,,279,,https://min-repo.com/3357899/?kishu=all
2026-09-17,21SEIKI石巻中里,スマスロ スーパーブラックジャック,1563,1,226,100.1,https://min-repo.com/3357899/?kishu=all
2026-09-17,21SEIKI石巻中里,スマスロ ストリートファイター6,1522,1,498,100.1,https://min-repo.com/3357899/?kishu=all
2026-09-17,21SEIKI石巻中里,スマスロ ストリートファイター6,1521,,1200,,https://min-repo.com/3357899/?kishu=all
2026-09-17,21SEIKI石巻中里,スマスロ ストリートファイター6,1520,,467,,https://min-repo.com/3357899/?kishu=all
2026-09-17,21SEIKI石巻中里,スマスロ ゴッドイーター リザレクション,1555,,284,,https://min-repo.com/3357899/?kishu=all
2026-09-17,21SEIKI石巻中里,スマスロ やじきた道中記参る！,1570,,830,,https://min-repo.com/3357899/?kishu=all
2026-09-17,21SEIKI石巻中里,スマスロ とある魔術の禁書目録2,880,,2218,,https://min-repo.com/3357899/?kishu=all
2026-09-17,21SEIKI石巻中里,スマスロ とある魔術の禁書目録2,878,,1570,,https://min-repo.com/3357899/?kishu=all
2026-09-17,21SEIKI石巻中里,スマスロ とある魔術の禁書目録2,877,1,2371,100.0,https://min-repo.com/3357899/?kishu=all
2026-09-17,21SEIKI石巻中里,スマスロ とある魔術の禁書目録2,876,,264,,https://min-repo.com/3357899/?kishu=all
2026-09-17,21SEIKI石巻中里,スターハナハナ-30,727,,1089,,https://min-repo.com/3357899/?kishu=all
2026-09-17,21SEIKI石巻中里,スターハナハナ-30,726,1,6050,100.0,https://min-repo.com/3357899/?kishu=all
2026-09-17,21SEIKI石巻中里,スターハナハナ-30,725,,947,,https://min-repo.com/3357899/?kishu=all
2026-09-17,21SEIKI石巻中里,ゴーゴージャグラー３,1180,,3606,,https://min-repo.com/3357899/?kishu=all
2026-09-17,21SEIKI石巻中里,ゴーゴージャグラー３,1178,,6862,,https://min-repo.com/3357899/?kishu=all
2026-09-17,21SEIKI石巻中里,ゴーゴージャグラー３,1177,,1864,,https://min-repo.com/3357899/?kishu=all
2026-09-17,21SEIKI石巻中里,ゴーゴージャグラー３,1176,,960,,https://min-repo.com/3357899/?kishu=all
2026-09-17,21SEIKI石巻中里,ゴーゴージャグラー３,1175,,1759,,https://min-repo.com/3357899/?kishu=all
2026-09-17,21SEIKI石巻中里,ゴーゴージャグラー３,1173,,2464,,https://min-repo.com/3357899/?kishu=all
2026-09-17,21SEIKI石巻中里,ゴーゴージャグラー３,1172,1,1829,100.0,https://min-repo.com/3357899/?kishu=all
2026-09-17,21SEIKI石巻中里,ゴーゴージャグラー３,1171,1,7443,100.0,https://min-repo.com/3357899/?kishu=all
2026-09-17,21SEIKI石巻中里,ゴーゴージャグラー３,1170,,320,,https://min-repo.com/3357899/?kishu=all
2026-09-17,21SEIKI石巻中里,ゴーゴージャグラー３,1168,1,8470,100.0,https://min-repo.com/3357899/?kishu=all
2026-09-17,21SEIKI石巻中里,ゴーゴージャグラー３,1167,1,4908,100.0,https://min-repo.com/3357899/?kishu=all
2026-09-17,21SEIKI石巻中里,ゴーゴージャグラー３,1166,,546,,https://min-repo.com/3357899/?kishu=all
2026-09-17,21SEIKI石巻中里,ゴーゴージャグラー３,1165,1,5257,100.0,https://min-repo.com/3357899/?kishu=all
2026-09-17,21SEIKI石巻中里,ゴーゴージャグラー３,1163,1,5066,100.0,https://min-repo.com/3357899/?kishu=all
2026-09-17,21SEIKI石巻中里,ゴーゴージャグラー３,1162,,711,,https://min-repo.com/3357899/?kishu=all
2026-09-17,21SEIKI石巻中里,ゴーゴージャグラー３,1161,1,3704,100.0,https://min-repo.com/3357899/?kishu=all
2026-09-17,21SEIKI石巻中里,ゴーゴージャグラー３,1160,,2165,,https://min-repo.com/3357899/?kishu=all
2026-09-17,21SEIKI石巻中里,ゴーゴージャグラー３,1158,,6602,,https://min-repo.com/3357899/?kishu=all
2026-09-17,21SEIKI石巻中里,ゴーゴージャグラー３,1157,,866,,https://min-repo.com/3357899/?kishu=all
2026-09-17,21SEIKI石巻中里,ゴーゴージャグラー３,1156,1,6355,100.0,https://min-repo.com/3357899/?kishu=all
2026-09-17,21SEIKI石巻中里,クレアの秘宝伝～はじまりの扉と太陽の石～ボーナストリガーver.,1105,1,2191,100.0,https://min-repo.com/3357899/?kishu=all
2026-09-17,21SEIKI石巻中里,クランキークレスト,1128,1,6815,100.0,https://min-repo.com/3357899/?kishu=all
2026-09-17,21SEIKI石巻中里,キングハナハナ-30,732,,743,,https://min-repo.com/3357899/?kishu=all
2026-09-17,21SEIKI石巻中里,キングハナハナ-30,731,1,7064,100.0,https://min-repo.com/3357899/?kishu=all
2026-09-17,21SEIKI石巻中里,キングハナハナ-30,730,1,2437,100.0,https://min-repo.com/3357899/?kishu=all
2026-09-17,21SEIKI石巻中里,キングハナハナ-30,728,,1260,,https://min-repo.com/3357899/?kishu=all
2026-09-17,21SEIKI石巻中里,ウルトラミラクルジャグラー,1138,,563,,https://min-repo.com/3357899/?kishu=all
2026-09-17,21SEIKI石巻中里,ウルトラミラクルジャグラー,1137,1,6407,100.0,https://min-repo.com/3357899/?kishu=all
2026-09-17,21SEIKI石巻中里,ウルトラミラクルジャグラー,1136,,489,,https://min-repo.com/3357899/?kishu=all
2026-09-17,21SEIKI石巻中里,ウルトラミラクルジャグラー,1135,,5631,,https://min-repo.com/3357899/?kishu=all
2026-09-17,21SEIKI石巻中里,ウルトラミラクルジャグラー,1133,,373,,https://min-repo.com/3357899/?kishu=all
2026-09-17,21SEIKI石巻中里,いざ！番長,1552,,1622,,https://min-repo.com/3357899/?kishu=all
2026-09-17,21SEIKI石巻中里,SアイムジャグラーＥＸ,852,,1583,,https://min-repo.com/3357899/?kishu=all
2026-09-17,21SEIKI石巻中里,SアイムジャグラーＥＸ,851,,1023,,https://min-repo.com/3357899/?kishu=all
2026-09-17,21SEIKI石巻中里,SアイムジャグラーＥＸ,850,,195,,https://min-repo.com/3357899/?kishu=all
2026-09-17,21SEIKI石巻中里,SアイムジャグラーＥＸ,838,1,6117,100.0,https://min-repo.com/3357899/?kishu=all
2026-09-17,21SEIKI石巻中里,SアイムジャグラーＥＸ,837,,1014,,https://min-repo.com/3357899/?kishu=all
2026-09-17,21SEIKI石巻中里,SアイムジャグラーＥＸ,836,1,6571,100.0,https://min-repo.com/3357899/?kishu=all
2026-09-17,21SEIKI石巻中里,SアイムジャグラーＥＸ,835,,709,,https://min-repo.com/3357899/?kishu=all
2026-09-17,21SEIKI石巻中里,SアイムジャグラーＥＸ,833,,1492,,https://min-repo.com/3357899/?kishu=all
2026-09-17,21SEIKI石巻中里,SアイムジャグラーＥＸ,832,1,6819,100.0,https://min-repo.com/3357899/?kishu=all
2026-09-17,21SEIKI石巻中里,SアイムジャグラーＥＸ,831,1,5699,100.0,https://min-repo.com/3357899/?kishu=all
2026-09-17,21SEIKI石巻中里,SHAKE BONUS TRIGGER,1106,,2893,,https://min-repo.com/3357899/?kishu=all
2026-09-17,21SEIKI石巻中里,L邪神ちゃんドロップキック,1557,,3690,,https://min-repo.com/3357899/?kishu=all
2026-09-17,21SEIKI石巻中里,L東京喰種,875,,4639,,https://min-repo.com/3357899/?kishu=all
2026-09-17,21SEIKI石巻中里,L東京喰種,873,1,2479,100.0,https://min-repo.com/3357899/?kishu=all
2026-09-17,21SEIKI石巻中里,L東京喰種,872,,6769,,https://min-repo.com/3357899/?kishu=all
2026-09-17,21SEIKI石巻中里,L東京喰種,871,1,1845,100.0,https://min-repo.com/3357899/?kishu=all
2026-09-17,21SEIKI石巻中里,L東京喰種,870,,2008,,https://min-repo.com/3357899/?kishu=all
2026-09-17,21SEIKI石巻中里,L東京喰種,868,,1457,,https://min-repo.com/3357899/?kishu=all
2026-09-17,21SEIKI石巻中里,L東京喰種,867,,3300,,https://min-repo.com/3357899/?kishu=all
2026-09-17,21SEIKI石巻中里,L東京喰種,866,,2331,,https://min-repo.com/3357899/?kishu=all
2026-09-17,21SEIKI石巻中里,L戦国乙女5 業火を穿つ宿焔の双刃,1015,,3371,,https://min-repo.com/3357899/?kishu=all
2026-09-17,21SEIKI石巻中里,L戦国乙女5 業火を穿つ宿焔の双刃,1013,,1445,,https://min-repo.com/3357899/?kishu=all
2026-09-17,21SEIKI石巻中里,L戦国乙女5 業火を穿つ宿焔の双刃,1012,1,1675,100.0,https://min-repo.com/3357899/?kishu=all
2026-09-17,21SEIKI石巻中里,L戦国乙女5 業火を穿つ宿焔の双刃,1011,,1589,,https://min-repo.com/3357899/?kishu=all
2026-09-17,21SEIKI石巻中里,L戦国乙女5 業火を穿つ宿焔の双刃,1010,,5302,,https://min-repo.com/3357899/?kishu=all
2026-09-17,21SEIKI石巻中里,L戦国乙女5 業火を穿つ宿焔の双刃,1008,1,217,100.2,https://min-repo.com/3357899/?kishu=all
2026-09-17,21SEIKI石巻中里,L戦国乙女5 業火を穿つ宿焔の双刃,1007,1,2139,100.0,https://min-repo.com/3357899/?kishu=all
2026-09-17,21SEIKI石巻中里,L南国育ち SPECIAL,1561,1,1718,100.0,https://min-repo.com/3357899/?kishu=all
2026-09-17,21SEIKI石巻中里,L不二子BT,1103,1,4154,100.0,https://min-repo.com/3357899/?kishu=all
2026-09-17,21SEIKI石巻中里,Lパチスロ革命機ヴァルヴレイヴ2,1515,,1275,,https://min-repo.com/3357899/?kishu=all
2026-09-17,21SEIKI石巻中里,Lパチスロ革命機ヴァルヴレイヴ2,1513,,1876,,https://min-repo.com/3357899/?kishu=all
2026-09-17,21SEIKI石巻中里,Lパチスロ革命機ヴァルヴレイヴ2,1512,,1645,,https://min-repo.com/3357899/?kishu=all
2026-09-17,21SEIKI石巻中里,Lパチスロ革命機ヴァルヴレイヴ2,1511,,3528,,https://min-repo.com/3357899/?kishu=all
2026-09-17,21SEIKI石巻中里,Lパチスロ炎炎ノ消防隊2,1518,,199,,https://min-repo.com/3357899/?kishu=all
2026-09-17,21SEIKI石巻中里,Lパチスロ炎炎ノ消防隊2,1517,1,865,100.0,https://min-repo.com/3357899/?kishu=all
2026-09-17,21SEIKI石巻中里,Lパチスロ炎炎ノ消防隊2,1516,,247,,https://min-repo.com/3357899/?kishu=all
2026-09-17,21SEIKI石巻中里,Lパチスロからくりサーカス2,1020,,456,,https://min-repo.com/3357899/?kishu=all
2026-09-17,21SEIKI石巻中里,Lパチスロからくりサーカス2,1018,,306,,https://min-repo.com/3357899/?kishu=all
2026-09-17,21SEIKI石巻中里,Lパチスロからくりサーカス2,1017,1,1791,100.0,https://min-repo.com/3357899/?kishu=all
2026-09-17,21SEIKI石巻中里,Lパチスロからくりサーカス2,1016,,1037,,https://min-repo.com/3357899/?kishu=all
2026-09-17,21SEIKI石巻中里,Lパチスロからくりサーカス,1558,,88,,https://min-repo.com/3357899/?kishu=all
2026-09-17,21SEIKI石巻中里,Lパチスロ かぐや様は告らせたい,1528,,25,,https://min-repo.com/3357899/?kishu=all
2026-09-17,21SEIKI石巻中里,Lパチスロ かぐや様は告らせたい,1527,1,1116,100.0,https://min-repo.com/3357899/?kishu=all
2026-09-17,21SEIKI石巻中里,Lパチスロ かぐや様は告らせたい,1526,,1526,,https://min-repo.com/3357899/?kishu=all
2026-09-17,21SEIKI石巻中里,Lタクトオーパス デスティニー,1566,,234,,https://min-repo.com/3357899/?kishu=all
2026-09-17,21SEIKI石巻中里,Lスマスロ北斗の拳,770,1,960,100.0,https://min-repo.com/3357899/?kishu=all
2026-09-17,21SEIKI石巻中里,Lスマスロ北斗の拳,768,,1209,,https://min-repo.com/3357899/?kishu=all
2026-09-17,21SEIKI石巻中里,Lスマスロ北斗の拳,767,1,1043,100.0,https://min-repo.com/3357899/?kishu=all
2026-09-17,21SEIKI石巻中里,Lスマスロ北斗の拳,766,1,2986,100.0,https://min-repo.com/3357899/?kishu=all
2026-09-17,21SEIKI石巻中里,Lスマスロ北斗の拳,765,1,512,100.1,https://min-repo.com/3357899/?kishu=all
2026-09-17,21SEIKI石巻中里,Lスマスロ北斗の拳,763,1,3436,100.0,https://min-repo.com/3357899/?kishu=all
2026-09-17,21SEIKI石巻中里,Lアズールレーン THE ANIMATION,1532,0,0,,https://min-repo.com/3357899/?kishu=all
2026-09-17,21SEIKI石巻中里,Lアズールレーン THE ANIMATION,1531,0,0,,https://min-repo.com/3357899/?kishu=all
2026-09-17,21SEIKI石巻中里,Lアズールレーン THE ANIMATION,1530,0,0,,https://min-repo.com/3357899/?kishu=all
2026-09-17,21SEIKI石巻中里,L ULTRAMAN 最終決戦,1562,,525,,https://min-repo.com/3357899/?kishu=all
2026-09-17,21SEIKI石巻中里,A-SLOT+ ディスクアップ ULTRAREMIX,1130,,7255,,https://min-repo.com/3357899/?kishu=all
2026-09-17,21SEIKI仙台愛子,黄門ちゃま喝２,1230,1,1004,100.0,https://min-repo.com/3357534/?kishu=all
2026-09-17,21SEIKI仙台愛子,真打 吉宗,1073,,4333,,https://min-repo.com/3357534/?kishu=all
2026-09-17,21SEIKI仙台愛子,真打 吉宗,1072,,2581,,https://min-repo.com/3357534/?kishu=all
2026-09-17,21SEIKI仙台愛子,真打 吉宗,1071,1,4352,100.0,https://min-repo.com/3357534/?kishu=all
2026-09-17,21SEIKI仙台愛子,沖ドキ！ＧＯＬＤ,1252,,742,,https://min-repo.com/3357534/?kishu=all
2026-09-17,21SEIKI仙台愛子,沖ドキ！ＧＯＬＤ,1251,1,329,100.1,https://min-repo.com/3357534/?kishu=all
2026-09-17,21SEIKI仙台愛子,沖ドキ！ＧＯＬＤ,1250,,1077,,https://min-repo.com/3357534/?kishu=all
2026-09-17,21SEIKI仙台愛子,沖ドキ！ＧＯＬＤ,1238,,2127,,https://min-repo.com/3357534/?kishu=all
2026-09-17,21SEIKI仙台愛子,沖ドキ！ＧＯＬＤ,1237,1,691,100.0,https://min-repo.com/3357534/?kishu=all
2026-09-17,21SEIKI仙台愛子,新ハナビ,1262,,2100,,https://min-repo.com/3357534/?kishu=all
2026-09-17,21SEIKI仙台愛子,新ハナビ,1261,,1231,,https://min-repo.com/3357534/?kishu=all
2026-09-17,21SEIKI仙台愛子,押忍！番長ＺＥＲＯ,1228,,1634,,https://min-repo.com/3357534/?kishu=all
2026-09-17,21SEIKI仙台愛子,押忍！番長ＺＥＲＯ,1227,,236,,https://min-repo.com/3357534/?kishu=all
2026-09-17,21SEIKI仙台愛子,押忍！番長ＺＥＲＯ,1226,,3057,,https://min-repo.com/3357534/?kishu=all
2026-09-17,21SEIKI仙台愛子,戦国コレクション6,1207,1,2852,100.0,https://min-repo.com/3357534/?kishu=all
2026-09-17,21SEIKI仙台愛子,戦国コレクション6,1206,,1747,,https://min-repo.com/3357534/?kishu=all
2026-09-17,21SEIKI仙台愛子,戦国コレクション6,1205,1,3335,100.0,https://min-repo.com/3357534/?kishu=all
2026-09-17,21SEIKI仙台愛子,吉宗,1181,,2061,,https://min-repo.com/3357534/?kishu=all
2026-09-17,21SEIKI仙台愛子,交響詩篇エウレカセブン HI-EVOLUTION ZERO TYPE-ART,1231,1,1598,100.0,https://min-repo.com/3357534/?kishu=all
2026-09-17,21SEIKI仙台愛子,ローティス,1272,,3413,,https://min-repo.com/3357534/?kishu=all
2026-09-17,21SEIKI仙台愛子,マイジャグラーV,1165,,4831,,https://min-repo.com/3357534/?kishu=all
2026-09-17,21SEIKI仙台愛子,マイジャグラーV,1163,1,5933,100.0,https://min-repo.com/3357534/?kishu=all
2026-09-17,21SEIKI仙台愛子,マイジャグラーV,1162,1,8777,100.0,https://min-repo.com/3357534/?kishu=all
2026-09-17,21SEIKI仙台愛子,マイジャグラーV,1161,,1385,,https://min-repo.com/3357534/?kishu=all
2026-09-17,21SEIKI仙台愛子,マイジャグラーV,1160,1,4504,100.0,https://min-repo.com/3357534/?kishu=all
2026-09-17,21SEIKI仙台愛子,マイジャグラーV,1158,1,4936,100.0,https://min-repo.com/3357534/?kishu=all
2026-09-17,21SEIKI仙台愛子,マイジャグラーV,1157,1,7245,100.0,https://min-repo.com/3357534/?kishu=all
2026-09-17,21SEIKI仙台愛子,マイジャグラーV,1156,,4601,,https://min-repo.com/3357534/?kishu=all
2026-09-17,21SEIKI仙台愛子,マイジャグラーV,1155,,4586,,https://min-repo.com/3357534/?kishu=all
2026-09-17,21SEIKI仙台愛子,マイジャグラーV,1153,,1297,,https://min-repo.com/3357534/?kishu=all
2026-09-17,21SEIKI仙台愛子,マイジャグラーV,1152,,5144,,https://min-repo.com/3357534/?kishu=all
2026-09-17,21SEIKI仙台愛子,マイジャグラーV,1151,,4399,,https://min-repo.com/3357534/?kishu=all
2026-09-17,21SEIKI仙台愛子,マイジャグラーV,1150,,1052,,https://min-repo.com/3357534/?kishu=all
2026-09-17,21SEIKI仙台愛子,マイジャグラーV,1138,,7541,,https://min-repo.com/3357534/?kishu=all
2026-09-17,21SEIKI仙台愛子,マイジャグラーV,1137,,2293,,https://min-repo.com/3357534/?kishu=all
2026-09-17,21SEIKI仙台愛子,マイジャグラーV,1130,,4464,,https://min-repo.com/3357534/?kishu=all
2026-09-17,21SEIKI仙台愛子,マイジャグラーV,1128,,4422,,https://min-repo.com/3357534/?kishu=all
2026-09-17,21SEIKI仙台愛子,マイジャグラーV,1127,,3052,,https://min-repo.com/3357534/?kishu=all
2026-09-17,21SEIKI仙台愛子,マイジャグラーV,1126,,570,,https://min-repo.com/3357534/?kishu=all
2026-09-17,21SEIKI仙台愛子,マイジャグラーV,1125,1,10522,100.0,https://min-repo.com/3357534/?kishu=all
2026-09-17,21SEIKI仙台愛子,マイジャグラーV,1123,,1590,,https://min-repo.com/3357534/?kishu=all
2026-09-17,21SEIKI仙台愛子,マイジャグラーV,1122,,2843,,https://min-repo.com/3357534/?kishu=all
2026-09-17,21SEIKI仙台愛子,マイジャグラーV,1121,,4926,,https://min-repo.com/3357534/?kishu=all
2026-09-17,21SEIKI仙台愛子,マイジャグラーV,1120,,2035,,https://min-repo.com/3357534/?kishu=all
2026-09-17,21SEIKI仙台愛子,マイジャグラーV,1118,1,8677,100.0,https://min-repo.com/3357534/?kishu=all
2026-09-17,21SEIKI仙台愛子,マイジャグラーV,1117,1,1438,100.0,https://min-repo.com/3357534/?kishu=all
2026-09-17,21SEIKI仙台愛子,マイジャグラーV,1116,1,5272,100.0,https://min-repo.com/3357534/?kishu=all
2026-09-17,21SEIKI仙台愛子,マイジャグラーV,1115,1,3802,100.0,https://min-repo.com/3357534/?kishu=all
2026-09-17,21SEIKI仙台愛子,マイジャグラーV,1113,1,5894,100.0,https://min-repo.com/3357534/?kishu=all
2026-09-17,21SEIKI仙台愛子,マイジャグラーV,1112,,3570,,https://min-repo.com/3357534/?kishu=all
2026-09-17,21SEIKI仙台愛子,マイジャグラーV,1111,,959,,https://min-repo.com/3357534/?kishu=all
2026-09-17,21SEIKI仙台愛子,マイジャグラーV,1110,,7232,,https://min-repo.com/3357534/?kishu=all
2026-09-17,21SEIKI仙台愛子,マイジャグラーV,1108,,2172,,https://min-repo.com/3357534/?kishu=all
2026-09-17,21SEIKI仙台愛子,マイジャグラーV,1107,1,5389,100.0,https://min-repo.com/3357534/?kishu=all
2026-09-17,21SEIKI仙台愛子,マイジャグラーV,1106,,1586,,https://min-repo.com/3357534/?kishu=all
2026-09-17,21SEIKI仙台愛子,ファンキージャグラー２ＫＴ,886,,4340,,https://min-repo.com/3357534/?kishu=all
2026-09-17,21SEIKI仙台愛子,ファンキージャグラー２ＫＴ,885,1,3612,100.0,https://min-repo.com/3357534/?kishu=all
2026-09-17,21SEIKI仙台愛子,ファンキージャグラー２ＫＴ,883,1,5884,100.0,https://min-repo.com/3357534/?kishu=all
2026-09-17,21SEIKI仙台愛子,ファンキージャグラー２ＫＴ,882,,2885,,https://min-repo.com/3357534/?kishu=all
2026-09-17,21SEIKI仙台愛子,ファンキージャグラー２ＫＴ,881,1,7221,100.0,https://min-repo.com/3357534/?kishu=all
2026-09-17,21SEIKI仙台愛子,ファンキージャグラー２ＫＴ,880,1,7067,100.0,https://min-repo.com/3357534/?kishu=all
2026-09-17,21SEIKI仙台愛子,ファンキージャグラー２ＫＴ,878,1,8300,100.0,https://min-repo.com/3357534/?kishu=all
2026-09-17,21SEIKI仙台愛子,ファンキージャグラー２ＫＴ,877,1,5059,100.0,https://min-repo.com/3357534/?kishu=all
2026-09-17,21SEIKI仙台愛子,ファンキージャグラー２ＫＴ,876,,3391,,https://min-repo.com/3357534/?kishu=all
2026-09-17,21SEIKI仙台愛子,パチスロ頭文字Ｄ,1235,,406,,https://min-repo.com/3357534/?kishu=all
2026-09-17,21SEIKI仙台愛子,パチスロ見える子ちゃん,1313,,2486,,https://min-repo.com/3357534/?kishu=all
2026-09-17,21SEIKI仙台愛子,パチスロ炎炎ノ消防隊,1233,,4724,,https://min-repo.com/3357534/?kishu=all
2026-09-17,21SEIKI仙台愛子,パチスロ　甲鉄城のカバネリ,1232,,1520,,https://min-repo.com/3357534/?kishu=all
2026-09-17,21SEIKI仙台愛子,パチスロ　ディスクアップ２,1266,1,2183,100.0,https://min-repo.com/3357534/?kishu=all
2026-09-17,21SEIKI仙台愛子,パチスロ ガメラ2,1236,1,544,100.1,https://min-repo.com/3357534/?kishu=all
2026-09-17,21SEIKI仙台愛子,バーサスリヴァイズ,1263,,2088,,https://min-repo.com/3357534/?kishu=all
2026-09-17,21SEIKI仙台愛子,ハッピージャグラーＶＩＩＩ,1016,,975,,https://min-repo.com/3357534/?kishu=all
2026-09-17,21SEIKI仙台愛子,ハッピージャグラーＶＩＩＩ,1015,1,6794,100.0,https://min-repo.com/3357534/?kishu=all
2026-09-17,21SEIKI仙台愛子,ハッピージャグラーＶＩＩＩ,1013,,769,,https://min-repo.com/3357534/?kishu=all
2026-09-17,21SEIKI仙台愛子,ハッピージャグラーＶＩＩＩ,1012,,4994,,https://min-repo.com/3357534/?kishu=all
2026-09-17,21SEIKI仙台愛子,ハッピージャグラーＶＩＩＩ,1011,1,6186,100.0,https://min-repo.com/3357534/?kishu=all
2026-09-17,21SEIKI仙台愛子,ネオアイムジャグラーEX,1260,1,4803,100.0,https://min-repo.com/3357534/?kishu=all
2026-09-17,21SEIKI仙台愛子,ネオアイムジャグラーEX,1258,,1537,,https://min-repo.com/3357534/?kishu=all
2026-09-17,21SEIKI仙台愛子,ネオアイムジャグラーEX,1257,,2413,,https://min-repo.com/3357534/?kishu=all
2026-09-17,21SEIKI仙台愛子,ネオアイムジャグラーEX,1256,,1563,,https://min-repo.com/3357534/?kishu=all
2026-09-17,21SEIKI仙台愛子,ネオアイムジャグラーEX,1255,1,3110,100.0,https://min-repo.com/3357534/?kishu=all
2026-09-17,21SEIKI仙台愛子,ニューパルサーSP4 with 太鼓の達人,1253,,1571,,https://min-repo.com/3357534/?kishu=all
2026-09-17,21SEIKI仙台愛子,スロット ワールドダイスター,1185,,688,,https://min-repo.com/3357534/?kishu=all
2026-09-17,21SEIKI仙台愛子,スロット ソードアート・オンラインⅡ,1186,,4704,,https://min-repo.com/3357534/?kishu=all
2026-09-17,21SEIKI仙台愛子,スマート沖スロ ダークハイビ,1271,,702,,https://min-repo.com/3357534/?kishu=all
2026-09-17,21SEIKI仙台愛子,スマート沖スロ ダークハイビ,1270,1,4229,100.0,https://min-repo.com/3357534/?kishu=all
2026-09-17,21SEIKI仙台愛子,スマート沖スロ ダークハイビ,1268,,2553,,https://min-repo.com/3357534/?kishu=all
2026-09-17,21SEIKI仙台愛子,スマート沖スロ ダークハイビ,1267,,1513,,https://min-repo.com/3357534/?kishu=all
2026-09-17,21SEIKI仙台愛子,スマート沖スロ スターハナハナ,1275,,1276,,https://min-repo.com/3357534/?kishu=all
2026-09-17,21SEIKI仙台愛子,スマスロ鉄拳6,1317,,138,,https://min-repo.com/3357534/?kishu=all
2026-09-17,21SEIKI仙台愛子,スマスロ秘宝伝,1287,,2852,,https://min-repo.com/3357534/?kishu=all
2026-09-17,21SEIKI仙台愛子,スマスロ北斗の拳 転生の章2,1060,,3873,,https://min-repo.com/3357534/?kishu=all
2026-09-17,21SEIKI仙台愛子,スマスロ北斗の拳 転生の章2,1058,,4292,,https://min-repo.com/3357534/?kishu=all
2026-09-17,21SEIKI仙台愛子,スマスロ北斗の拳 転生の章2,1057,,3845,,https://min-repo.com/3357534/?kishu=all
2026-09-17,21SEIKI仙台愛子,スマスロ北斗の拳 転生の章2,1056,,3183,,https://min-repo.com/3357534/?kishu=all
2026-09-17,21SEIKI仙台愛子,スマスロ化物語,1215,,995,,https://min-repo.com/3357534/?kishu=all
2026-09-17,21SEIKI仙台愛子,スマスロ化物語,1213,1,701,100.0,https://min-repo.com/3357534/?kishu=all
2026-09-17,21SEIKI仙台愛子,スマスロモンキーターンV,866,,4561,,https://min-repo.com/3357534/?kishu=all
2026-09-17,21SEIKI仙台愛子,スマスロモンキーターンV,865,,3677,,https://min-repo.com/3357534/?kishu=all
2026-09-17,21SEIKI仙台愛子,スマスロモンキーターンV,863,,1084,,https://min-repo.com/3357534/?kishu=all
2026-09-17,21SEIKI仙台愛子,スマスロモンキーターンV,862,1,5276,100.0,https://min-repo.com/3357534/?kishu=all
2026-09-17,21SEIKI仙台愛子,スマスロモンキーターンV,861,,1514,,https://min-repo.com/3357534/?kishu=all
2026-09-17,21SEIKI仙台愛子,スマスロモンキーターンV,860,1,6084,100.0,https://min-repo.com/3357534/?kishu=all
2026-09-17,21SEIKI仙台愛子,スマスロモンキーターンV,858,,1909,,https://min-repo.com/3357534/?kishu=all
2026-09-17,21SEIKI仙台愛子,スマスロネオプラネット,1308,1,622,100.1,https://min-repo.com/3357534/?kishu=all
2026-09-17,21SEIKI仙台愛子,スマスロケロット5BT,1285,,4693,,https://min-repo.com/3357534/?kishu=all
2026-09-17,21SEIKI仙台愛子,スマスロとある科学の超電磁砲2,1300,1,585,100.1,https://min-repo.com/3357534/?kishu=all
2026-09-17,21SEIKI仙台愛子,スマスロBIRDIE WING-Golf Girls’ Story-,1200,,1199,,https://min-repo.com/3357534/?kishu=all
2026-09-17,21SEIKI仙台愛子,スマスロ 甲鉄城のカバネリ 海門決戦,857,,1627,,https://min-repo.com/3357534/?kishu=all
2026-09-17,21SEIKI仙台愛子,スマスロ 甲鉄城のカバネリ 海門決戦,856,1,2878,100.0,https://min-repo.com/3357534/?kishu=all
2026-09-17,21SEIKI仙台愛子,スマスロ 甲鉄城のカバネリ 海門決戦,855,,2749,,https://min-repo.com/3357534/?kishu=all
2026-09-17,21SEIKI仙台愛子,スマスロ 甲鉄城のカバネリ 海門決戦,853,,2121,,https://min-repo.com/3357534/?kishu=all
2026-09-17,21SEIKI仙台愛子,スマスロ 甲鉄城のカバネリ 海門決戦,852,,1014,,https://min-repo.com/3357534/?kishu=all
2026-09-17,21SEIKI仙台愛子,スマスロ 甲鉄城のカバネリ 海門決戦,851,1,2485,100.0,https://min-repo.com/3357534/?kishu=all
2026-09-17,21SEIKI仙台愛子,スマスロ 沖ドキ!DUO アンコール,1273,,951,,https://min-repo.com/3357534/?kishu=all
2026-09-17,21SEIKI仙台愛子,スマスロ 東京リベンジャーズ,1286,,2035,,https://min-repo.com/3357534/?kishu=all
2026-09-17,21SEIKI仙台愛子,スマスロ 攻殻機動隊,1303,1,3513,100.0,https://min-repo.com/3357534/?kishu=all
2026-09-17,21SEIKI仙台愛子,スマスロ リコリス・リコイル,1055,,4795,,https://min-repo.com/3357534/?kishu=all
2026-09-17,21SEIKI仙台愛子,スマスロ リコリス・リコイル,1053,,1895,,https://min-repo.com/3357534/?kishu=all
2026-09-17,21SEIKI仙台愛子,スマスロ リコリス・リコイル,1052,1,5666,100.0,https://min-repo.com/3357534/?kishu=all
2026-09-17,21SEIKI仙台愛子,スマスロ リコリス・リコイル,1051,,4117,,https://min-repo.com/3357534/?kishu=all
2026-09-17,21SEIKI仙台愛子,スマスロ リコリス・リコイル,1050,,9447,,https://min-repo.com/3357534/?kishu=all
2026-09-17,21SEIKI仙台愛子,スマスロ リコリス・リコイル,1038,,2598,,https://min-repo.com/3357534/?kishu=all
2026-09-17,21SEIKI仙台愛子,スマスロ リコリス・リコイル,1037,,6950,,https://min-repo.com/3357534/?kishu=all
2026-09-17,21SEIKI仙台愛子,スマスロ リコリス・リコイル,1036,,6316,,https://min-repo.com/3357534/?kishu=all
2026-09-17,21SEIKI仙台愛子,スマスロ モンスターハンターライズ,1288,,1858,,https://min-repo.com/3357534/?kishu=all
2026-09-17,21SEIKI仙台愛子,スマスロ ミリオンゴッド-神々の軌跡-,1171,,3065,,https://min-repo.com/3357534/?kishu=all
2026-09-17,21SEIKI仙台愛子,スマスロ ミリオンゴッド-神々の軌跡-,1170,1,4045,100.0,https://min-repo.com/3357534/?kishu=all
2026-09-17,21SEIKI仙台愛子,スマスロ ミリオンゴッド-神々の軌跡-,1168,0,3212,100.0,https://min-repo.com/3357534/?kishu=all
2026-09-17,21SEIKI仙台愛子,スマスロ ミリオンゴッド-神々の軌跡-,1167,1,5222,100.0,https://min-repo.com/3357534/?kishu=all
2026-09-17,21SEIKI仙台愛子,スマスロ ミリオンゴッド-神々の軌跡-,1166,1,3878,100.0,https://min-repo.com/3357534/?kishu=all
2026-09-17,21SEIKI仙台愛子,スマスロ マギアレコード 魔法少女まどか☆マギカ外伝,1222,1,2013,100.0,https://min-repo.com/3357534/?kishu=all
2026-09-17,21SEIKI仙台愛子,スマスロ マギアレコード 魔法少女まどか☆マギカ外伝,1221,1,6064,100.0,https://min-repo.com/3357534/?kishu=all
2026-09-17,21SEIKI仙台愛子,スマスロ バイオハザードRE:3,1306,,186,,https://min-repo.com/3357534/?kishu=all
2026-09-17,21SEIKI仙台愛子,スマスロ ハナビ,1278,,1412,,https://min-repo.com/3357534/?kishu=all
2026-09-17,21SEIKI仙台愛子,スマスロ タコスロ,1280,1,7686,100.0,https://min-repo.com/3357534/?kishu=all
2026-09-17,21SEIKI仙台愛子,スマスロ スーパーリオエース2,1210,,615,,https://min-repo.com/3357534/?kishu=all
2026-09-17,21SEIKI仙台愛子,スマスロ スーパーリオエース2,1208,,120,,https://min-repo.com/3357534/?kishu=all
2026-09-17,21SEIKI仙台愛子,スマスロ スーパーブラックジャック,1320,0,0,,https://min-repo.com/3357534/?kishu=all
2026-09-17,21SEIKI仙台愛子,スマスロ スーパーブラックジャック,1318,1,2412,100.0,https://min-repo.com/3357534/?kishu=all
2026-09-17,21SEIKI仙台愛子,スマスロ ストリートファイター6,1203,0,0,,https://min-repo.com/3357534/?kishu=all
2026-09-17,21SEIKI仙台愛子,スマスロ ストリートファイター6,1202,1,685,100.0,https://min-repo.com/3357534/?kishu=all
2026-09-17,21SEIKI仙台愛子,スマスロ ストリートファイター6,1201,,2249,,https://min-repo.com/3357534/?kishu=all
2026-09-17,21SEIKI仙台愛子,スマスロ ゴッドイーター リザレクション,1316,1,500,100.1,https://min-repo.com/3357534/?kishu=all
2026-09-17,21SEIKI仙台愛子,スマスロ やじきた道中記参る！,1180,1,953,100.0,https://min-repo.com/3357534/?kishu=all
2026-09-17,21SEIKI仙台愛子,スマスロ とんでもスキルで異世界放浪メシ,1301,1,1972,100.0,https://min-repo.com/3357534/?kishu=all
2026-09-17,21SEIKI仙台愛子,スマスロ とある魔術の禁書目録2,1176,,1174,,https://min-repo.com/3357534/?kishu=all
2026-09-17,21SEIKI仙台愛子,スマスロ とある魔術の禁書目録2,1175,,848,,https://min-repo.com/3357534/?kishu=all
2026-09-17,21SEIKI仙台愛子,スマスロ とある魔術の禁書目録2,1173,,243,,https://min-repo.com/3357534/?kishu=all
2026-09-17,21SEIKI仙台愛子,スマスロ とある魔術の禁書目録2,1172,,2450,,https://min-repo.com/3357534/?kishu=all
2026-09-17,21SEIKI仙台愛子,ジャグラーガールズSS,1136,1,3787,100.0,https://min-repo.com/3357534/?kishu=all
2026-09-17,21SEIKI仙台愛子,ジャグラーガールズSS,1135,,3462,,https://min-repo.com/3357534/?kishu=all
2026-09-17,21SEIKI仙台愛子,ジャグラーガールズSS,1133,1,5023,100.0,https://min-repo.com/3357534/?kishu=all
2026-09-17,21SEIKI仙台愛子,ジャグラーガールズSS,1132,,2340,,https://min-repo.com/3357534/?kishu=all
2026-09-17,21SEIKI仙台愛子,ジャグラーガールズSS,1131,1,4615,100.0,https://min-repo.com/3357534/?kishu=all
2026-09-17,21SEIKI仙台愛子,ゴーゴージャグラー３,1035,,7681,,https://min-repo.com/3357534/?kishu=all
2026-09-17,21SEIKI仙台愛子,ゴーゴージャグラー３,1033,,1390,,https://min-repo.com/3357534/?kishu=all
2026-09-17,21SEIKI仙台愛子,ゴーゴージャグラー３,1032,,6092,,https://min-repo.com/3357534/?kishu=all
2026-09-17,21SEIKI仙台愛子,ゴーゴージャグラー３,1031,,991,,https://min-repo.com/3357534/?kishu=all
2026-09-17,21SEIKI仙台愛子,ゴーゴージャグラー３,1030,,7301,,https://min-repo.com/3357534/?kishu=all
2026-09-17,21SEIKI仙台愛子,ゴーゴージャグラー３,1028,1,2733,100.0,https://min-repo.com/3357534/?kishu=all
2026-09-17,21SEIKI仙台愛子,ゴーゴージャグラー３,1027,1,2954,100.0,https://min-repo.com/3357534/?kishu=all
2026-09-17,21SEIKI仙台愛子,ゴーゴージャグラー３,1026,,4311,,https://min-repo.com/3357534/?kishu=all
2026-09-17,21SEIKI仙台愛子,ゴーゴージャグラー３,1025,,1283,,https://min-repo.com/3357534/?kishu=all
2026-09-17,21SEIKI仙台愛子,ゴーゴージャグラー３,1023,,6574,,https://min-repo.com/3357534/?kishu=all
2026-09-17,21SEIKI仙台愛子,ゴーゴージャグラー３,1022,,1270,,https://min-repo.com/3357534/?kishu=all
2026-09-17,21SEIKI仙台愛子,ゴーゴージャグラー３,1021,,4514,,https://min-repo.com/3357534/?kishu=all
2026-09-17,21SEIKI仙台愛子,ゴーゴージャグラー３,1020,1,5618,100.0,https://min-repo.com/3357534/?kishu=all
2026-09-17,21SEIKI仙台愛子,ゴーゴージャグラー３,1018,,491,,https://min-repo.com/3357534/?kishu=all
2026-09-17,21SEIKI仙台愛子,ゴーゴージャグラー３,1017,,7984,,https://min-repo.com/3357534/?kishu=all
2026-09-17,21SEIKI仙台愛子,クレアの秘宝伝～はじまりの扉と太陽の石～ボーナストリガーver.,1281,1,1750,100.0,https://min-repo.com/3357534/?kishu=all
2026-09-17,21SEIKI仙台愛子,クランキークレスト,1265,1,2169,100.0,https://min-repo.com/3357534/?kishu=all
2026-09-17,21SEIKI仙台愛子,ウルトラミラクルジャグラー,1010,1,5854,100.0,https://min-repo.com/3357534/?kishu=all
2026-09-17,21SEIKI仙台愛子,ウルトラミラクルジャグラー,1008,,3373,,https://min-repo.com/3357534/?kishu=all
2026-09-17,21SEIKI仙台愛子,ウルトラミラクルジャグラー,1007,,6154,,https://min-repo.com/3357534/?kishu=all
2026-09-17,21SEIKI仙台愛子,ウルトラミラクルジャグラー,1006,,6137,,https://min-repo.com/3357534/?kishu=all
2026-09-17,21SEIKI仙台愛子,ウルトラミラクルジャグラー,1005,,4092,,https://min-repo.com/3357534/?kishu=all
2026-09-17,21SEIKI仙台愛子,アレックス ブライト,1277,,1189,,https://min-repo.com/3357534/?kishu=all
2026-09-17,21SEIKI仙台愛子,いざ！番長,1220,,972,,https://min-repo.com/3357534/?kishu=all
2026-09-17,21SEIKI仙台愛子,いざ！番長,1218,1,3366,100.0,https://min-repo.com/3357534/?kishu=all
2026-09-17,21SEIKI仙台愛子,SアイムジャグラーＥＸ,888,1,4433,100.0,https://min-repo.com/3357534/?kishu=all
2026-09-17,21SEIKI仙台愛子,SアイムジャグラーＥＸ,887,,1807,,https://min-repo.com/3357534/?kishu=all
2026-09-17,21SEIKI仙台愛子,SアイムジャグラーＥＸ,1003,1,7914,100.0,https://min-repo.com/3357534/?kishu=all
2026-09-17,21SEIKI仙台愛子,SアイムジャグラーＥＸ,1002,,4984,,https://min-repo.com/3357534/?kishu=all
2026-09-17,21SEIKI仙台愛子,SアイムジャグラーＥＸ,1001,,2892,,https://min-repo.com/3357534/?kishu=all
2026-09-17,21SEIKI仙台愛子,SアイムジャグラーＥＸ,1000,,3057,,https://min-repo.com/3357534/?kishu=all
2026-09-17,21SEIKI仙台愛子,SHAKE BONUS TRIGGER,1282,,2389,,https://min-repo.com/3357534/?kishu=all
2026-09-17,21SEIKI仙台愛子,L麻雀格闘倶楽部　覚醒,1311,1,91,,https://min-repo.com/3357534/?kishu=all
2026-09-17,21SEIKI仙台愛子,L青春ブタ野郎はバニーガール先輩の夢を見ない,1183,,4662,,https://min-repo.com/3357534/?kishu=all
2026-09-17,21SEIKI仙台愛子,L邪神ちゃんドロップキック,1217,1,1374,100.0,https://min-repo.com/3357534/?kishu=all
2026-09-17,21SEIKI仙台愛子,L邪神ちゃんドロップキック,1216,1,2891,100.0,https://min-repo.com/3357534/?kishu=all
2026-09-17,21SEIKI仙台愛子,L無職転生～異世界行ったら本気だす～,1305,0,0,,https://min-repo.com/3357534/?kishu=all
2026-09-17,21SEIKI仙台愛子,L東京喰種,1105,1,4206,100.0,https://min-repo.com/3357534/?kishu=all
2026-09-17,21SEIKI仙台愛子,L東京喰種,1103,,1031,,https://min-repo.com/3357534/?kishu=all
2026-09-17,21SEIKI仙台愛子,L東京喰種,1102,,227,,https://min-repo.com/3357534/?kishu=all
2026-09-17,21SEIKI仙台愛子,L東京喰種,1101,,4486,,https://min-repo.com/3357534/?kishu=all
2026-09-17,21SEIKI仙台愛子,L東京喰種,1100,,544,,https://min-repo.com/3357534/?kishu=all
2026-09-17,21SEIKI仙台愛子,L東京喰種,1088,1,3804,100.0,https://min-repo.com/3357534/?kishu=all
2026-09-17,21SEIKI仙台愛子,L東京喰種,1087,,1833,,https://min-repo.com/3357534/?kishu=all
2026-09-17,21SEIKI仙台愛子,L東京喰種,1086,,4293,,https://min-repo.com/3357534/?kishu=all
2026-09-17,21SEIKI仙台愛子,L戦国乙女４　戦乱に閃く炯眼の軍師,1212,,96,,https://min-repo.com/3357534/?kishu=all
2026-09-17,21SEIKI仙台愛子,L戦国乙女４　戦乱に閃く炯眼の軍師,1211,,166,,https://min-repo.com/3357534/?kishu=all
2026-09-17,21SEIKI仙台愛子,L戦国乙女5 業火を穿つ宿焔の双刃,875,,5003,,https://min-repo.com/3357534/?kishu=all
2026-09-17,21SEIKI仙台愛子,L戦国乙女5 業火を穿つ宿焔の双刃,873,1,3357,100.0,https://min-repo.com/3357534/?kishu=all
2026-09-17,21SEIKI仙台愛子,L戦国乙女5 業火を穿つ宿焔の双刃,872,,5636,,https://min-repo.com/3357534/?kishu=all
2026-09-17,21SEIKI仙台愛子,L戦国乙女5 業火を穿つ宿焔の双刃,871,,3976,,https://min-repo.com/3357534/?kishu=all
2026-09-17,21SEIKI仙台愛子,L戦国乙女5 業火を穿つ宿焔の双刃,870,,2553,,https://min-repo.com/3357534/?kishu=all
2026-09-17,21SEIKI仙台愛子,L戦国乙女5 業火を穿つ宿焔の双刃,868,,3712,,https://min-repo.com/3357534/?kishu=all
2026-09-17,21SEIKI仙台愛子,L戦国乙女5 業火を穿つ宿焔の双刃,867,,2999,,https://min-repo.com/3357534/?kishu=all
2026-09-17,21SEIKI仙台愛子,L南国育ち SPECIAL,1310,,3440,,https://min-repo.com/3357534/?kishu=all
2026-09-17,21SEIKI仙台愛子,L主役は銭形5,1188,1,1372,100.0,https://min-repo.com/3357534/?kishu=all
2026-09-17,21SEIKI仙台愛子,L不二子BT,1283,1,1264,100.0,https://min-repo.com/3357534/?kishu=all
2026-09-17,21SEIKI仙台愛子,Lルパン三世 大航海者の秘宝,1187,,926,,https://min-repo.com/3357534/?kishu=all
2026-09-17,21SEIKI仙台愛子,Lラブ嬢3～Wご指名はいかがですか?～,1312,1,780,100.0,https://min-repo.com/3357534/?kishu=all
2026-09-17,21SEIKI仙台愛子,Lパチスロ革命機ヴァルヴレイヴ2,1077,,368,,https://min-repo.com/3357534/?kishu=all
2026-09-17,21SEIKI仙台愛子,Lパチスロ革命機ヴァルヴレイヴ2,1076,,733,,https://min-repo.com/3357534/?kishu=all
2026-09-17,21SEIKI仙台愛子,Lパチスロ革命機ヴァルヴレイヴ2,1075,,2984,,https://min-repo.com/3357534/?kishu=all
2026-09-17,21SEIKI仙台愛子,Lパチスロ炎炎ノ消防隊2,1070,,3918,,https://min-repo.com/3357534/?kishu=all
2026-09-17,21SEIKI仙台愛子,Lパチスロ炎炎ノ消防隊2,1068,,1548,,https://min-repo.com/3357534/?kishu=all
2026-09-17,21SEIKI仙台愛子,Lパチスロ炎炎ノ消防隊2,1067,1,3472,100.0,https://min-repo.com/3357534/?kishu=all
2026-09-17,21SEIKI仙台愛子,Lパチスロ彼女、お借りします,1315,1,2442,100.0,https://min-repo.com/3357534/?kishu=all
2026-09-17,21SEIKI仙台愛子,Lパチスロ喰霊-零-Re,1307,,4690,,https://min-repo.com/3357534/?kishu=all
2026-09-17,21SEIKI仙台愛子,Lパチスロからくりサーカス2,1085,0,0,,https://min-repo.com/3357534/?kishu=all
2026-09-17,21SEIKI仙台愛子,Lパチスロからくりサーカス2,1083,0,0,,https://min-repo.com/3357534/?kishu=all
2026-09-17,21SEIKI仙台愛子,Lパチスロからくりサーカス2,1082,1,332,100.1,https://min-repo.com/3357534/?kishu=all
2026-09-17,21SEIKI仙台愛子,Lパチスロからくりサーカス2,1081,0,0,,https://min-repo.com/3357534/?kishu=all
2026-09-17,21SEIKI仙台愛子,Lパチスロからくりサーカス2,1080,,225,,https://min-repo.com/3357534/?kishu=all
2026-09-17,21SEIKI仙台愛子,Lパチスロからくりサーカス2,1078,,617,,https://min-repo.com/3357534/?kishu=all
2026-09-17,21SEIKI仙台愛子,Lパチスロからくりサーカス,1182,,86,,https://min-repo.com/3357534/?kishu=all
2026-09-17,21SEIKI仙台愛子,Lパチスロ かぐや様は告らせたい,1178,1,3822,100.0,https://min-repo.com/3357534/?kishu=all
2026-09-17,21SEIKI仙台愛子,Lパチスロ かぐや様は告らせたい,1177,,1661,,https://min-repo.com/3357534/?kishu=all
2026-09-17,21SEIKI仙台愛子,Lタクトオーパス デスティニー,1302,1,360,100.1,https://min-repo.com/3357534/?kishu=all
2026-09-17,21SEIKI仙台愛子,Lスマスロ北斗の拳,1066,,1808,,https://min-repo.com/3357534/?kishu=all
2026-09-17,21SEIKI仙台愛子,Lスマスロ北斗の拳,1065,,3443,,https://min-repo.com/3357534/?kishu=all
2026-09-17,21SEIKI仙台愛子,Lスマスロ北斗の拳,1063,1,635,100.1,https://min-repo.com/3357534/?kishu=all
2026-09-17,21SEIKI仙台愛子,Lスマスロ北斗の拳,1062,1,5306,100.0,https://min-repo.com/3357534/?kishu=all
2026-09-17,21SEIKI仙台愛子,Lスマスロ北斗の拳,1061,,1815,,https://min-repo.com/3357534/?kishu=all
2026-09-17,21SEIKI仙台愛子,Lアズールレーン THE ANIMATION,1225,1,476,100.1,https://min-repo.com/3357534/?kishu=all
2026-09-17,21SEIKI仙台愛子,Lアズールレーン THE ANIMATION,1223,,1738,,https://min-repo.com/3357534/?kishu=all
2026-09-17,21SEIKI仙台愛子,A-SLOT+ ディスクアップ ULTRAREMIX,1276,1,1143,100.0,https://min-repo.com/3357534/?kishu=all
2026-09-16,多賀城ひまわり,真打 吉宗,594,3940,1304,200.7,https://min-repo.com/3355872/?kishu=all
2026-09-16,多賀城ひまわり,真打 吉宗,593,,1761,,https://min-repo.com/3355872/?kishu=all
2026-09-16,多賀城ひまわり,真打 吉宗,592,,1815,,https://min-repo.com/3355872/?kishu=all
2026-09-16,多賀城ひまわり,真打 吉宗,591,,433,,https://min-repo.com/3355872/?kishu=all
2026-09-16,多賀城ひまわり,沖ドキ!ゴージャス 25Φ,671,,122,,https://min-repo.com/3355872/?kishu=all
2026-09-16,多賀城ひまわり,沖ドキ!ゴージャス 25Φ,670,1580,2337,122.5,https://min-repo.com/3355872/?kishu=all
2026-09-16,多賀城ひまわり,沖ドキ!ゴージャス 25Φ,669,,60,,https://min-repo.com/3355872/?kishu=all
2026-09-16,多賀城ひまわり,沖ドキ!ゴージャス 25Φ,668,,97,,https://min-repo.com/3355872/?kishu=all
2026-09-16,多賀城ひまわり,沖ドキ!ゴージャス 25Φ,667,,3382,,https://min-repo.com/3355872/?kishu=all
2026-09-16,多賀城ひまわり,沖ドキ!ゴージャス 25Φ,666,640,830,125.7,https://min-repo.com/3355872/?kishu=all
2026-09-16,多賀城ひまわり,沖ドキ!ゴージャス 25Φ,665,,61,,https://min-repo.com/3355872/?kishu=all
2026-09-16,多賀城ひまわり,沖ドキ!ゴージャス 25Φ,664,,3857,,https://min-repo.com/3355872/?kishu=all
2026-09-16,多賀城ひまわり,沖ドキ!ゴージャス 25Φ,663,,1950,,https://min-repo.com/3355872/?kishu=all
2026-09-16,多賀城ひまわり,沖ドキ!ゴージャス 25Φ,662,430,2025,107.1,https://min-repo.com/3355872/?kishu=all
2026-09-16,多賀城ひまわり,沖ドキ!ゴージャス 25Φ,661,1560,1617,132.2,https://min-repo.com/3355872/?kishu=all
2026-09-16,多賀城ひまわり,沖ドキ!ゴージャス 25Φ,660,1050,550,163.6,https://min-repo.com/3355872/?kishu=all
2026-09-16,多賀城ひまわり,沖ドキ!ゴージャス 25Φ,659,,1994,,https://min-repo.com/3355872/?kishu=all
2026-09-16,多賀城ひまわり,沖ドキ!ゴージャス 25Φ,658,350,933,112.5,https://min-repo.com/3355872/?kishu=all
2026-09-16,多賀城ひまわり,沖ドキ!ゴージャス 25Φ,657,830,337,182.1,https://min-repo.com/3355872/?kishu=all
2026-09-16,多賀城ひまわり,沖ドキ!ゴージャス 25Φ,656,610,4213,104.8,https://min-repo.com/3355872/?kishu=all
2026-09-16,多賀城ひまわり,沖ドキ!ゴージャス 25Φ,655,,61,,https://min-repo.com/3355872/?kishu=all
2026-09-16,多賀城ひまわり,沖ドキ!ゴージャス 25Φ,654,,745,,https://min-repo.com/3355872/?kishu=all
2026-09-16,多賀城ひまわり,沖ドキ!ゴージャス 25Φ,653,180,806,107.4,https://min-repo.com/3355872/?kishu=all
2026-09-16,多賀城ひまわり,沖ドキ!ゴージャス 25Φ,652,1400,1342,134.8,https://min-repo.com/3355872/?kishu=all
2026-09-16,多賀城ひまわり,沖ドキ!ゴージャス 25Φ,651,690,570,140.4,https://min-repo.com/3355872/?kishu=all
2026-09-16,多賀城ひまわり,沖ドキ!ゴージャス 25Φ,650,,78,,https://min-repo.com/3355872/?kishu=all
2026-09-16,多賀城ひまわり,戦国コレクション6,493,30,875,101.1,https://min-repo.com/3355872/?kishu=all
2026-09-16,多賀城ひまわり,戦国コレクション6,492,,868,,https://min-repo.com/3355872/?kishu=all
2026-09-16,多賀城ひまわり,戦国コレクション6,491,,3935,,https://min-repo.com/3355872/?kishu=all
2026-09-16,多賀城ひまわり,吉宗,561,0,0,,https://min-repo.com/3355872/?kishu=all
2026-09-16,多賀城ひまわり,ローティス,574,,573,,https://min-repo.com/3355872/?kishu=all
2026-09-16,多賀城ひまわり,マイジャグラーV,691,,2174,,https://min-repo.com/3355872/?kishu=all
2026-09-16,多賀城ひまわり,マイジャグラーV,690,840,8491,103.3,https://min-repo.com/3355872/?kishu=all
2026-09-16,多賀城ひまわり,マイジャグラーV,689,660,7860,102.8,https://min-repo.com/3355872/?kishu=all
2026-09-16,多賀城ひまわり,マイジャグラーV,688,,5475,,https://min-repo.com/3355872/?kishu=all
2026-09-16,多賀城ひまわり,マイジャグラーV,687,1230,6137,106.7,https://min-repo.com/3355872/?kishu=all
2026-09-16,多賀城ひまわり,マイジャグラーV,686,,2399,,https://min-repo.com/3355872/?kishu=all
2026-09-16,多賀城ひまわり,マイジャグラーV,685,,3967,,https://min-repo.com/3355872/?kishu=all
2026-09-16,多賀城ひまわり,マイジャグラーV,684,1520,9137,105.5,https://min-repo.com/3355872/?kishu=all
2026-09-16,多賀城ひまわり,マイジャグラーV,683,,2469,,https://min-repo.com/3355872/?kishu=all
2026-09-16,多賀城ひまわり,マイジャグラーV,638,160,3254,101.6,https://min-repo.com/3355872/?kishu=all
2026-09-16,多賀城ひまわり,マイジャグラーV,637,,3481,,https://min-repo.com/3355872/?kishu=all
2026-09-16,多賀城ひまわり,マイジャグラーV,636,110,6624,100.6,https://min-repo.com/3355872/?kishu=all
2026-09-16,多賀城ひまわり,マイジャグラーV,635,,2189,,https://min-repo.com/3355872/?kishu=all
2026-09-16,多賀城ひまわり,マイジャグラーV,634,4860,10249,115.8,https://min-repo.com/3355872/?kishu=all
2026-09-16,多賀城ひまわり,マイジャグラーV,633,,4767,,https://min-repo.com/3355872/?kishu=all
2026-09-16,多賀城ひまわり,マイジャグラーV,632,,1786,,https://min-repo.com/3355872/?kishu=all
2026-09-16,多賀城ひまわり,マイジャグラーV,631,,3457,,https://min-repo.com/3355872/?kishu=all
2026-09-16,多賀城ひまわり,マイジャグラーV,630,260,6720,101.3,https://min-repo.com/3355872/?kishu=all
2026-09-16,多賀城ひまわり,ファンキージャグラー２ＫＴ,704,,4068,,https://min-repo.com/3355872/?kishu=all
2026-09-16,多賀城ひまわり,ファンキージャグラー２ＫＴ,703,,888,,https://min-repo.com/3355872/?kishu=all
2026-09-16,多賀城ひまわり,ファンキージャグラー２ＫＴ,702,,722,,https://min-repo.com/3355872/?kishu=all
2026-09-16,多賀城ひまわり,ファンキージャグラー２ＫＴ,701,,3577,,https://min-repo.com/3355872/?kishu=all
2026-09-16,多賀城ひまわり,ファンキージャグラー２ＫＴ,700,,850,,https://min-repo.com/3355872/?kishu=all
2026-09-16,多賀城ひまわり,ファンキージャグラー２ＫＴ,699,,885,,https://min-repo.com/3355872/?kishu=all
2026-09-16,多賀城ひまわり,ファンキージャグラー２ＫＴ,698,140,4097,101.1,https://min-repo.com/3355872/?kishu=all
2026-09-16,多賀城ひまわり,ファンキージャグラー２ＫＴ,621,,4642,,https://min-repo.com/3355872/?kishu=all
2026-09-16,多賀城ひまわり,ファンキージャグラー２ＫＴ,620,,1636,,https://min-repo.com/3355872/?kishu=all
2026-09-16,多賀城ひまわり,ファンキージャグラー２ＫＴ,619,1450,5390,109.0,https://min-repo.com/3355872/?kishu=all
2026-09-16,多賀城ひまわり,ファンキージャグラー２ＫＴ,618,,3167,,https://min-repo.com/3355872/?kishu=all
2026-09-16,多賀城ひまわり,ファンキージャグラー２ＫＴ,617,,2141,,https://min-repo.com/3355872/?kishu=all
2026-09-16,多賀城ひまわり,ハッピージャグラーＶＩＩＩ,629,2460,3865,121.2,https://min-repo.com/3355872/?kishu=all
2026-09-16,多賀城ひまわり,ハッピージャグラーＶＩＩＩ,628,,413,,https://min-repo.com/3355872/?kishu=all
2026-09-16,多賀城ひまわり,ハッピージャグラーＶＩＩＩ,627,2040,6468,110.5,https://min-repo.com/3355872/?kishu=all
2026-09-16,多賀城ひまわり,ハッピージャグラーＶＩＩＩ,626,50,405,104.1,https://min-repo.com/3355872/?kishu=all
2026-09-16,多賀城ひまわり,ハッピージャグラーＶＩＩＩ,625,,4490,,https://min-repo.com/3355872/?kishu=all
2026-09-16,多賀城ひまわり,ハッピージャグラーＶＩＩＩ,624,,3068,,https://min-repo.com/3355872/?kishu=all
2026-09-16,多賀城ひまわり,ハッピージャグラーＶＩＩＩ,623,,3072,,https://min-repo.com/3355872/?kishu=all
2026-09-16,多賀城ひまわり,ハッピージャグラーＶＩＩＩ,622,,2243,,https://min-repo.com/3355872/?kishu=all
2026-09-16,多賀城ひまわり,ネオアイムジャグラーEX,682,630,7660,102.7,https://min-repo.com/3355872/?kishu=all
2026-09-16,多賀城ひまわり,ネオアイムジャグラーEX,681,110,888,104.1,https://min-repo.com/3355872/?kishu=all
2026-09-16,多賀城ひまわり,ネオアイムジャグラーEX,680,2220,8179,109.0,https://min-repo.com/3355872/?kishu=all
2026-09-16,多賀城ひまわり,ネオアイムジャグラーEX,679,,1931,,https://min-repo.com/3355872/?kishu=all
2026-09-16,多賀城ひまわり,ネオアイムジャグラーEX,678,130,2156,102.0,https://min-repo.com/3355872/?kishu=all
2026-09-16,多賀城ひまわり,ネオアイムジャグラーEX,677,,2055,,https://min-repo.com/3355872/?kishu=all
2026-09-16,多賀城ひまわり,ネオアイムジャグラーEX,676,,4194,,https://min-repo.com/3355872/?kishu=all
2026-09-16,多賀城ひまわり,ネオアイムジャグラーEX,675,,388,,https://min-repo.com/3355872/?kishu=all
2026-09-16,多賀城ひまわり,ネオアイムジャグラーEX,674,1690,8312,106.8,https://min-repo.com/3355872/?kishu=all
2026-09-16,多賀城ひまわり,ネオアイムジャグラーEX,673,,728,,https://min-repo.com/3355872/?kishu=all
2026-09-16,多賀城ひまわり,ネオアイムジャグラーEX,672,370,1948,106.3,https://min-repo.com/3355872/?kishu=all
2026-09-16,多賀城ひまわり,ネオアイムジャグラーEX,649,,1788,,https://min-repo.com/3355872/?kishu=all
2026-09-16,多賀城ひまわり,ネオアイムジャグラーEX,648,,3254,,https://min-repo.com/3355872/?kishu=all
2026-09-16,多賀城ひまわり,ネオアイムジャグラーEX,647,170,5914,101.0,https://min-repo.com/3355872/?kishu=all
2026-09-16,多賀城ひまわり,ネオアイムジャグラーEX,646,,1440,,https://min-repo.com/3355872/?kishu=all
2026-09-16,多賀城ひまわり,ネオアイムジャグラーEX,645,,584,,https://min-repo.com/3355872/?kishu=all
2026-09-16,多賀城ひまわり,ネオアイムジャグラーEX,644,2290,7924,109.6,https://min-repo.com/3355872/?kishu=all
2026-09-16,多賀城ひまわり,ネオアイムジャグラーEX,643,,192,,https://min-repo.com/3355872/?kishu=all
2026-09-16,多賀城ひまわり,ネオアイムジャグラーEX,642,500,3837,104.3,https://min-repo.com/3355872/?kishu=all
2026-09-16,多賀城ひまわり,ネオアイムジャグラーEX,641,,2348,,https://min-repo.com/3355872/?kishu=all
2026-09-16,多賀城ひまわり,ネオアイムジャグラーEX,640,,2420,,https://min-repo.com/3355872/?kishu=all
2026-09-16,多賀城ひまわり,ネオアイムジャグラーEX,639,,4200,,https://min-repo.com/3355872/?kishu=all
2026-09-16,多賀城ひまわり,スロット ワールドダイスター,488,,2573,,https://min-repo.com/3355872/?kishu=all
2026-09-16,多賀城ひまわり,スロット ワールドダイスター,487,,5243,,https://min-repo.com/3355872/?kishu=all
2026-09-16,多賀城ひまわり,スロット ソードアート・オンラインⅡ,506,940,5202,106.0,https://min-repo.com/3355872/?kishu=all
2026-09-16,多賀城ひまわり,スロット ソードアート・オンラインⅡ,505,760,4703,105.4,https://min-repo.com/3355872/?kishu=all
2026-09-16,多賀城ひまわり,スロット ソードアート・オンラインⅡ,504,1860,1805,134.3,https://min-repo.com/3355872/?kishu=all
2026-09-16,多賀城ひまわり,スロット ソードアート・オンラインⅡ,503,,4874,,https://min-repo.com/3355872/?kishu=all
2026-09-16,多賀城ひまわり,スマスロ新鬼武者3,614,3190,2866,137.1,https://min-repo.com/3355872/?kishu=all
2026-09-16,多賀城ひまわり,スマスロ新鬼武者3,613,,50,,https://min-repo.com/3355872/?kishu=all
2026-09-16,多賀城ひまわり,スマスロ北斗の拳 転生の章2,608,,44,,https://min-repo.com/3355872/?kishu=all
2026-09-16,多賀城ひまわり,スマスロ北斗の拳 転生の章2,607,,1204,,https://min-repo.com/3355872/?kishu=all
2026-09-16,多賀城ひまわり,スマスロ北斗の拳 転生の章2,606,,1064,,https://min-repo.com/3355872/?kishu=all
2026-09-16,多賀城ひまわり,スマスロ北斗の拳 転生の章2,605,,1660,,https://min-repo.com/3355872/?kishu=all
2026-09-16,多賀城ひまわり,スマスロ北斗の拳 転生の章2,604,,599,,https://min-repo.com/3355872/?kishu=all
2026-09-16,多賀城ひまわり,スマスロ北斗の拳 転生の章2,603,330,320,134.4,https://min-repo.com/3355872/?kishu=all
2026-09-16,多賀城ひまわり,スマスロ化物語,482,10,438,100.8,https://min-repo.com/3355872/?kishu=all
2026-09-16,多賀城ひまわり,スマスロ化物語,481,60,312,106.4,https://min-repo.com/3355872/?kishu=all
2026-09-16,多賀城ひまわり,スマスロモンキーターンV,542,,1180,,https://min-repo.com/3355872/?kishu=all
2026-09-16,多賀城ひまわり,スマスロモンキーターンV,541,,456,,https://min-repo.com/3355872/?kishu=all
2026-09-16,多賀城ひまわり,スマスロモンキーターンV,540,,1521,,https://min-repo.com/3355872/?kishu=all
2026-09-16,多賀城ひまわり,スマスロモンキーターンV,539,,1256,,https://min-repo.com/3355872/?kishu=all
2026-09-16,多賀城ひまわり,スマスロモンキーターンV,538,200,774,108.6,https://min-repo.com/3355872/?kishu=all
2026-09-16,多賀城ひまわり,スマスロモンキーターンV,537,410,2814,104.9,https://min-repo.com/3355872/?kishu=all
2026-09-16,多賀城ひまわり,スマスロモンキーターンV,536,,261,,https://min-repo.com/3355872/?kishu=all
2026-09-16,多賀城ひまわり,スマスロモンキーターンV,535,,591,,https://min-repo.com/3355872/?kishu=all
2026-09-16,多賀城ひまわり,スマスロモンキーターンV,534,,2350,,https://min-repo.com/3355872/?kishu=all
2026-09-16,多賀城ひまわり,スマスロモンキーターンV,533,,713,,https://min-repo.com/3355872/?kishu=all
2026-09-16,多賀城ひまわり,スマスロバジリスク～甲賀忍法帖～絆2 天膳 BLACK EDITION,484,150,1080,104.6,https://min-repo.com/3355872/?kishu=all
2026-09-16,多賀城ひまわり,スマスロバジリスク～甲賀忍法帖～絆2 天膳 BLACK EDITION,483,280,574,116.3,https://min-repo.com/3355872/?kishu=all
2026-09-16,多賀城ひまわり,スマスロケロット5BT,568,490,2439,106.7,https://min-repo.com/3355872/?kishu=all
2026-09-16,多賀城ひまわり,スマスロ 甲鉄城のカバネリ 海門決戦,550,,627,,https://min-repo.com/3355872/?kishu=all
2026-09-16,多賀城ひまわり,スマスロ 甲鉄城のカバネリ 海門決戦,549,,831,,https://min-repo.com/3355872/?kishu=all
2026-09-16,多賀城ひまわり,スマスロ 甲鉄城のカバネリ 海門決戦,548,40,1459,100.9,https://min-repo.com/3355872/?kishu=all
2026-09-16,多賀城ひまわり,スマスロ 甲鉄城のカバネリ 海門決戦,547,,707,,https://min-repo.com/3355872/?kishu=all
2026-09-16,多賀城ひまわり,スマスロ 甲鉄城のカバネリ 海門決戦,546,,643,,https://min-repo.com/3355872/?kishu=all
2026-09-16,多賀城ひまわり,スマスロ 甲鉄城のカバネリ 海門決戦,545,740,3154,107.8,https://min-repo.com/3355872/?kishu=all
2026-09-16,多賀城ひまわり,スマスロ 甲鉄城のカバネリ 海門決戦,544,,244,,https://min-repo.com/3355872/?kishu=all
2026-09-16,多賀城ひまわり,スマスロ 甲鉄城のカバネリ 海門決戦,543,520,1872,109.3,https://min-repo.com/3355872/?kishu=all
2026-09-16,多賀城ひまわり,スマスロ 沖ドキ!DUO アンコール,530,250,503,116.6,https://min-repo.com/3355872/?kishu=all
2026-09-16,多賀城ひまわり,スマスロ 沖ドキ!DUO アンコール,529,,32,,https://min-repo.com/3355872/?kishu=all
2026-09-16,多賀城ひまわり,スマスロ 東京リベンジャーズ,558,0,0,,https://min-repo.com/3355872/?kishu=all
2026-09-16,多賀城ひまわり,スマスロ 攻殻機動隊,563,,1067,,https://min-repo.com/3355872/?kishu=all
2026-09-16,多賀城ひまわり,スマスロ リコリス・リコイル,470,,5690,,https://min-repo.com/3355872/?kishu=all
2026-09-16,多賀城ひまわり,スマスロ リコリス・リコイル,469,560,7383,102.5,https://min-repo.com/3355872/?kishu=all
2026-09-16,多賀城ひまわり,スマスロ リコリス・リコイル,468,,3214,,https://min-repo.com/3355872/?kishu=all
2026-09-16,多賀城ひまわり,スマスロ リコリス・リコイル,467,800,8034,103.3,https://min-repo.com/3355872/?kishu=all
2026-09-16,多賀城ひまわり,スマスロ リコリス・リコイル,466,,4501,,https://min-repo.com/3355872/?kishu=all
2026-09-16,多賀城ひまわり,スマスロ リコリス・リコイル,465,,1649,,https://min-repo.com/3355872/?kishu=all
2026-09-16,多賀城ひまわり,スマスロ リコリス・リコイル,464,560,4971,103.8,https://min-repo.com/3355872/?kishu=all
2026-09-16,多賀城ひまわり,スマスロ リコリス・リコイル,463,1260,9171,104.6,https://min-repo.com/3355872/?kishu=all
2026-09-16,多賀城ひまわり,スマスロ モンスターハンターライズ,490,,1768,,https://min-repo.com/3355872/?kishu=all
2026-09-16,多賀城ひまわり,スマスロ モンスターハンターライズ,489,0,0,,https://min-repo.com/3355872/?kishu=all
2026-09-16,多賀城ひまわり,スマスロ ミリオンゴッド-神々の軌跡-,557,,219,,https://min-repo.com/3355872/?kishu=all
2026-09-16,多賀城ひまわり,スマスロ ミリオンゴッド-神々の軌跡-,556,,1908,,https://min-repo.com/3355872/?kishu=all
2026-09-16,多賀城ひまわり,スマスロ ミリオンゴッド-神々の軌跡-,555,,25,,https://min-repo.com/3355872/?kishu=all
2026-09-16,多賀城ひまわり,スマスロ ミリオンゴッド-神々の軌跡-,554,790,2005,113.1,https://min-repo.com/3355872/?kishu=all
2026-09-16,多賀城ひまわり,スマスロ ミリオンゴッド-神々の軌跡-,553,940,2239,114.0,https://min-repo.com/3355872/?kishu=all
2026-09-16,多賀城ひまわり,スマスロ ミリオンゴッド-神々の軌跡-,552,0,0,,https://min-repo.com/3355872/?kishu=all
2026-09-16,多賀城ひまわり,スマスロ ミリオンゴッド-神々の軌跡-,551,,2411,,https://min-repo.com/3355872/?kishu=all
2026-09-16,多賀城ひまわり,スマスロ マギアレコード 魔法少女まどか☆マギカ外伝,478,3280,2233,149.0,https://min-repo.com/3355872/?kishu=all
2026-09-16,多賀城ひまわり,スマスロ マギアレコード 魔法少女まどか☆マギカ外伝,477,,2072,,https://min-repo.com/3355872/?kishu=all
2026-09-16,多賀城ひまわり,スマスロ マギアレコード 魔法少女まどか☆マギカ外伝,476,,4404,,https://min-repo.com/3355872/?kishu=all
2026-09-16,多賀城ひまわり,スマスロ マギアレコード 魔法少女まどか☆マギカ外伝,475,,635,,https://min-repo.com/3355872/?kishu=all
2026-09-16,多賀城ひまわり,スマスロ バイオハザードRE:3,575,5850,2959,165.9,https://min-repo.com/3355872/?kishu=all
2026-09-16,多賀城ひまわり,スマスロ ハナビ,572,,1527,,https://min-repo.com/3355872/?kishu=all
2026-09-16,多賀城ひまわり,スマスロ ハナビ,571,310,890,111.6,https://min-repo.com/3355872/?kishu=all
2026-09-16,多賀城ひまわり,スマスロ タコスロ,564,,1981,,https://min-repo.com/3355872/?kishu=all
2026-09-16,多賀城ひまわり,スマスロ スーパーリオエース2,576,0,0,,https://min-repo.com/3355872/?kishu=all
2026-09-16,多賀城ひまわり,スマスロ スーパーブラックジャック,559,0,0,,https://min-repo.com/3355872/?kishu=all
2026-09-16,多賀城ひまわり,スマスロ ストリートファイター6,480,4990,2449,167.9,https://min-repo.com/3355872/?kishu=all
2026-09-16,多賀城ひまわり,スマスロ ストリートファイター6,479,,1133,,https://min-repo.com/3355872/?kishu=all
2026-09-16,多賀城ひまわり,スマスロ サンダーV,569,,577,,https://min-repo.com/3355872/?kishu=all
2026-09-16,多賀城ひまわり,スマスロ ゴッドイーター リザレクション,532,1130,1917,119.6,https://min-repo.com/3355872/?kishu=all
2026-09-16,多賀城ひまわり,スマスロ ゴッドイーター リザレクション,531,,1109,,https://min-repo.com/3355872/?kishu=all
2026-09-16,多賀城ひまわり,スマスロ やじきた道中記参る！,486,0,0,,https://min-repo.com/3355872/?kishu=all
2026-09-16,多賀城ひまわり,スマスロ やじきた道中記参る！,485,710,1778,113.3,https://min-repo.com/3355872/?kishu=all
2026-09-16,多賀城ひまわり,スマスロ とある魔術の禁書目録2,497,2880,1277,175.2,https://min-repo.com/3355872/?kishu=all
2026-09-16,多賀城ひまわり,スマスロ とある魔術の禁書目録2,496,,568,,https://min-repo.com/3355872/?kishu=all
2026-09-16,多賀城ひまわり,スマスロ とある魔術の禁書目録2,495,,1283,,https://min-repo.com/3355872/?kishu=all
2026-09-16,多賀城ひまわり,スマスロ とある魔術の禁書目録2,494,,1050,,https://min-repo.com/3355872/?kishu=all
2026-09-16,多賀城ひまわり,ゴーゴージャグラー３,697,,1464,,https://min-repo.com/3355872/?kishu=all
2026-09-16,多賀城ひまわり,ゴーゴージャグラー３,696,,3340,,https://min-repo.com/3355872/?kishu=all
2026-09-16,多賀城ひまわり,ゴーゴージャグラー３,695,,1822,,https://min-repo.com/3355872/?kishu=all
2026-09-16,多賀城ひまわり,ゴーゴージャグラー３,694,,2751,,https://min-repo.com/3355872/?kishu=all
2026-09-16,多賀城ひまわり,ゴーゴージャグラー３,693,,6492,,https://min-repo.com/3355872/?kishu=all
2026-09-16,多賀城ひまわり,ゴーゴージャグラー３,692,2900,4538,121.3,https://min-repo.com/3355872/?kishu=all
2026-09-16,多賀城ひまわり,クレアの秘宝伝～はじまりの扉と太陽の石～ボーナストリガーver.,567,,851,,https://min-repo.com/3355872/?kishu=all
2026-09-16,多賀城ひまわり,アレックス ブライト,570,,826,,https://min-repo.com/3355872/?kishu=all
2026-09-16,多賀城ひまわり,いざ！番長,580,,1115,,https://min-repo.com/3355872/?kishu=all
2026-09-16,多賀城ひまわり,SHAKE BONUS TRIGGER,566,,2595,,https://min-repo.com/3355872/?kishu=all
2026-09-16,多賀城ひまわり,L青春ブタ野郎はバニーガール先輩の夢を見ない,578,,7941,,https://min-repo.com/3355872/?kishu=all
2026-09-16,多賀城ひまわり,L邪神ちゃんドロップキック,562,6500,6715,132.3,https://min-repo.com/3355872/?kishu=all
2026-09-16,多賀城ひまわり,L東京喰種,602,,881,,https://min-repo.com/3355872/?kishu=all
2026-09-16,多賀城ひまわり,L東京喰種,601,,347,,https://min-repo.com/3355872/?kishu=all
2026-09-16,多賀城ひまわり,L東京喰種,600,,2886,,https://min-repo.com/3355872/?kishu=all
2026-09-16,多賀城ひまわり,L東京喰種,599,,577,,https://min-repo.com/3355872/?kishu=all
2026-09-16,多賀城ひまわり,L東京喰種,598,,765,,https://min-repo.com/3355872/?kishu=all
2026-09-16,多賀城ひまわり,L東京喰種,597,,590,,https://min-repo.com/3355872/?kishu=all
2026-09-16,多賀城ひまわり,L東京喰種,596,,1447,,https://min-repo.com/3355872/?kishu=all
2026-09-16,多賀城ひまわり,L東京喰種,595,,889,,https://min-repo.com/3355872/?kishu=all
2026-09-16,多賀城ひまわり,L戦国乙女5 業火を穿つ宿焔の双刃,502,,3943,,https://min-repo.com/3355872/?kishu=all
2026-09-16,多賀城ひまわり,L戦国乙女5 業火を穿つ宿焔の双刃,501,,1347,,https://min-repo.com/3355872/?kishu=all
2026-09-16,多賀城ひまわり,L戦国乙女5 業火を穿つ宿焔の双刃,500,,3162,,https://min-repo.com/3355872/?kishu=all
2026-09-16,多賀城ひまわり,L戦国乙女5 業火を穿つ宿焔の双刃,499,380,1779,107.1,https://min-repo.com/3355872/?kishu=all
2026-09-16,多賀城ひまわり,L戦国乙女5 業火を穿つ宿焔の双刃,498,,2547,,https://min-repo.com/3355872/?kishu=all
2026-09-16,多賀城ひまわり,L南国育ち SPECIAL,573,640,1635,113.0,https://min-repo.com/3355872/?kishu=all
2026-09-16,多賀城ひまわり,L不二子BT,565,670,352,163.4,https://min-repo.com/3355872/?kishu=all
2026-09-16,多賀城ひまわり,Lラブ嬢3～Wご指名はいかがですか?～,616,0,0,,https://min-repo.com/3355872/?kishu=all
2026-09-16,多賀城ひまわり,Lラブ嬢3～Wご指名はいかがですか?～,615,0,0,,https://min-repo.com/3355872/?kishu=all
2026-09-16,多賀城ひまわり,Lパチスロ革命機ヴァルヴレイヴ2,586,0,0,,https://min-repo.com/3355872/?kishu=all
2026-09-16,多賀城ひまわり,Lパチスロ革命機ヴァルヴレイヴ2,585,,1671,,https://min-repo.com/3355872/?kishu=all
2026-09-16,多賀城ひまわり,Lパチスロ革命機ヴァルヴレイヴ2,584,0,0,,https://min-repo.com/3355872/?kishu=all
2026-09-16,多賀城ひまわり,Lパチスロ革命機ヴァルヴレイヴ2,583,,611,,https://min-repo.com/3355872/?kishu=all
2026-09-16,多賀城ひまわり,Lパチスロ炎炎ノ消防隊2,474,360,2009,106.0,https://min-repo.com/3355872/?kishu=all
2026-09-16,多賀城ひまわり,Lパチスロ炎炎ノ消防隊2,473,,121,,https://min-repo.com/3355872/?kishu=all
2026-09-16,多賀城ひまわり,Lパチスロ炎炎ノ消防隊2,472,0,0,,https://min-repo.com/3355872/?kishu=all
2026-09-16,多賀城ひまわり,Lパチスロ炎炎ノ消防隊2,471,0,0,,https://min-repo.com/3355872/?kishu=all
2026-09-16,多賀城ひまわり,Lパチスロ彼女、お借りします,577,,6249,,https://min-repo.com/3355872/?kishu=all
2026-09-16,多賀城ひまわり,Lパチスロからくりサーカス2,590,3880,3757,134.4,https://min-repo.com/3355872/?kishu=all
2026-09-16,多賀城ひまわり,Lパチスロからくりサーカス2,589,,2808,,https://min-repo.com/3355872/?kishu=all
2026-09-16,多賀城ひまわり,Lパチスロからくりサーカス2,588,,372,,https://min-repo.com/3355872/?kishu=all
2026-09-16,多賀城ひまわり,Lパチスロからくりサーカス2,587,,72,,https://min-repo.com/3355872/?kishu=all
2026-09-16,多賀城ひまわり,Lパチスロからくりサーカス,582,,440,,https://min-repo.com/3355872/?kishu=all
2026-09-16,多賀城ひまわり,Lパチスロ かぐや様は告らせたい,560,,1222,,https://min-repo.com/3355872/?kishu=all
2026-09-16,多賀城ひまわり,Lスマスロ北斗の拳,612,1530,1019,150.0,https://min-repo.com/3355872/?kishu=all
2026-09-16,多賀城ひまわり,Lスマスロ北斗の拳,611,50,98,,https://min-repo.com/3355872/?kishu=all
2026-09-16,多賀城ひまわり,Lスマスロ北斗の拳,610,1170,686,156.9,https://min-repo.com/3355872/?kishu=all
2026-09-16,多賀城ひまわり,Lスマスロ北斗の拳,609,,1478,,https://min-repo.com/3355872/?kishu=all
2026-09-16,多賀城ひまわり,Lアズールレーン THE ANIMATION,579,0,0,,https://min-repo.com/3355872/?kishu=all
2026-09-16,多賀城ひまわり,L ToLOVEるダークネス,581,,534,,https://min-repo.com/3355872/?kishu=all
2026-09-16,メルヘンワールド涌谷店,ＳＬＯＴバジリスク〜甲賀忍法帖〜絆２,1136,,660,,https://min-repo.com/3355911/?kishu=all
2026-09-16,メルヘンワールド涌谷店,真打 吉宗,750,,1354,,https://min-repo.com/3355911/?kishu=all
2026-09-16,メルヘンワールド涌谷店,真打 吉宗,738,0,0,,https://min-repo.com/3355911/?kishu=all
2026-09-16,メルヘンワールド涌谷店,真打 吉宗,737,0,0,,https://min-repo.com/3355911/?kishu=all
2026-09-16,メルヘンワールド涌谷店,真打 吉宗,736,,1400,,https://min-repo.com/3355911/?kishu=all
2026-09-16,メルヘンワールド涌谷店,沖ドキ！BLACK,1177,,1039,,https://min-repo.com/3355911/?kishu=all
2026-09-16,メルヘンワールド涌谷店,沖ドキ！BLACK,1176,1,328,100.1,https://min-repo.com/3355911/?kishu=all
2026-09-16,メルヘンワールド涌谷店,沖ドキ！BLACK,1175,,490,,https://min-repo.com/3355911/?kishu=all
2026-09-16,メルヘンワールド涌谷店,沖ドキ！BLACK,1173,,541,,https://min-repo.com/3355911/?kishu=all
2026-09-16,メルヘンワールド涌谷店,沖ドキ！BLACK,1172,1,138,100.2,https://min-repo.com/3355911/?kishu=all
2026-09-16,メルヘンワールド涌谷店,沖ドキ！BLACK,1171,1,1798,100.0,https://min-repo.com/3355911/?kishu=all
2026-09-16,メルヘンワールド涌谷店,沖ドキ！BLACK,1170,,461,,https://min-repo.com/3355911/?kishu=all
2026-09-16,メルヘンワールド涌谷店,沖ドキ！BLACK,1168,1,588,100.1,https://min-repo.com/3355911/?kishu=all
2026-09-16,メルヘンワールド涌谷店,沖ドキ！BLACK,1167,1,1588,100.0,https://min-repo.com/3355911/?kishu=all
2026-09-16,メルヘンワールド涌谷店,沖ドキ！BLACK,1166,1,895,100.0,https://min-repo.com/3355911/?kishu=all
2026-09-16,メルヘンワールド涌谷店,新ハナビ,1153,,7884,,https://min-repo.com/3355911/?kishu=all
2026-09-16,メルヘンワールド涌谷店,押忍！番長ＺＥＲＯ,1138,1,2456,100.0,https://min-repo.com/3355911/?kishu=all
2026-09-16,メルヘンワールド涌谷店,戦国コレクション6,1118,,1736,,https://min-repo.com/3355911/?kishu=all
2026-09-16,メルヘンワールド涌谷店,交響詩篇エウレカセブン HI-EVOLUTION ZERO TYPE-ART,1135,,978,,https://min-repo.com/3355911/?kishu=all
2026-09-16,メルヘンワールド涌谷店,マイジャグラーV,1105,,1822,,https://min-repo.com/3355911/?kishu=all
2026-09-16,メルヘンワールド涌谷店,マイジャグラーV,1103,,982,,https://min-repo.com/3355911/?kishu=all
2026-09-16,メルヘンワールド涌谷店,マイジャグラーV,1102,1,8550,100.0,https://min-repo.com/3355911/?kishu=all
2026-09-16,メルヘンワールド涌谷店,マイジャグラーV,1101,,745,,https://min-repo.com/3355911/?kishu=all
2026-09-16,メルヘンワールド涌谷店,マイジャグラーV,1100,1,4729,100.0,https://min-repo.com/3355911/?kishu=all
2026-09-16,メルヘンワールド涌谷店,マイジャグラーV,1088,,600,,https://min-repo.com/3355911/?kishu=all
2026-09-16,メルヘンワールド涌谷店,マイジャグラーV,1087,1,4543,100.0,https://min-repo.com/3355911/?kishu=all
2026-09-16,メルヘンワールド涌谷店,マイジャグラーV,1086,1,3285,100.0,https://min-repo.com/3355911/?kishu=all
2026-09-16,メルヘンワールド涌谷店,マイジャグラーV,1085,,591,,https://min-repo.com/3355911/?kishu=all
2026-09-16,メルヘンワールド涌谷店,マイジャグラーV,1083,1,4948,100.0,https://min-repo.com/3355911/?kishu=all
2026-09-16,メルヘンワールド涌谷店,マイジャグラーV,1082,,1354,,https://min-repo.com/3355911/?kishu=all
2026-09-16,メルヘンワールド涌谷店,マイジャグラーV,1081,,1154,,https://min-repo.com/3355911/?kishu=all
2026-09-16,メルヘンワールド涌谷店,マイジャグラーV,1080,,4835,,https://min-repo.com/3355911/?kishu=all
2026-09-16,メルヘンワールド涌谷店,マイジャグラーV,1078,,1209,,https://min-repo.com/3355911/?kishu=all
2026-09-16,メルヘンワールド涌谷店,マイジャグラーV,1077,1,4611,100.0,https://min-repo.com/3355911/?kishu=all
2026-09-16,メルヘンワールド涌谷店,マイジャグラーV,1076,,1020,,https://min-repo.com/3355911/?kishu=all
2026-09-16,メルヘンワールド涌谷店,マイジャグラーV,1075,,2548,,https://min-repo.com/3355911/?kishu=all
2026-09-16,メルヘンワールド涌谷店,マイジャグラーV,1073,,3596,,https://min-repo.com/3355911/?kishu=all
2026-09-16,メルヘンワールド涌谷店,マイジャグラーV,1072,1,6521,100.0,https://min-repo.com/3355911/?kishu=all
2026-09-16,メルヘンワールド涌谷店,マイジャグラーV,1071,,2127,,https://min-repo.com/3355911/?kishu=all
2026-09-16,メルヘンワールド涌谷店,ファンキージャグラー２ＫＴ,858,,2046,,https://min-repo.com/3355911/?kishu=all
2026-09-16,メルヘンワールド涌谷店,ファンキージャグラー２ＫＴ,857,,3588,,https://min-repo.com/3355911/?kishu=all
2026-09-16,メルヘンワールド涌谷店,ファンキージャグラー２ＫＴ,856,,3110,,https://min-repo.com/3355911/?kishu=all
2026-09-16,メルヘンワールド涌谷店,ファンキージャグラー２ＫＴ,855,,1260,,https://min-repo.com/3355911/?kishu=all
2026-09-16,メルヘンワールド涌谷店,ファンキージャグラー２ＫＴ,853,,780,,https://min-repo.com/3355911/?kishu=all
2026-09-16,メルヘンワールド涌谷店,ファンキージャグラー２ＫＴ,852,,846,,https://min-repo.com/3355911/?kishu=all
2026-09-16,メルヘンワールド涌谷店,ファンキージャグラー２ＫＴ,851,1,7129,100.0,https://min-repo.com/3355911/?kishu=all
2026-09-16,メルヘンワールド涌谷店,パチスロ炎炎ノ消防隊,1151,,550,,https://min-repo.com/3355911/?kishu=all
2026-09-16,メルヘンワールド涌谷店,パチスロ戦国恋姫,1133,,247,,https://min-repo.com/3355911/?kishu=all
2026-09-16,メルヘンワールド涌谷店,パチスロ　甲鉄城のカバネリ,1152,,1058,,https://min-repo.com/3355911/?kishu=all
2026-09-16,メルヘンワールド涌谷店,パチスロ　ディスクアップ２,1155,,437,,https://min-repo.com/3355911/?kishu=all
2026-09-16,メルヘンワールド涌谷店,バーサスリヴァイズ,1150,,5211,,https://min-repo.com/3355911/?kishu=all
2026-09-16,メルヘンワールド涌谷店,ハッピージャグラーＶＩＩＩ,875,,3606,,https://min-repo.com/3355911/?kishu=all
2026-09-16,メルヘンワールド涌谷店,ハッピージャグラーＶＩＩＩ,873,,2121,,https://min-repo.com/3355911/?kishu=all
2026-09-16,メルヘンワールド涌谷店,ハッピージャグラーＶＩＩＩ,872,1,1703,100.0,https://min-repo.com/3355911/?kishu=all
2026-09-16,メルヘンワールド涌谷店,ハッピージャグラーＶＩＩＩ,871,,6198,,https://min-repo.com/3355911/?kishu=all
2026-09-16,メルヘンワールド涌谷店,ハッピージャグラーＶＩＩＩ,870,,1712,,https://min-repo.com/3355911/?kishu=all
2026-09-16,メルヘンワールド涌谷店,ハッピージャグラーＶＩＩＩ,868,,1274,,https://min-repo.com/3355911/?kishu=all
2026-09-16,メルヘンワールド涌谷店,ハッピージャグラーＶＩＩＩ,867,,2313,,https://min-repo.com/3355911/?kishu=all
2026-09-16,メルヘンワールド涌谷店,ネオアイムジャグラーEX,1061,,574,,https://min-repo.com/3355911/?kishu=all
2026-09-16,メルヘンワールド涌谷店,ネオアイムジャグラーEX,1060,,2772,,https://min-repo.com/3355911/?kishu=all
2026-09-16,メルヘンワールド涌谷店,ネオアイムジャグラーEX,1058,,2501,,https://min-repo.com/3355911/?kishu=all
2026-09-16,メルヘンワールド涌谷店,ネオアイムジャグラーEX,1057,,2843,,https://min-repo.com/3355911/?kishu=all
2026-09-16,メルヘンワールド涌谷店,ネオアイムジャグラーEX,1056,,2910,,https://min-repo.com/3355911/?kishu=all
2026-09-16,メルヘンワールド涌谷店,ネオアイムジャグラーEX,1055,,951,,https://min-repo.com/3355911/?kishu=all
2026-09-16,メルヘンワールド涌谷店,ネオアイムジャグラーEX,1053,,1633,,https://min-repo.com/3355911/?kishu=all
2026-09-16,メルヘンワールド涌谷店,ネオアイムジャグラーEX,1052,1,3715,100.0,https://min-repo.com/3355911/?kishu=all
2026-09-16,メルヘンワールド涌谷店,ネオアイムジャグラーEX,1051,1,2284,100.0,https://min-repo.com/3355911/?kishu=all
2026-09-16,メルヘンワールド涌谷店,ネオアイムジャグラーEX,1050,,1067,,https://min-repo.com/3355911/?kishu=all
2026-09-16,メルヘンワールド涌谷店,ネオアイムジャグラーEX,1038,,1035,,https://min-repo.com/3355911/?kishu=all
2026-09-16,メルヘンワールド涌谷店,ネオアイムジャグラーEX,1037,1,4871,100.0,https://min-repo.com/3355911/?kishu=all
2026-09-16,メルヘンワールド涌谷店,ネオアイムジャグラーEX,1036,,2872,,https://min-repo.com/3355911/?kishu=all
2026-09-16,メルヘンワールド涌谷店,スロット ワールドダイスター,825,1,770,100.0,https://min-repo.com/3355911/?kishu=all
2026-09-16,メルヘンワールド涌谷店,スロット ワールドダイスター,823,0,0,,https://min-repo.com/3355911/?kishu=all
2026-09-16,メルヘンワールド涌谷店,スロット ワールドダイスター,822,1,509,100.1,https://min-repo.com/3355911/?kishu=all
2026-09-16,メルヘンワールド涌谷店,スロット ワールドダイスター,821,,408,,https://min-repo.com/3355911/?kishu=all
2026-09-16,メルヘンワールド涌谷店,スロット ソードアート・オンラインⅡ,1113,,3599,,https://min-repo.com/3355911/?kishu=all
2026-09-16,メルヘンワールド涌谷店,スマスロ新鬼武者3,1026,,734,,https://min-repo.com/3355911/?kishu=all
2026-09-16,メルヘンワールド涌谷店,スマスロ新鬼武者3,1025,1,944,100.0,https://min-repo.com/3355911/?kishu=all
2026-09-16,メルヘンワールド涌谷店,スマスロ新鬼武者3,1023,,54,,https://min-repo.com/3355911/?kishu=all
2026-09-16,メルヘンワールド涌谷店,スマスロ新鬼武者3,1022,1,788,100.0,https://min-repo.com/3355911/?kishu=all
2026-09-16,メルヘンワールド涌谷店,スマスロ新鬼武者3,1021,1,658,100.1,https://min-repo.com/3355911/?kishu=all
2026-09-16,メルヘンワールド涌谷店,スマスロ新鬼武者3,1020,,51,,https://min-repo.com/3355911/?kishu=all
2026-09-16,メルヘンワールド涌谷店,スマスロ北斗の拳 転生の章2,788,1,271,100.1,https://min-repo.com/3355911/?kishu=all
2026-09-16,メルヘンワールド涌谷店,スマスロ北斗の拳 転生の章2,787,,369,,https://min-repo.com/3355911/?kishu=all
2026-09-16,メルヘンワールド涌谷店,スマスロ北斗の拳 転生の章2,786,,1919,,https://min-repo.com/3355911/?kishu=all
2026-09-16,メルヘンワールド涌谷店,スマスロ北斗の拳 転生の章2,785,,481,,https://min-repo.com/3355911/?kishu=all
2026-09-16,メルヘンワールド涌谷店,スマスロ北斗の拳 転生の章2,783,1,3236,100.0,https://min-repo.com/3355911/?kishu=all
2026-09-16,メルヘンワールド涌谷店,スマスロ北斗の拳 転生の章2,782,,1768,,https://min-repo.com/3355911/?kishu=all
2026-09-16,メルヘンワールド涌谷店,スマスロ北斗の拳 転生の章2,781,1,1489,100.0,https://min-repo.com/3355911/?kishu=all
2026-09-16,メルヘンワールド涌谷店,スマスロ化物語,820,0,0,,https://min-repo.com/3355911/?kishu=all
2026-09-16,メルヘンワールド涌谷店,スマスロ化物語,818,0,0,,https://min-repo.com/3355911/?kishu=all
2026-09-16,メルヘンワールド涌谷店,スマスロ化物語,817,0,0,,https://min-repo.com/3355911/?kishu=all
2026-09-16,メルヘンワールド涌谷店,スマスロ化物語,816,,2678,,https://min-repo.com/3355911/?kishu=all
2026-09-16,メルヘンワールド涌谷店,スマスロヨルムンガンド,1123,1,1126,100.0,https://min-repo.com/3355911/?kishu=all
2026-09-16,メルヘンワールド涌谷店,スマスロモンキーターンV,1018,1,1485,100.0,https://min-repo.com/3355911/?kishu=all
2026-09-16,メルヘンワールド涌谷店,スマスロモンキーターンV,1017,,1703,,https://min-repo.com/3355911/?kishu=all
2026-09-16,メルヘンワールド涌谷店,スマスロモンキーターンV,1016,1,788,100.0,https://min-repo.com/3355911/?kishu=all
2026-09-16,メルヘンワールド涌谷店,スマスロモンキーターンV,1015,1,1137,100.0,https://min-repo.com/3355911/?kishu=all
2026-09-16,メルヘンワールド涌谷店,スマスロモンキーターンV,1013,,378,,https://min-repo.com/3355911/?kishu=all
2026-09-16,メルヘンワールド涌谷店,スマスロモンキーターンV,1012,,562,,https://min-repo.com/3355911/?kishu=all
2026-09-16,メルヘンワールド涌谷店,スマスロモンキーターンV,1011,,1247,,https://min-repo.com/3355911/?kishu=all
2026-09-16,メルヘンワールド涌谷店,スマスロケロット5BT,1116,,2345,,https://min-repo.com/3355911/?kishu=all
2026-09-16,メルヘンワールド涌谷店,スマスロとある科学の超電磁砲2,1112,,3127,,https://min-repo.com/3355911/?kishu=all
2026-09-16,メルヘンワールド涌谷店,スマスロ 甲鉄城のカバネリ 海門決戦,780,1,3049,100.0,https://min-repo.com/3355911/?kishu=all
2026-09-16,メルヘンワールド涌谷店,スマスロ 甲鉄城のカバネリ 海門決戦,778,,1609,,https://min-repo.com/3355911/?kishu=all
2026-09-16,メルヘンワールド涌谷店,スマスロ 甲鉄城のカバネリ 海門決戦,777,,1013,,https://min-repo.com/3355911/?kishu=all
2026-09-16,メルヘンワールド涌谷店,スマスロ 甲鉄城のカバネリ 海門決戦,776,,1181,,https://min-repo.com/3355911/?kishu=all
2026-09-16,メルヘンワールド涌谷店,スマスロ 甲鉄城のカバネリ 海門決戦,775,1,1620,100.0,https://min-repo.com/3355911/?kishu=all
2026-09-16,メルヘンワールド涌谷店,スマスロ 甲鉄城のカバネリ 海門決戦,773,1,2694,100.0,https://min-repo.com/3355911/?kishu=all
2026-09-16,メルヘンワールド涌谷店,スマスロ 甲鉄城のカバネリ 海門決戦,772,,526,,https://min-repo.com/3355911/?kishu=all
2026-09-16,メルヘンワールド涌谷店,スマスロ 東京リベンジャーズ,1108,1,4733,100.0,https://min-repo.com/3355911/?kishu=all
2026-09-16,メルヘンワールド涌谷店,スマスロ 攻殻機動隊,1125,,4597,,https://min-repo.com/3355911/?kishu=all
2026-09-16,メルヘンワールド涌谷店,スマスロ リコリス・リコイル,888,1,2004,100.0,https://min-repo.com/3355911/?kishu=all
2026-09-16,メルヘンワールド涌谷店,スマスロ リコリス・リコイル,887,,1656,,https://min-repo.com/3355911/?kishu=all
2026-09-16,メルヘンワールド涌谷店,スマスロ リコリス・リコイル,886,1,6921,100.0,https://min-repo.com/3355911/?kishu=all
2026-09-16,メルヘンワールド涌谷店,スマスロ リコリス・リコイル,885,,2646,,https://min-repo.com/3355911/?kishu=all
2026-09-16,メルヘンワールド涌谷店,スマスロ リコリス・リコイル,1001,,6502,,https://min-repo.com/3355911/?kishu=all
2026-09-16,メルヘンワールド涌谷店,スマスロ リコリス・リコイル,1000,,2328,,https://min-repo.com/3355911/?kishu=all
2026-09-16,メルヘンワールド涌谷店,スマスロ モンスターハンターライズ,735,,1985,,https://min-repo.com/3355911/?kishu=all
2026-09-16,メルヘンワールド涌谷店,スマスロ モンスターハンターライズ,733,1,1815,100.0,https://min-repo.com/3355911/?kishu=all
2026-09-16,メルヘンワールド涌谷店,スマスロ モンスターハンターライズ,732,1,1310,100.0,https://min-repo.com/3355911/?kishu=all
2026-09-16,メルヘンワールド涌谷店,スマスロ モンスターハンターライズ,731,1,1008,100.0,https://min-repo.com/3355911/?kishu=all
2026-09-16,メルヘンワールド涌谷店,スマスロ ミリオンゴッド-神々の軌跡-,755,,2350,,https://min-repo.com/3355911/?kishu=all
2026-09-16,メルヘンワールド涌谷店,スマスロ ミリオンゴッド-神々の軌跡-,753,,1531,,https://min-repo.com/3355911/?kishu=all
2026-09-16,メルヘンワールド涌谷店,スマスロ ミリオンゴッド-神々の軌跡-,752,1,2068,100.0,https://min-repo.com/3355911/?kishu=all
2026-09-16,メルヘンワールド涌谷店,スマスロ ミリオンゴッド-神々の軌跡-,751,,3192,,https://min-repo.com/3355911/?kishu=all
2026-09-16,メルヘンワールド涌谷店,スマスロ マギアレコード 魔法少女まどか☆マギカ外伝,730,1,1553,100.0,https://min-repo.com/3355911/?kishu=all
2026-09-16,メルヘンワールド涌谷店,スマスロ マギアレコード 魔法少女まどか☆マギカ外伝,728,,256,,https://min-repo.com/3355911/?kishu=all
2026-09-16,メルヘンワールド涌谷店,スマスロ マギアレコード 魔法少女まどか☆マギカ外伝,727,,303,,https://min-repo.com/3355911/?kishu=all
2026-09-16,メルヘンワールド涌谷店,スマスロ マギアレコード 魔法少女まどか☆マギカ外伝,726,,636,,https://min-repo.com/3355911/?kishu=all
2026-09-16,メルヘンワールド涌谷店,スマスロ バイオハザードRE:3,1162,0,0,,https://min-repo.com/3355911/?kishu=all
2026-09-16,メルヘンワールド涌谷店,スマスロ ハナビ,725,1,3213,100.0,https://min-repo.com/3355911/?kishu=all
2026-09-16,メルヘンワールド涌谷店,スマスロ ハナビ,723,,1997,,https://min-repo.com/3355911/?kishu=all
2026-09-16,メルヘンワールド涌谷店,スマスロ ハナビ,722,,639,,https://min-repo.com/3355911/?kishu=all
2026-09-16,メルヘンワールド涌谷店,スマスロ ハナビ,721,,2077,,https://min-repo.com/3355911/?kishu=all
2026-09-16,メルヘンワールド涌谷店,スマスロ スーパーリオエース2,1126,0,0,,https://min-repo.com/3355911/?kishu=all
2026-09-16,メルヘンワールド涌谷店,スマスロ スーパーブラックジャック,1127,,1011,,https://min-repo.com/3355911/?kishu=all
2026-09-16,メルヘンワールド涌谷店,スマスロ ストリートファイター6,1163,,4461,,https://min-repo.com/3355911/?kishu=all
2026-09-16,メルヘンワールド涌谷店,スマスロ サンダーV,1106,,4107,,https://min-repo.com/3355911/?kishu=all
2026-09-16,メルヘンワールド涌谷店,スマスロ ゴッドイーター リザレクション,1010,0,0,,https://min-repo.com/3355911/?kishu=all
2026-09-16,メルヘンワールド涌谷店,スマスロ ゴッドイーター リザレクション,1008,0,0,,https://min-repo.com/3355911/?kishu=all
2026-09-16,メルヘンワールド涌谷店,スマスロ ゴッドイーター リザレクション,1007,0,0,,https://min-repo.com/3355911/?kishu=all
2026-09-16,メルヘンワールド涌谷店,スマスロ ゴッドイーター リザレクション,1006,0,0,,https://min-repo.com/3355911/?kishu=all
2026-09-16,メルヘンワールド涌谷店,スマスロ ゴッドイーター リザレクション,1005,1,134,100.2,https://min-repo.com/3355911/?kishu=all
2026-09-16,メルヘンワールド涌谷店,スマスロ ゴッドイーター リザレクション,1003,0,0,,https://min-repo.com/3355911/?kishu=all
2026-09-16,メルヘンワールド涌谷店,スマスロ ゴッドイーター リザレクション,1002,0,0,,https://min-repo.com/3355911/?kishu=all
2026-09-16,メルヘンワールド涌谷店,スマスロ やじきた道中記参る！,835,0,0,,https://min-repo.com/3355911/?kishu=all
2026-09-16,メルヘンワールド涌谷店,スマスロ やじきた道中記参る！,833,,290,,https://min-repo.com/3355911/?kishu=all
2026-09-16,メルヘンワールド涌谷店,スマスロ やじきた道中記参る！,832,,1401,,https://min-repo.com/3355911/?kishu=all
2026-09-16,メルヘンワールド涌谷店,スマスロ やじきた道中記参る！,831,,957,,https://min-repo.com/3355911/?kishu=all
2026-09-16,メルヘンワールド涌谷店,スマスロ とある魔術の禁書目録2,1165,1,3399,100.0,https://min-repo.com/3355911/?kishu=all
2026-09-16,メルヘンワールド涌谷店,ジャグラーガールズSS,1070,,720,,https://min-repo.com/3355911/?kishu=all
2026-09-16,メルヘンワールド涌谷店,ジャグラーガールズSS,1068,1,6843,100.0,https://min-repo.com/3355911/?kishu=all
2026-09-16,メルヘンワールド涌谷店,ジャグラーガールズSS,1067,,1674,,https://min-repo.com/3355911/?kishu=all
2026-09-16,メルヘンワールド涌谷店,ジャグラーガールズSS,1066,1,1322,100.0,https://min-repo.com/3355911/?kishu=all
2026-09-16,メルヘンワールド涌谷店,ジャグラーガールズSS,1065,,1411,,https://min-repo.com/3355911/?kishu=all
2026-09-16,メルヘンワールド涌谷店,ジャグラーガールズSS,1063,,639,,https://min-repo.com/3355911/?kishu=all
2026-09-16,メルヘンワールド涌谷店,ジャグラーガールズSS,1062,1,5057,100.0,https://min-repo.com/3355911/?kishu=all
2026-09-16,メルヘンワールド涌谷店,ゴーゴージャグラー３,866,1,6941,100.0,https://min-repo.com/3355911/?kishu=all
2026-09-16,メルヘンワールド涌谷店,ゴーゴージャグラー３,865,,1047,,https://min-repo.com/3355911/?kishu=all
2026-09-16,メルヘンワールド涌谷店,ゴーゴージャグラー３,863,,2721,,https://min-repo.com/3355911/?kishu=all
2026-09-16,メルヘンワールド涌谷店,ゴーゴージャグラー３,862,1,2127,100.0,https://min-repo.com/3355911/?kishu=all
2026-09-16,メルヘンワールド涌谷店,ゴーゴージャグラー３,861,,4624,,https://min-repo.com/3355911/?kishu=all
2026-09-16,メルヘンワールド涌谷店,ゴーゴージャグラー３,860,,1930,,https://min-repo.com/3355911/?kishu=all
2026-09-16,メルヘンワールド涌谷店,コードギアス反逆のルルーシュ３ C.C.&Kallen ver.,1131,1,1440,100.0,https://min-repo.com/3355911/?kishu=all
2026-09-16,メルヘンワールド涌谷店,クレアの秘宝伝～はじまりの扉と太陽の石～ボーナストリガーver.,1111,,1661,,https://min-repo.com/3355911/?kishu=all
2026-09-16,メルヘンワールド涌谷店,クランキークレスト,1137,1,3763,100.0,https://min-repo.com/3355911/?kishu=all
2026-09-16,メルヘンワールド涌谷店,キングハナハナ-30,1200,,1216,,https://min-repo.com/3355911/?kishu=all
2026-09-16,メルヘンワールド涌谷店,キングハナハナ-30,1188,1,1599,100.0,https://min-repo.com/3355911/?kishu=all
2026-09-16,メルヘンワールド涌谷店,キングハナハナ-30,1187,,468,,https://min-repo.com/3355911/?kishu=all
2026-09-16,メルヘンワールド涌谷店,キングハナハナ-30,1186,,1840,,https://min-repo.com/3355911/?kishu=all
2026-09-16,メルヘンワールド涌谷店,キングハナハナ-30,1185,,1196,,https://min-repo.com/3355911/?kishu=all
2026-09-16,メルヘンワールド涌谷店,キングハナハナ-30,1183,1,2014,100.0,https://min-repo.com/3355911/?kishu=all
2026-09-16,メルヘンワールド涌谷店,キングハナハナ-30,1182,,529,,https://min-repo.com/3355911/?kishu=all
2026-09-16,メルヘンワールド涌谷店,キングハナハナ-30,1181,,737,,https://min-repo.com/3355911/?kishu=all
2026-09-16,メルヘンワールド涌谷店,キングハナハナ-30,1180,,364,,https://min-repo.com/3355911/?kishu=all
2026-09-16,メルヘンワールド涌谷店,キングハナハナ-30,1178,,751,,https://min-repo.com/3355911/?kishu=all
2026-09-16,メルヘンワールド涌谷店,アレックス ブライト,1128,,4294,,https://min-repo.com/3355911/?kishu=all
2026-09-16,メルヘンワールド涌谷店,この素晴らしい世界に祝福を！,1132,,7032,,https://min-repo.com/3355911/?kishu=all
2026-09-16,メルヘンワールド涌谷店,いざ！番長,1107,,496,,https://min-repo.com/3355911/?kishu=all
2026-09-16,メルヘンワールド涌谷店,L青春ブタ野郎はバニーガール先輩の夢を見ない,1156,1,5075,100.0,https://min-repo.com/3355911/?kishu=all
2026-09-16,メルヘンワールド涌谷店,L邪神ちゃんドロップキック,1160,,3506,,https://min-repo.com/3355911/?kishu=all
2026-09-16,メルヘンワールド涌谷店,L無職転生～異世界行ったら本気だす～,1130,,581,,https://min-repo.com/3355911/?kishu=all
2026-09-16,メルヘンワールド涌谷店,L東京喰種,815,1,140,100.2,https://min-repo.com/3355911/?kishu=all
2026-09-16,メルヘンワールド涌谷店,L東京喰種,813,0,248,100.0,https://min-repo.com/3355911/?kishu=all
2026-09-16,メルヘンワールド涌谷店,L東京喰種,812,1,664,100.1,https://min-repo.com/3355911/?kishu=all
2026-09-16,メルヘンワールド涌谷店,L東京喰種,811,,1214,,https://min-repo.com/3355911/?kishu=all
2026-09-16,メルヘンワールド涌谷店,L東京喰種,810,,250,,https://min-repo.com/3355911/?kishu=all
2026-09-16,メルヘンワールド涌谷店,L東京喰種,808,1,143,100.2,https://min-repo.com/3355911/?kishu=all
2026-09-16,メルヘンワールド涌谷店,L東京喰種,807,,689,,https://min-repo.com/3355911/?kishu=all
2026-09-16,メルヘンワールド涌谷店,L戦国乙女４　戦乱に閃く炯眼の軍師,1121,0,0,,https://min-repo.com/3355911/?kishu=all
2026-09-16,メルヘンワールド涌谷店,L戦国乙女5 業火を穿つ宿焔の双刃,763,1,3855,100.0,https://min-repo.com/3355911/?kishu=all
2026-09-16,メルヘンワールド涌谷店,L戦国乙女5 業火を穿つ宿焔の双刃,762,,367,,https://min-repo.com/3355911/?kishu=all
2026-09-16,メルヘンワールド涌谷店,L戦国乙女5 業火を穿つ宿焔の双刃,761,,1601,,https://min-repo.com/3355911/?kishu=all
2026-09-16,メルヘンワールド涌谷店,L戦国乙女5 業火を穿つ宿焔の双刃,760,,3038,,https://min-repo.com/3355911/?kishu=all
2026-09-16,メルヘンワールド涌谷店,L戦国乙女5 業火を穿つ宿焔の双刃,758,,1614,,https://min-repo.com/3355911/?kishu=all
2026-09-16,メルヘンワールド涌谷店,L戦国乙女5 業火を穿つ宿焔の双刃,757,,1232,,https://min-repo.com/3355911/?kishu=all
2026-09-16,メルヘンワールド涌谷店,L戦国乙女5 業火を穿つ宿焔の双刃,756,1,2231,100.0,https://min-repo.com/3355911/?kishu=all
2026-09-16,メルヘンワールド涌谷店,L南国育ち SPECIAL,1157,,609,,https://min-repo.com/3355911/?kishu=all
2026-09-16,メルヘンワールド涌谷店,L南国育ち,850,1,1062,100.0,https://min-repo.com/3355911/?kishu=all
2026-09-16,メルヘンワールド涌谷店,L南国育ち,838,1,3718,100.0,https://min-repo.com/3355911/?kishu=all
2026-09-16,メルヘンワールド涌谷店,L南国育ち,837,1,1616,100.0,https://min-repo.com/3355911/?kishu=all
2026-09-16,メルヘンワールド涌谷店,L南国育ち,836,1,1909,100.0,https://min-repo.com/3355911/?kishu=all
2026-09-16,メルヘンワールド涌谷店,L不二子BT,1110,,802,,https://min-repo.com/3355911/?kishu=all
2026-09-16,メルヘンワールド涌谷店,Lパチスロ革命機ヴァルヴレイヴ2,883,,468,,https://min-repo.com/3355911/?kishu=all
2026-09-16,メルヘンワールド涌谷店,Lパチスロ革命機ヴァルヴレイヴ2,882,,303,,https://min-repo.com/3355911/?kishu=all
2026-09-16,メルヘンワールド涌谷店,Lパチスロ革命機ヴァルヴレイヴ2,881,0,0,,https://min-repo.com/3355911/?kishu=all
2026-09-16,メルヘンワールド涌谷店,Lパチスロ革命機ヴァルヴレイヴ2,880,0,0,,https://min-repo.com/3355911/?kishu=all
2026-09-16,メルヘンワールド涌谷店,Lパチスロ革命機ヴァルヴレイヴ2,878,,55,,https://min-repo.com/3355911/?kishu=all
2026-09-16,メルヘンワールド涌谷店,Lパチスロ革命機ヴァルヴレイヴ2,877,1,1117,100.0,https://min-repo.com/3355911/?kishu=all
2026-09-16,メルヘンワールド涌谷店,Lパチスロ革命機ヴァルヴレイヴ2,876,,922,,https://min-repo.com/3355911/?kishu=all
2026-09-16,メルヘンワールド涌谷店,Lパチスロ炎炎ノ消防隊2,830,,240,,https://min-repo.com/3355911/?kishu=all
2026-09-16,メルヘンワールド涌谷店,Lパチスロ炎炎ノ消防隊2,828,,268,,https://min-repo.com/3355911/?kishu=all
2026-09-16,メルヘンワールド涌谷店,Lパチスロ炎炎ノ消防隊2,827,,385,,https://min-repo.com/3355911/?kishu=all
2026-09-16,メルヘンワールド涌谷店,Lパチスロ炎炎ノ消防隊2,826,,736,,https://min-repo.com/3355911/?kishu=all
2026-09-16,メルヘンワールド涌谷店,Lパチスロ彼女、お借りします,1158,,5034,,https://min-repo.com/3355911/?kishu=all
2026-09-16,メルヘンワールド涌谷店,Lパチスロ喰霊-零-Re,1115,,2246,,https://min-repo.com/3355911/?kishu=all
2026-09-16,メルヘンワールド涌谷店,Lパチスロからくりサーカス2,771,1,416,100.1,https://min-repo.com/3355911/?kishu=all
2026-09-16,メルヘンワールド涌谷店,Lパチスロからくりサーカス2,770,,404,,https://min-repo.com/3355911/?kishu=all
2026-09-16,メルヘンワールド涌谷店,Lパチスロからくりサーカス2,768,0,0,,https://min-repo.com/3355911/?kishu=all
2026-09-16,メルヘンワールド涌谷店,Lパチスロからくりサーカス2,767,,458,,https://min-repo.com/3355911/?kishu=all
2026-09-16,メルヘンワールド涌谷店,Lパチスロからくりサーカス2,766,0,0,,https://min-repo.com/3355911/?kishu=all
2026-09-16,メルヘンワールド涌谷店,Lパチスロからくりサーカス2,765,,428,,https://min-repo.com/3355911/?kishu=all
2026-09-16,メルヘンワールド涌谷店,Lパチスロうみねこのなく頃に2,1120,,2074,,https://min-repo.com/3355911/?kishu=all
2026-09-16,メルヘンワールド涌谷店,Lパチスロ かぐや様は告らせたい,1035,,771,,https://min-repo.com/3355911/?kishu=all
2026-09-16,メルヘンワールド涌谷店,Lパチスロ かぐや様は告らせたい,1033,0,0,,https://min-repo.com/3355911/?kishu=all
2026-09-16,メルヘンワールド涌谷店,Lパチスロ かぐや様は告らせたい,1032,,1313,,https://min-repo.com/3355911/?kishu=all
2026-09-16,メルヘンワールド涌谷店,Lパチスロ かぐや様は告らせたい,1031,0,0,,https://min-repo.com/3355911/?kishu=all
2026-09-16,メルヘンワールド涌谷店,Lパチスロ かぐや様は告らせたい,1030,,22,,https://min-repo.com/3355911/?kishu=all
2026-09-16,メルヘンワールド涌谷店,Lパチスロ かぐや様は告らせたい,1028,,961,,https://min-repo.com/3355911/?kishu=all
2026-09-16,メルヘンワールド涌谷店,Lパチスロ かぐや様は告らせたい,1027,,408,,https://min-repo.com/3355911/?kishu=all
2026-09-16,メルヘンワールド涌谷店,Lタクトオーパス デスティニー,1161,1,1947,100.0,https://min-repo.com/3355911/?kishu=all
2026-09-16,メルヘンワールド涌谷店,Lスマスロ北斗の拳,806,1,1718,100.0,https://min-repo.com/3355911/?kishu=all
2026-09-16,メルヘンワールド涌谷店,Lスマスロ北斗の拳,805,,1276,,https://min-repo.com/3355911/?kishu=all
2026-09-16,メルヘンワールド涌谷店,Lスマスロ北斗の拳,803,,788,,https://min-repo.com/3355911/?kishu=all
2026-09-16,メルヘンワールド涌谷店,Lスマスロ北斗の拳,802,,3826,,https://min-repo.com/3355911/?kishu=all
2026-09-16,メルヘンワールド涌谷店,Lスマスロ北斗の拳,801,,280,,https://min-repo.com/3355911/?kishu=all
2026-09-16,メルヘンワールド涌谷店,Lスマスロ北斗の拳,800,,330,,https://min-repo.com/3355911/?kishu=all
2026-09-16,メルヘンワールド涌谷店,Lアズールレーン THE ANIMATION,1122,1,527,100.1,https://min-repo.com/3355911/?kishu=all
2026-09-16,メルヘンワールド涌谷店,A-SLOT+異世界かるてっとBT,1117,,2608,,https://min-repo.com/3355911/?kishu=all
2026-09-16,メルヘンワールド亘理店,真打 吉宗,653,,1608,,https://min-repo.com/3354878/?kishu=all
2026-09-16,メルヘンワールド亘理店,真打 吉宗,652,,1981,,https://min-repo.com/3354878/?kishu=all
2026-09-16,メルヘンワールド亘理店,真打 吉宗,651,,3647,,https://min-repo.com/3354878/?kishu=all
2026-09-16,メルヘンワールド亘理店,真打 吉宗,650,,711,,https://min-repo.com/3354878/?kishu=all
2026-09-16,メルヘンワールド亘理店,沖ドキ！ＧＯＬＤ,601,,463,,https://min-repo.com/3354878/?kishu=all
2026-09-16,メルヘンワールド亘理店,押忍！番長ＺＥＲＯ,607,,1101,,https://min-repo.com/3354878/?kishu=all
2026-09-16,メルヘンワールド亘理店,押忍！番長ＺＥＲＯ,588,,1435,,https://min-repo.com/3354878/?kishu=all
2026-09-16,メルヘンワールド亘理店,戦国コレクション6,621,,1418,,https://min-repo.com/3354878/?kishu=all
2026-09-16,メルヘンワールド亘理店,回胴式遊技機グランベルム,603,0,0,,https://min-repo.com/3354878/?kishu=all
2026-09-16,メルヘンワールド亘理店,交響詩篇エウレカセブン HI-EVOLUTION ZERO TYPE-ART,614,,163,,https://min-repo.com/3354878/?kishu=all
2026-09-16,メルヘンワールド亘理店,交響詩篇エウレカセブン HI-EVOLUTION ZERO TYPE-ART,599,1,2827,100.0,https://min-repo.com/3354878/?kishu=all
2026-09-16,メルヘンワールド亘理店,ワードオブライツⅡ,608,,1421,,https://min-repo.com/3354878/?kishu=all
2026-09-16,メルヘンワールド亘理店,マイジャグラーV,362,,7960,,https://min-repo.com/3354878/?kishu=all
2026-09-16,メルヘンワールド亘理店,マイジャグラーV,361,,7887,,https://min-repo.com/3354878/?kishu=all
2026-09-16,メルヘンワールド亘理店,マイジャグラーV,360,1,6943,100.0,https://min-repo.com/3354878/?kishu=all
2026-09-16,メルヘンワールド亘理店,マイジャグラーV,359,1,9024,100.0,https://min-repo.com/3354878/?kishu=all
2026-09-16,メルヘンワールド亘理店,マイジャグラーV,358,,4462,,https://min-repo.com/3354878/?kishu=all
2026-09-16,メルヘンワールド亘理店,マイジャグラーV,357,1,6579,100.0,https://min-repo.com/3354878/?kishu=all
2026-09-16,メルヘンワールド亘理店,マイジャグラーV,356,1,7978,100.0,https://min-repo.com/3354878/?kishu=all
2026-09-16,メルヘンワールド亘理店,マイジャグラーV,355,,7010,,https://min-repo.com/3354878/?kishu=all
2026-09-16,メルヘンワールド亘理店,マイジャグラーV,354,,3449,,https://min-repo.com/3354878/?kishu=all
2026-09-16,メルヘンワールド亘理店,マイジャグラーV,353,,3532,,https://min-repo.com/3354878/?kishu=all
2026-09-16,メルヘンワールド亘理店,マイジャグラーV,352,1,8188,100.0,https://min-repo.com/3354878/?kishu=all
2026-09-16,メルヘンワールド亘理店,マイジャグラーV,351,,1399,,https://min-repo.com/3354878/?kishu=all
2026-09-16,メルヘンワールド亘理店,マイジャグラーV,350,1,7337,100.0,https://min-repo.com/3354878/?kishu=all
2026-09-16,メルヘンワールド亘理店,マイジャグラーV,349,1,8549,100.0,https://min-repo.com/3354878/?kishu=all
2026-09-16,メルヘンワールド亘理店,マイジャグラーV,348,,3084,,https://min-repo.com/3354878/?kishu=all
2026-09-16,メルヘンワールド亘理店,マイジャグラーV,347,1,8175,100.0,https://min-repo.com/3354878/?kishu=all
2026-09-16,メルヘンワールド亘理店,ファンキージャグラー２ＫＴ,330,,3814,,https://min-repo.com/3354878/?kishu=all
2026-09-16,メルヘンワールド亘理店,ファンキージャグラー２ＫＴ,329,,1671,,https://min-repo.com/3354878/?kishu=all
2026-09-16,メルヘンワールド亘理店,ファンキージャグラー２ＫＴ,328,,2301,,https://min-repo.com/3354878/?kishu=all
2026-09-16,メルヘンワールド亘理店,ファンキージャグラー２ＫＴ,327,,1398,,https://min-repo.com/3354878/?kishu=all
2026-09-16,メルヘンワールド亘理店,ファンキージャグラー２ＫＴ,326,1,7160,100.0,https://min-repo.com/3354878/?kishu=all
2026-09-16,メルヘンワールド亘理店,ファンキージャグラー２ＫＴ,325,,3954,,https://min-repo.com/3354878/?kishu=all
2026-09-16,メルヘンワールド亘理店,ファンキージャグラー２ＫＴ,324,1,4084,100.0,https://min-repo.com/3354878/?kishu=all
2026-09-16,メルヘンワールド亘理店,ファンキージャグラー２ＫＴ,323,,2836,,https://min-repo.com/3354878/?kishu=all
2026-09-16,メルヘンワールド亘理店,パチスロ頭文字Ｄ,591,1,1068,100.0,https://min-repo.com/3354878/?kishu=all
2026-09-16,メルヘンワールド亘理店,パチスロ盾の勇者の成り上がり,600,1,1805,100.0,https://min-repo.com/3354878/?kishu=all
2026-09-16,メルヘンワールド亘理店,パチスロ炎炎ノ消防隊,602,1,558,100.1,https://min-repo.com/3354878/?kishu=all
2026-09-16,メルヘンワールド亘理店,パチスロ武装神姫,587,0,0,,https://min-repo.com/3354878/?kishu=all
2026-09-16,メルヘンワールド亘理店,パチスロ戦国恋姫,596,1,4583,100.0,https://min-repo.com/3354878/?kishu=all
2026-09-16,メルヘンワールド亘理店,パチスロハイパーラッシュ,593,1,2044,100.0,https://min-repo.com/3354878/?kishu=all
2026-09-16,メルヘンワールド亘理店,パチスロ　甲鉄城のカバネリ,616,1,2085,100.0,https://min-repo.com/3354878/?kishu=all
2026-09-16,メルヘンワールド亘理店,パチスロ　甲鉄城のカバネリ,597,,1291,,https://min-repo.com/3354878/?kishu=all
2026-09-16,メルヘンワールド亘理店,パチスロ　新鬼武者２,609,1,175,100.2,https://min-repo.com/3354878/?kishu=all
2026-09-16,メルヘンワールド亘理店,パチスロ　戦姫絶唱シンフォギア　勇気の歌,615,1,1264,100.0,https://min-repo.com/3354878/?kishu=all
2026-09-16,メルヘンワールド亘理店,パチスロ　モンスターハンターワールドアイスボーン,590,,1910,,https://min-repo.com/3354878/?kishu=all
2026-09-16,メルヘンワールド亘理店,パチスロ　バイオハザード　ＲＥ：２,611,,577,,https://min-repo.com/3354878/?kishu=all
2026-09-16,メルヘンワールド亘理店,パチスロ　バイオハザード7　レジデント　イービル,595,1,1432,100.0,https://min-repo.com/3354878/?kishu=all
2026-09-16,メルヘンワールド亘理店,パチスロ　ナイツ,610,,587,,https://min-repo.com/3354878/?kishu=all
2026-09-16,メルヘンワールド亘理店,パチスロ　ドリフターズ,613,1,2483,100.0,https://min-repo.com/3354878/?kishu=all
2026-09-16,メルヘンワールド亘理店,パチスロ　ディスクアップ２,314,1,930,100.0,https://min-repo.com/3354878/?kishu=all
2026-09-16,メルヘンワールド亘理店,パチスロ　ディスクアップ２,313,1,245,100.1,https://min-repo.com/3354878/?kishu=all
2026-09-16,メルヘンワールド亘理店,パチスロ　ディスクアップ２,312,1,901,100.0,https://min-repo.com/3354878/?kishu=all
2026-09-16,メルヘンワールド亘理店,パチスロ　ディスクアップ２,311,,3608,,https://min-repo.com/3354878/?kishu=all
2026-09-16,メルヘンワールド亘理店,パチスロ ファイヤードリフト,605,0,0,,https://min-repo.com/3354878/?kishu=all
2026-09-16,メルヘンワールド亘理店,パチスロ ダンジョンに出会いを求めるのは間違っているだろうか2,592,1,2354,100.0,https://min-repo.com/3354878/?kishu=all
2026-09-16,メルヘンワールド亘理店,パチスロ ガメラ2,594,1,345,100.1,https://min-repo.com/3354878/?kishu=all
2026-09-16,メルヘンワールド亘理店,バーサスリヴァイズ,306,1,2320,100.0,https://min-repo.com/3354878/?kishu=all
2026-09-16,メルヘンワールド亘理店,バーサスリヴァイズ,305,,427,,https://min-repo.com/3354878/?kishu=all
2026-09-16,メルヘンワールド亘理店,バーサスリヴァイズ,304,,743,,https://min-repo.com/3354878/?kishu=all
2026-09-16,メルヘンワールド亘理店,バーサスリヴァイズ,303,,61,,https://min-repo.com/3354878/?kishu=all
2026-09-16,メルヘンワールド亘理店,ネオアイムジャグラーEX,346,1,8039,100.0,https://min-repo.com/3354878/?kishu=all
2026-09-16,メルヘンワールド亘理店,ネオアイムジャグラーEX,345,,814,,https://min-repo.com/3354878/?kishu=all
2026-09-16,メルヘンワールド亘理店,ネオアイムジャグラーEX,344,,4045,,https://min-repo.com/3354878/?kishu=all
2026-09-16,メルヘンワールド亘理店,ネオアイムジャグラーEX,343,1,4045,100.0,https://min-repo.com/3354878/?kishu=all
2026-09-16,メルヘンワールド亘理店,ネオアイムジャグラーEX,342,1,6949,100.0,https://min-repo.com/3354878/?kishu=all
2026-09-16,メルヘンワールド亘理店,ネオアイムジャグラーEX,341,,2238,,https://min-repo.com/3354878/?kishu=all
2026-09-16,メルヘンワールド亘理店,ネオアイムジャグラーEX,340,1,5290,100.0,https://min-repo.com/3354878/?kishu=all
2026-09-16,メルヘンワールド亘理店,ネオアイムジャグラーEX,339,,2499,,https://min-repo.com/3354878/?kishu=all
2026-09-16,メルヘンワールド亘理店,ネオアイムジャグラーEX,338,1,3216,100.0,https://min-repo.com/3354878/?kishu=all
2026-09-16,メルヘンワールド亘理店,ネオアイムジャグラーEX,337,,1122,,https://min-repo.com/3354878/?kishu=all
2026-09-16,メルヘンワールド亘理店,ネオアイムジャグラーEX,336,1,8475,100.0,https://min-repo.com/3354878/?kishu=all
2026-09-16,メルヘンワールド亘理店,ネオアイムジャグラーEX,335,,1679,,https://min-repo.com/3354878/?kishu=all
2026-09-16,メルヘンワールド亘理店,ネオアイムジャグラーEX,334,,2501,,https://min-repo.com/3354878/?kishu=all
2026-09-16,メルヘンワールド亘理店,ネオアイムジャグラーEX,333,,5180,,https://min-repo.com/3354878/?kishu=all
2026-09-16,メルヘンワールド亘理店,ネオアイムジャグラーEX,332,1,5284,100.0,https://min-repo.com/3354878/?kishu=all
2026-09-16,メルヘンワールド亘理店,ネオアイムジャグラーEX,331,1,8407,100.0,https://min-repo.com/3354878/?kishu=all
2026-09-16,メルヘンワールド亘理店,ニューパルサーSP4 with 太鼓の達人,598,,252,,https://min-repo.com/3354878/?kishu=all
2026-09-16,メルヘンワールド亘理店,スロット ソードアート・オンラインⅡ,645,,7066,,https://min-repo.com/3354878/?kishu=all
2026-09-16,メルヘンワールド亘理店,スマート沖スロ ドラゴンハナハナ～閃光～,634,1,2203,100.0,https://min-repo.com/3354878/?kishu=all
2026-09-16,メルヘンワールド亘理店,スマスロ頭文字D 2nd,628,,643,,https://min-repo.com/3354878/?kishu=all
2026-09-16,メルヘンワールド亘理店,スマスロ鉄拳6,440,0,0,,https://min-repo.com/3354878/?kishu=all
2026-09-16,メルヘンワールド亘理店,スマスロ鉄拳6,439,0,0,,https://min-repo.com/3354878/?kishu=all
2026-09-16,メルヘンワールド亘理店,スマスロ鉄拳6,438,,343,,https://min-repo.com/3354878/?kishu=all
2026-09-16,メルヘンワールド亘理店,スマスロ鉄拳6,437,0,0,,https://min-repo.com/3354878/?kishu=all
2026-09-16,メルヘンワールド亘理店,スマスロ鉄拳6,436,,141,,https://min-repo.com/3354878/?kishu=all
2026-09-16,メルヘンワールド亘理店,スマスロ鉄拳6,435,0,0,,https://min-repo.com/3354878/?kishu=all
2026-09-16,メルヘンワールド亘理店,スマスロ鉄拳6,434,,136,,https://min-repo.com/3354878/?kishu=all
2026-09-16,メルヘンワールド亘理店,スマスロ鉄拳6,433,,79,,https://min-repo.com/3354878/?kishu=all
2026-09-16,メルヘンワールド亘理店,スマスロ秘宝伝,626,0,0,,https://min-repo.com/3354878/?kishu=all
2026-09-16,メルヘンワールド亘理店,スマスロ痛いのは嫌なので防御力に極振りしたいと思います。,642,,2036,,https://min-repo.com/3354878/?kishu=all
2026-09-16,メルヘンワールド亘理店,スマスロ新鬼武者3,682,,1249,,https://min-repo.com/3354878/?kishu=all
2026-09-16,メルヘンワールド亘理店,スマスロ新鬼武者3,681,,1619,,https://min-repo.com/3354878/?kishu=all
2026-09-16,メルヘンワールド亘理店,スマスロ新鬼武者3,680,1,1571,100.0,https://min-repo.com/3354878/?kishu=all
2026-09-16,メルヘンワールド亘理店,スマスロ新鬼武者3,679,,1874,,https://min-repo.com/3354878/?kishu=all
2026-09-16,メルヘンワールド亘理店,スマスロ新鬼武者3,678,,591,,https://min-repo.com/3354878/?kishu=all
2026-09-16,メルヘンワールド亘理店,スマスロ北斗の拳 転生の章2,432,,2379,,https://min-repo.com/3354878/?kishu=all
2026-09-16,メルヘンワールド亘理店,スマスロ北斗の拳 転生の章2,431,1,122,100.3,https://min-repo.com/3354878/?kishu=all
2026-09-16,メルヘンワールド亘理店,スマスロ北斗の拳 転生の章2,430,,1145,,https://min-repo.com/3354878/?kishu=all
2026-09-16,メルヘンワールド亘理店,スマスロ北斗の拳 転生の章2,429,,2956,,https://min-repo.com/3354878/?kishu=all
2026-09-16,メルヘンワールド亘理店,スマスロ北斗の拳 転生の章2,428,,3410,,https://min-repo.com/3354878/?kishu=all
2026-09-16,メルヘンワールド亘理店,スマスロ北斗の拳 転生の章2,427,,596,,https://min-repo.com/3354878/?kishu=all
2026-09-16,メルヘンワールド亘理店,スマスロ北斗の拳 転生の章2,426,1,1363,100.0,https://min-repo.com/3354878/?kishu=all
2026-09-16,メルヘンワールド亘理店,スマスロ北斗の拳 転生の章2,425,,2627,,https://min-repo.com/3354878/?kishu=all
2026-09-16,メルヘンワールド亘理店,スマスロ化物語,705,0,0,,https://min-repo.com/3354878/?kishu=all
2026-09-16,メルヘンワールド亘理店,スマスロ化物語,704,0,833,100.0,https://min-repo.com/3354878/?kishu=all
2026-09-16,メルヘンワールド亘理店,スマスロ化物語,703,0,0,,https://min-repo.com/3354878/?kishu=all
2026-09-16,メルヘンワールド亘理店,スマスロ化物語,702,1,1657,100.0,https://min-repo.com/3354878/?kishu=all
2026-09-16,メルヘンワールド亘理店,スマスロ化物語,701,0,0,,https://min-repo.com/3354878/?kishu=all
2026-09-16,メルヘンワールド亘理店,スマスロ化物語,700,,1758,,https://min-repo.com/3354878/?kishu=all
2026-09-16,メルヘンワールド亘理店,スマスロモンキーターンV,400,1,191,100.2,https://min-repo.com/3354878/?kishu=all
2026-09-16,メルヘンワールド亘理店,スマスロモンキーターンV,399,1,186,100.2,https://min-repo.com/3354878/?kishu=all
2026-09-16,メルヘンワールド亘理店,スマスロモンキーターンV,398,,2956,,https://min-repo.com/3354878/?kishu=all
2026-09-16,メルヘンワールド亘理店,スマスロモンキーターンV,397,,395,,https://min-repo.com/3354878/?kishu=all
2026-09-16,メルヘンワールド亘理店,スマスロモンキーターンV,396,1,5503,100.0,https://min-repo.com/3354878/?kishu=all
2026-09-16,メルヘンワールド亘理店,スマスロモンキーターンV,395,1,293,100.1,https://min-repo.com/3354878/?kishu=all
2026-09-16,メルヘンワールド亘理店,スマスロモンキーターンV,394,,618,,https://min-repo.com/3354878/?kishu=all
2026-09-16,メルヘンワールド亘理店,スマスロモンキーターンV,393,,724,,https://min-repo.com/3354878/?kishu=all
2026-09-16,メルヘンワールド亘理店,スマスロケロット5BT,643,1,341,100.1,https://min-repo.com/3354878/?kishu=all
2026-09-16,メルヘンワールド亘理店,スマスロとある科学の超電磁砲2,639,,298,,https://min-repo.com/3354878/?kishu=all
2026-09-16,メルヘンワールド亘理店,スマスロ 銀河英雄伝説 Die Neue These,631,,250,,https://min-repo.com/3354878/?kishu=all
2026-09-16,メルヘンワールド亘理店,スマスロ 甲鉄城のカバネリ 海門決戦,408,,2334,,https://min-repo.com/3354878/?kishu=all
2026-09-16,メルヘンワールド亘理店,スマスロ 甲鉄城のカバネリ 海門決戦,407,1,5234,100.0,https://min-repo.com/3354878/?kishu=all
2026-09-16,メルヘンワールド亘理店,スマスロ 甲鉄城のカバネリ 海門決戦,406,,1697,,https://min-repo.com/3354878/?kishu=all
2026-09-16,メルヘンワールド亘理店,スマスロ 甲鉄城のカバネリ 海門決戦,405,1,5246,100.0,https://min-repo.com/3354878/?kishu=all
2026-09-16,メルヘンワールド亘理店,スマスロ 甲鉄城のカバネリ 海門決戦,404,,342,,https://min-repo.com/3354878/?kishu=all
2026-09-16,メルヘンワールド亘理店,スマスロ 甲鉄城のカバネリ 海門決戦,403,1,2157,100.0,https://min-repo.com/3354878/?kishu=all
2026-09-16,メルヘンワールド亘理店,スマスロ 甲鉄城のカバネリ 海門決戦,402,,4253,,https://min-repo.com/3354878/?kishu=all
2026-09-16,メルヘンワールド亘理店,スマスロ 甲鉄城のカバネリ 海門決戦,401,,2229,,https://min-repo.com/3354878/?kishu=all
2026-09-16,メルヘンワールド亘理店,スマスロ 沖ドキ!DUO アンコール,376,,380,,https://min-repo.com/3354878/?kishu=all
2026-09-16,メルヘンワールド亘理店,スマスロ 沖ドキ!DUO アンコール,375,,34,,https://min-repo.com/3354878/?kishu=all
2026-09-16,メルヘンワールド亘理店,スマスロ 沖ドキ!DUO アンコール,374,1,4073,100.0,https://min-repo.com/3354878/?kishu=all
2026-09-16,メルヘンワールド亘理店,スマスロ 沖ドキ!DUO アンコール,373,,57,,https://min-repo.com/3354878/?kishu=all
2026-09-16,メルヘンワールド亘理店,スマスロ 沖ドキ!DUO アンコール,372,1,257,100.1,https://min-repo.com/3354878/?kishu=all
2026-09-16,メルヘンワールド亘理店,スマスロ 沖ドキ!DUO アンコール,371,,150,,https://min-repo.com/3354878/?kishu=all
2026-09-16,メルヘンワールド亘理店,スマスロ 沖ドキ!DUO アンコール,370,,415,,https://min-repo.com/3354878/?kishu=all
2026-09-16,メルヘンワールド亘理店,スマスロ 沖ドキ!DUO アンコール,369,1,479,100.1,https://min-repo.com/3354878/?kishu=all
2026-09-16,メルヘンワールド亘理店,スマスロ 東京リベンジャーズ,623,,678,,https://min-repo.com/3354878/?kishu=all
2026-09-16,メルヘンワールド亘理店,スマスロ リコリス・リコイル,711,,4661,,https://min-repo.com/3354878/?kishu=all
2026-09-16,メルヘンワールド亘理店,スマスロ リコリス・リコイル,710,1,7600,100.0,https://min-repo.com/3354878/?kishu=all
2026-09-16,メルヘンワールド亘理店,スマスロ リコリス・リコイル,709,,1545,,https://min-repo.com/3354878/?kishu=all
2026-09-16,メルヘンワールド亘理店,スマスロ リコリス・リコイル,708,1,4623,100.0,https://min-repo.com/3354878/?kishu=all
2026-09-16,メルヘンワールド亘理店,スマスロ リコリス・リコイル,707,,3328,,https://min-repo.com/3354878/?kishu=all
2026-09-16,メルヘンワールド亘理店,スマスロ リコリス・リコイル,706,,5424,,https://min-repo.com/3354878/?kishu=all
2026-09-16,メルヘンワールド亘理店,スマスロ モンスターハンターライズ,667,,1874,,https://min-repo.com/3354878/?kishu=all
2026-09-16,メルヘンワールド亘理店,スマスロ モンスターハンターライズ,666,1,906,100.0,https://min-repo.com/3354878/?kishu=all
2026-09-16,メルヘンワールド亘理店,スマスロ モンスターハンターライズ,665,1,2158,100.0,https://min-repo.com/3354878/?kishu=all
2026-09-16,メルヘンワールド亘理店,スマスロ モンスターハンターライズ,664,,413,,https://min-repo.com/3354878/?kishu=all
2026-09-16,メルヘンワールド亘理店,スマスロ モンスターハンターライズ,663,,777,,https://min-repo.com/3354878/?kishu=all
2026-09-16,メルヘンワールド亘理店,スマスロ ミリオンゴッド-神々の軌跡-,368,1,4546,100.0,https://min-repo.com/3354878/?kishu=all
2026-09-16,メルヘンワールド亘理店,スマスロ ミリオンゴッド-神々の軌跡-,367,,1516,,https://min-repo.com/3354878/?kishu=all
2026-09-16,メルヘンワールド亘理店,スマスロ ミリオンゴッド-神々の軌跡-,366,,1873,,https://min-repo.com/3354878/?kishu=all
2026-09-16,メルヘンワールド亘理店,スマスロ ミリオンゴッド-神々の軌跡-,365,1,469,100.1,https://min-repo.com/3354878/?kishu=all
2026-09-16,メルヘンワールド亘理店,スマスロ ミリオンゴッド-神々の軌跡-,364,,607,,https://min-repo.com/3354878/?kishu=all
2026-09-16,メルヘンワールド亘理店,スマスロ ミリオンゴッド-神々の軌跡-,363,,1841,,https://min-repo.com/3354878/?kishu=all
2026-09-16,メルヘンワールド亘理店,スマスロ マギアレコード 魔法少女まどか☆マギカ外伝,416,1,1205,100.0,https://min-repo.com/3354878/?kishu=all
2026-09-16,メルヘンワールド亘理店,スマスロ マギアレコード 魔法少女まどか☆マギカ外伝,415,1,1314,100.0,https://min-repo.com/3354878/?kishu=all
2026-09-16,メルヘンワールド亘理店,スマスロ マギアレコード 魔法少女まどか☆マギカ外伝,414,,683,,https://min-repo.com/3354878/?kishu=all
2026-09-16,メルヘンワールド亘理店,スマスロ マギアレコード 魔法少女まどか☆マギカ外伝,413,,2765,,https://min-repo.com/3354878/?kishu=all
2026-09-16,メルヘンワールド亘理店,スマスロ マギアレコード 魔法少女まどか☆マギカ外伝,412,,299,,https://min-repo.com/3354878/?kishu=all
2026-09-16,メルヘンワールド亘理店,スマスロ マギアレコード 魔法少女まどか☆マギカ外伝,411,,3163,,https://min-repo.com/3354878/?kishu=all
2026-09-16,メルヘンワールド亘理店,スマスロ マギアレコード 魔法少女まどか☆マギカ外伝,410,1,1118,100.0,https://min-repo.com/3354878/?kishu=all
2026-09-16,メルヘンワールド亘理店,スマスロ マギアレコード 魔法少女まどか☆マギカ外伝,409,,359,,https://min-repo.com/3354878/?kishu=all
2026-09-16,メルヘンワールド亘理店,スマスロ バイオハザードRE:3,657,,452,,https://min-repo.com/3354878/?kishu=all
2026-09-16,メルヘンワールド亘理店,スマスロ バイオハザードRE:3,656,,163,,https://min-repo.com/3354878/?kishu=all
2026-09-16,メルヘンワールド亘理店,スマスロ バイオハザードRE:3,655,,7,,https://min-repo.com/3354878/?kishu=all
2026-09-16,メルヘンワールド亘理店,スマスロ バイオハザードRE:3,654,,448,,https://min-repo.com/3354878/?kishu=all
2026-09-16,メルヘンワールド亘理店,スマスロ ハナビ,302,,6099,,https://min-repo.com/3354878/?kishu=all
2026-09-16,メルヘンワールド亘理店,スマスロ ハナビ,301,,542,,https://min-repo.com/3354878/?kishu=all
2026-09-16,メルヘンワールド亘理店,スマスロ ハナビ,300,1,1053,100.0,https://min-repo.com/3354878/?kishu=all
2026-09-16,メルヘンワールド亘理店,スマスロ ハナビ,299,,2986,,https://min-repo.com/3354878/?kishu=all
2026-09-16,メルヘンワールド亘理店,スマスロ スーパーブラックジャック,633,,730,,https://min-repo.com/3354878/?kishu=all
2026-09-16,メルヘンワールド亘理店,スマスロ ストリートファイター6,617,,4131,,https://min-repo.com/3354878/?kishu=all
2026-09-16,メルヘンワールド亘理店,スマスロ サンダーV,618,1,2364,100.0,https://min-repo.com/3354878/?kishu=all
2026-09-16,メルヘンワールド亘理店,スマスロ ゴッドイーター リザレクション,424,,541,,https://min-repo.com/3354878/?kishu=all
2026-09-16,メルヘンワールド亘理店,スマスロ ゴッドイーター リザレクション,423,,328,,https://min-repo.com/3354878/?kishu=all
2026-09-16,メルヘンワールド亘理店,スマスロ ゴッドイーター リザレクション,422,1,765,100.0,https://min-repo.com/3354878/?kishu=all
2026-09-16,メルヘンワールド亘理店,スマスロ ゴッドイーター リザレクション,421,1,129,100.3,https://min-repo.com/3354878/?kishu=all
2026-09-16,メルヘンワールド亘理店,スマスロ ゴッドイーター リザレクション,420,,1450,,https://min-repo.com/3354878/?kishu=all
2026-09-16,メルヘンワールド亘理店,スマスロ ゴッドイーター リザレクション,419,,900,,https://min-repo.com/3354878/?kishu=all
2026-09-16,メルヘンワールド亘理店,スマスロ ゴッドイーター リザレクション,418,1,773,100.0,https://min-repo.com/3354878/?kishu=all
2026-09-16,メルヘンワールド亘理店,スマスロ ゴッドイーター リザレクション,417,1,389,100.1,https://min-repo.com/3354878/?kishu=all
2026-09-16,メルヘンワールド亘理店,スマスロ やじきた道中記参る！,649,,1803,,https://min-repo.com/3354878/?kishu=all
2026-09-16,メルヘンワールド亘理店,スマスロ やじきた道中記参る！,648,,218,,https://min-repo.com/3354878/?kishu=all
2026-09-16,メルヘンワールド亘理店,スマスロ やじきた道中記参る！,647,1,1809,100.0,https://min-repo.com/3354878/?kishu=all
2026-09-16,メルヘンワールド亘理店,スマスロ やじきた道中記参る！,646,1,2295,100.0,https://min-repo.com/3354878/?kishu=all
2026-09-16,メルヘンワールド亘理店,コードギアス反逆のルルーシュ３ C.C.&Kallen ver.,604,1,9640,100.0,https://min-repo.com/3354878/?kishu=all
2026-09-16,メルヘンワールド亘理店,クランキークレスト,310,,823,,https://min-repo.com/3354878/?kishu=all
2026-09-16,メルヘンワールド亘理店,クランキークレスト,309,,822,,https://min-repo.com/3354878/?kishu=all
2026-09-16,メルヘンワールド亘理店,クランキークレスト,308,,242,,https://min-repo.com/3354878/?kishu=all
2026-09-16,メルヘンワールド亘理店,クランキークレスト,307,1,4934,100.0,https://min-repo.com/3354878/?kishu=all
2026-09-16,メルヘンワールド亘理店,ウルトラミラクルジャグラー,322,,3718,,https://min-repo.com/3354878/?kishu=all
2026-09-16,メルヘンワールド亘理店,ウルトラミラクルジャグラー,321,,5244,,https://min-repo.com/3354878/?kishu=all
2026-09-16,メルヘンワールド亘理店,ウルトラミラクルジャグラー,320,1,2832,100.0,https://min-repo.com/3354878/?kishu=all
2026-09-16,メルヘンワールド亘理店,ウルトラミラクルジャグラー,319,1,6092,100.0,https://min-repo.com/3354878/?kishu=all
2026-09-16,メルヘンワールド亘理店,ウルトラミラクルジャグラー,318,,1875,,https://min-repo.com/3354878/?kishu=all
2026-09-16,メルヘンワールド亘理店,ウルトラミラクルジャグラー,317,,4829,,https://min-repo.com/3354878/?kishu=all
2026-09-16,メルヘンワールド亘理店,ウルトラミラクルジャグラー,316,,1506,,https://min-repo.com/3354878/?kishu=all
2026-09-16,メルヘンワールド亘理店,ウルトラミラクルジャグラー,315,,6198,,https://min-repo.com/3354878/?kishu=all
2026-09-16,メルヘンワールド亘理店,アレックス ブライト,637,1,3493,100.0,https://min-repo.com/3354878/?kishu=all
2026-09-16,メルヘンワールド亘理店,アオハル♪操 A-LIVE,589,,629,,https://min-repo.com/3354878/?kishu=all
2026-09-16,メルヘンワールド亘理店,この素晴らしい世界に祝福を！,612,,1000,,https://min-repo.com/3354878/?kishu=all
2026-09-16,メルヘンワールド亘理店,いざ！番長,687,,483,,https://min-repo.com/3354878/?kishu=all
2026-09-16,メルヘンワールド亘理店,いざ！番長,686,1,177,100.2,https://min-repo.com/3354878/?kishu=all
2026-09-16,メルヘンワールド亘理店,いざ！番長,685,1,740,100.0,https://min-repo.com/3354878/?kishu=all
2026-09-16,メルヘンワールド亘理店,いざ！番長,684,,226,,https://min-repo.com/3354878/?kishu=all
2026-09-16,メルヘンワールド亘理店,いざ！番長,683,,415,,https://min-repo.com/3354878/?kishu=all
2026-09-16,メルヘンワールド亘理店,SLOTドルアーガの塔,606,0,0,,https://min-repo.com/3354878/?kishu=all
2026-09-16,メルヘンワールド亘理店,SHAKE BONUS TRIGGER,630,1,5925,100.0,https://min-repo.com/3354878/?kishu=all
2026-09-16,メルヘンワールド亘理店,L青春ブタ野郎はバニーガール先輩の夢を見ない,635,,3642,,https://min-repo.com/3354878/?kishu=all
2026-09-16,メルヘンワールド亘理店,L邪神ちゃんドロップキック,622,,3999,,https://min-repo.com/3354878/?kishu=all
2026-09-16,メルヘンワールド亘理店,L虚構推理,636,1,444,100.1,https://min-repo.com/3354878/?kishu=all
2026-09-16,メルヘンワールド亘理店,L東京喰種,392,,1203,,https://min-repo.com/3354878/?kishu=all
2026-09-16,メルヘンワールド亘理店,L東京喰種,391,1,1371,100.0,https://min-repo.com/3354878/?kishu=all
2026-09-16,メルヘンワールド亘理店,L東京喰種,390,,269,,https://min-repo.com/3354878/?kishu=all
2026-09-16,メルヘンワールド亘理店,L東京喰種,389,,802,,https://min-repo.com/3354878/?kishu=all
2026-09-16,メルヘンワールド亘理店,L東京喰種,388,1,1350,100.0,https://min-repo.com/3354878/?kishu=all
2026-09-16,メルヘンワールド亘理店,L東京喰種,387,,584,,https://min-repo.com/3354878/?kishu=all
2026-09-16,メルヘンワールド亘理店,L東京喰種,386,,1414,,https://min-repo.com/3354878/?kishu=all
2026-09-16,メルヘンワールド亘理店,L東京喰種,385,,1645,,https://min-repo.com/3354878/?kishu=all
2026-09-16,メルヘンワールド亘理店,L戦国乙女４　戦乱に閃く炯眼の軍師,629,1,1541,100.0,https://min-repo.com/3354878/?kishu=all
2026-09-16,メルヘンワールド亘理店,L戦国乙女5 業火を穿つ宿焔の双刃,384,1,446,100.1,https://min-repo.com/3354878/?kishu=all
2026-09-16,メルヘンワールド亘理店,L戦国乙女5 業火を穿つ宿焔の双刃,383,1,960,100.0,https://min-repo.com/3354878/?kishu=all
2026-09-16,メルヘンワールド亘理店,L戦国乙女5 業火を穿つ宿焔の双刃,382,1,4077,100.0,https://min-repo.com/3354878/?kishu=all
2026-09-16,メルヘンワールド亘理店,L戦国乙女5 業火を穿つ宿焔の双刃,381,,2159,,https://min-repo.com/3354878/?kishu=all
2026-09-16,メルヘンワールド亘理店,L戦国乙女5 業火を穿つ宿焔の双刃,380,,974,,https://min-repo.com/3354878/?kishu=all
2026-09-16,メルヘンワールド亘理店,L戦国乙女5 業火を穿つ宿焔の双刃,379,,2839,,https://min-repo.com/3354878/?kishu=all
2026-09-16,メルヘンワールド亘理店,L戦国乙女5 業火を穿つ宿焔の双刃,378,,691,,https://min-repo.com/3354878/?kishu=all
2026-09-16,メルヘンワールド亘理店,L戦国乙女5 業火を穿つ宿焔の双刃,377,,1578,,https://min-repo.com/3354878/?kishu=all
2026-09-16,メルヘンワールド亘理店,L南国育ち SPECIAL,638,,1188,,https://min-repo.com/3354878/?kishu=all
2026-09-16,メルヘンワールド亘理店,Lパチスロ革命機ヴァルヴレイヴ2,672,1,4348,100.0,https://min-repo.com/3354878/?kishu=all
2026-09-16,メルヘンワールド亘理店,Lパチスロ革命機ヴァルヴレイヴ2,671,,12,,https://min-repo.com/3354878/?kishu=all
2026-09-16,メルヘンワールド亘理店,Lパチスロ革命機ヴァルヴレイヴ2,670,,1094,,https://min-repo.com/3354878/?kishu=all
2026-09-16,メルヘンワールド亘理店,Lパチスロ革命機ヴァルヴレイヴ2,669,,155,,https://min-repo.com/3354878/?kishu=all
2026-09-16,メルヘンワールド亘理店,Lパチスロ革命機ヴァルヴレイヴ2,668,1,1834,100.0,https://min-repo.com/3354878/?kishu=all
2026-09-16,メルヘンワールド亘理店,Lパチスロ革命機ヴァルヴレイヴ,677,0,0,,https://min-repo.com/3354878/?kishu=all
2026-09-16,メルヘンワールド亘理店,Lパチスロ革命機ヴァルヴレイヴ,676,0,0,,https://min-repo.com/3354878/?kishu=all
2026-09-16,メルヘンワールド亘理店,Lパチスロ革命機ヴァルヴレイヴ,675,0,0,,https://min-repo.com/3354878/?kishu=all
2026-09-16,メルヘンワールド亘理店,Lパチスロ革命機ヴァルヴレイヴ,674,0,0,,https://min-repo.com/3354878/?kishu=all
2026-09-16,メルヘンワールド亘理店,Lパチスロ革命機ヴァルヴレイヴ,673,,1231,,https://min-repo.com/3354878/?kishu=all
2026-09-16,メルヘンワールド亘理店,Lパチスロ炎炎ノ消防隊2,627,1,1834,100.0,https://min-repo.com/3354878/?kishu=all
2026-09-16,メルヘンワールド亘理店,Lパチスロ彼女、お借りします,625,1,4907,100.0,https://min-repo.com/3354878/?kishu=all
2026-09-16,メルヘンワールド亘理店,Lパチスロ喰霊-零-Re,620,,2889,,https://min-repo.com/3354878/?kishu=all
2026-09-16,メルヘンワールド亘理店,Lパチスロガールズ＆パンツァー 最終章,624,,361,,https://min-repo.com/3354878/?kishu=all
2026-09-16,メルヘンワールド亘理店,Lパチスロからくりサーカス2,662,,924,,https://min-repo.com/3354878/?kishu=all
2026-09-16,メルヘンワールド亘理店,Lパチスロからくりサーカス2,661,1,888,100.0,https://min-repo.com/3354878/?kishu=all
2026-09-16,メルヘンワールド亘理店,Lパチスロからくりサーカス2,660,,1227,,https://min-repo.com/3354878/?kishu=all
2026-09-16,メルヘンワールド亘理店,Lパチスロからくりサーカス2,659,,407,,https://min-repo.com/3354878/?kishu=all
2026-09-16,メルヘンワールド亘理店,Lパチスロからくりサーカス2,658,,153,,https://min-repo.com/3354878/?kishu=all
2026-09-16,メルヘンワールド亘理店,Lパチスロ かぐや様は告らせたい,619,,1676,,https://min-repo.com/3354878/?kishu=all
2026-09-16,メルヘンワールド亘理店,Lタクトオーパス デスティニー,644,,226,,https://min-repo.com/3354878/?kishu=all
2026-09-16,メルヘンワールド亘理店,Lスーパービンゴネオ,457,0,0,,https://min-repo.com/3354878/?kishu=all
2026-09-16,メルヘンワールド亘理店,Lスマスロ北斗の拳,699,1,4621,100.0,https://min-repo.com/3354878/?kishu=all
2026-09-16,メルヘンワールド亘理店,Lスマスロ北斗の拳,698,1,1054,100.0,https://min-repo.com/3354878/?kishu=all
2026-09-16,メルヘンワールド亘理店,Lスマスロ北斗の拳,697,,3626,,https://min-repo.com/3354878/?kishu=all
2026-09-16,メルヘンワールド亘理店,Lスマスロ北斗の拳,696,1,3089,100.0,https://min-repo.com/3354878/?kishu=all
2026-09-16,メルヘンワールド亘理店,Lスマスロ北斗の拳,695,,3546,,https://min-repo.com/3354878/?kishu=all
2026-09-16,メルヘンワールド亘理店,Lスマスロ北斗の拳,694,,457,,https://min-repo.com/3354878/?kishu=all
2026-09-16,メルヘンワールド亘理店,Lスマスロ北斗の拳,693,,681,,https://min-repo.com/3354878/?kishu=all
2026-09-16,メルヘンワールド亘理店,Lスマスロ北斗の拳,692,,1027,,https://min-repo.com/3354878/?kishu=all
2026-09-16,メルヘンワールド亘理店,Lスマスロ北斗の拳,691,1,1174,100.0,https://min-repo.com/3354878/?kishu=all
2026-09-16,メルヘンワールド亘理店,Lスマスロ北斗の拳,690,,928,,https://min-repo.com/3354878/?kishu=all
2026-09-16,メルヘンワールド亘理店,Lスマスロ北斗の拳,689,,624,,https://min-repo.com/3354878/?kishu=all
2026-09-16,メルヘンワールド亘理店,Lスマスロ北斗の拳,688,,4256,,https://min-repo.com/3354878/?kishu=all
2026-09-16,メルヘンワールド亘理店,L ToLOVEるダークネス TRANCE ver.8.7,640,,1963,,https://min-repo.com/3354878/?kishu=all
2026-09-16,メルヘンワールド亘理店,A-SLOT+異世界かるてっとBT,641,1,1487,100.0,https://min-repo.com/3354878/?kishu=all
2026-09-16,メルヘンワールド亘理店,A-SLOT+ ディスクアップ ULTRAREMIX,632,,2209,,https://min-repo.com/3354878/?kishu=all
2026-09-16,パラディソ沖野店,麻雀格闘倶楽部参,661,1,2580,100.0,https://min-repo.com/3355176/?kishu=all
2026-09-16,パラディソ沖野店,真打 吉宗,1370,,2976,,https://min-repo.com/3355176/?kishu=all
2026-09-16,パラディソ沖野店,真打 吉宗,1368,,513,,https://min-repo.com/3355176/?kishu=all
2026-09-16,パラディソ沖野店,真打 吉宗,1367,,1139,,https://min-repo.com/3355176/?kishu=all
2026-09-16,パラディソ沖野店,真打 吉宗,1366,1,3526,100.0,https://min-repo.com/3355176/?kishu=all
2026-09-16,パラディソ沖野店,真打 吉宗,1365,1,2927,100.0,https://min-repo.com/3355176/?kishu=all
2026-09-16,パラディソ沖野店,真打 吉宗,1363,1,1733,100.0,https://min-repo.com/3355176/?kishu=all
2026-09-16,パラディソ沖野店,真打 吉宗,1362,,593,,https://min-repo.com/3355176/?kishu=all
2026-09-16,パラディソ沖野店,真打 吉宗,1361,1,3969,100.0,https://min-repo.com/3355176/?kishu=all
2026-09-16,パラディソ沖野店,沖ドキ！ＧＯＬＤ-30,600,,431,,https://min-repo.com/3355176/?kishu=all
2026-09-16,パラディソ沖野店,沖ドキ！ＧＯＬＤ-30,588,,742,,https://min-repo.com/3355176/?kishu=all
2026-09-16,パラディソ沖野店,沖ドキ！ＧＯＬＤ-30,587,,2973,,https://min-repo.com/3355176/?kishu=all
2026-09-16,パラディソ沖野店,沖ドキ！ＧＯＬＤ-30,586,,57,,https://min-repo.com/3355176/?kishu=all
2026-09-16,パラディソ沖野店,沖ドキ！ＧＯＬＤ-30,585,,492,,https://min-repo.com/3355176/?kishu=all
2026-09-16,パラディソ沖野店,沖ドキ！ＧＯＬＤ-30,583,,328,,https://min-repo.com/3355176/?kishu=all
2026-09-16,パラディソ沖野店,沖ドキ！ＧＯＬＤ-30,582,,2310,,https://min-repo.com/3355176/?kishu=all
2026-09-16,パラディソ沖野店,沖ドキ！ＧＯＬＤ-30,581,,116,,https://min-repo.com/3355176/?kishu=all
2026-09-16,パラディソ沖野店,沖ドキ！ＧＯＬＤ-30,580,1,517,100.1,https://min-repo.com/3355176/?kishu=all
2026-09-16,パラディソ沖野店,沖ドキ！ＧＯＬＤ-30,578,,97,,https://min-repo.com/3355176/?kishu=all
2026-09-16,パラディソ沖野店,沖ドキ！BLACK,577,,2296,,https://min-repo.com/3355176/?kishu=all
2026-09-16,パラディソ沖野店,沖ドキ！BLACK,576,1,1167,100.0,https://min-repo.com/3355176/?kishu=all
2026-09-16,パラディソ沖野店,沖ドキ！BLACK,575,,89,,https://min-repo.com/3355176/?kishu=all
2026-09-16,パラディソ沖野店,沖ドキ！BLACK,573,1,363,100.1,https://min-repo.com/3355176/?kishu=all
2026-09-16,パラディソ沖野店,沖ドキ！BLACK,572,,85,,https://min-repo.com/3355176/?kishu=all
2026-09-16,パラディソ沖野店,沖ドキ！BLACK,571,1,2860,100.0,https://min-repo.com/3355176/?kishu=all
2026-09-16,パラディソ沖野店,新ハナビ,656,,1285,,https://min-repo.com/3355176/?kishu=all
2026-09-16,パラディソ沖野店,新ハナビ,655,,1340,,https://min-repo.com/3355176/?kishu=all
2026-09-16,パラディソ沖野店,押忍！番長ＺＥＲＯ,663,,4195,,https://min-repo.com/3355176/?kishu=all
2026-09-16,パラディソ沖野店,押忍！番長ＺＥＲＯ,662,0,0,,https://min-repo.com/3355176/?kishu=all
2026-09-16,パラディソ沖野店,戦国コレクション6,1615,,2817,,https://min-repo.com/3355176/?kishu=all
2026-09-16,パラディソ沖野店,戦国コレクション6,1613,,4028,,https://min-repo.com/3355176/?kishu=all
2026-09-16,パラディソ沖野店,戦国コレクション6,1612,,4038,,https://min-repo.com/3355176/?kishu=all
2026-09-16,パラディソ沖野店,戦国コレクション6,1611,1,8591,100.0,https://min-repo.com/3355176/?kishu=all
2026-09-16,パラディソ沖野店,交響詩篇エウレカセブン HI-EVOLUTION ZERO TYPE-ART,667,,3538,,https://min-repo.com/3355176/?kishu=all
2026-09-16,パラディソ沖野店,交響詩篇エウレカセブン HI-EVOLUTION ZERO TYPE-ART,666,,1332,,https://min-repo.com/3355176/?kishu=all
2026-09-16,パラディソ沖野店,交響詩篇エウレカセブン HI-EVOLUTION ZERO TYPE-ART,665,1,3180,100.0,https://min-repo.com/3355176/?kishu=all
2026-09-16,パラディソ沖野店,ローティス,815,1,2429,100.0,https://min-repo.com/3355176/?kishu=all
2026-09-16,パラディソ沖野店,ミスタージャグラー,1557,,1200,,https://min-repo.com/3355176/?kishu=all
2026-09-16,パラディソ沖野店,ミスタージャグラー,1556,,1371,,https://min-repo.com/3355176/?kishu=all
2026-09-16,パラディソ沖野店,マイジャグラーV,1520,1,7618,100.0,https://min-repo.com/3355176/?kishu=all
2026-09-16,パラディソ沖野店,マイジャグラーV,1518,,6237,,https://min-repo.com/3355176/?kishu=all
2026-09-16,パラディソ沖野店,マイジャグラーV,1517,1,5549,100.0,https://min-repo.com/3355176/?kishu=all
2026-09-16,パラディソ沖野店,マイジャグラーV,1516,1,7906,100.0,https://min-repo.com/3355176/?kishu=all
2026-09-16,パラディソ沖野店,マイジャグラーV,1515,,3780,,https://min-repo.com/3355176/?kishu=all
2026-09-16,パラディソ沖野店,マイジャグラーV,1513,,6138,,https://min-repo.com/3355176/?kishu=all
2026-09-16,パラディソ沖野店,マイジャグラーV,1512,1,7041,100.0,https://min-repo.com/3355176/?kishu=all
2026-09-16,パラディソ沖野店,マイジャグラーV,1511,,7651,,https://min-repo.com/3355176/?kishu=all
2026-09-16,パラディソ沖野店,マイジャグラーV,1510,1,4513,100.0,https://min-repo.com/3355176/?kishu=all
2026-09-16,パラディソ沖野店,マイジャグラーV,1508,,5643,,https://min-repo.com/3355176/?kishu=all
2026-09-16,パラディソ沖野店,マイジャグラーV,1507,,6643,,https://min-repo.com/3355176/?kishu=all
2026-09-16,パラディソ沖野店,マイジャグラーV,1506,1,7517,100.0,https://min-repo.com/3355176/?kishu=all
2026-09-16,パラディソ沖野店,マイジャグラーV,1505,,1736,,https://min-repo.com/3355176/?kishu=all
2026-09-16,パラディソ沖野店,マイジャグラーV,1503,,6654,,https://min-repo.com/3355176/?kishu=all
2026-09-16,パラディソ沖野店,マイジャグラーV,1502,,6230,,https://min-repo.com/3355176/?kishu=all
2026-09-16,パラディソ沖野店,マイジャグラーV,1501,,3451,,https://min-repo.com/3355176/?kishu=all
2026-09-16,パラディソ沖野店,マイジャグラーV,1500,1,6904,100.0,https://min-repo.com/3355176/?kishu=all
2026-09-16,パラディソ沖野店,マイジャグラーV,1388,1,8907,100.0,https://min-repo.com/3355176/?kishu=all
2026-09-16,パラディソ沖野店,マイジャグラーV,1387,,4369,,https://min-repo.com/3355176/?kishu=all
2026-09-16,パラディソ沖野店,マイジャグラーV,1386,,4384,,https://min-repo.com/3355176/?kishu=all
2026-09-16,パラディソ沖野店,マイジャグラーV,1385,,4251,,https://min-repo.com/3355176/?kishu=all
2026-09-16,パラディソ沖野店,マイジャグラーV,1383,,1900,,https://min-repo.com/3355176/?kishu=all
2026-09-16,パラディソ沖野店,マイジャグラーV,1382,1,8199,100.0,https://min-repo.com/3355176/?kishu=all
2026-09-16,パラディソ沖野店,マイジャグラーV,1381,1,5402,100.0,https://min-repo.com/3355176/?kishu=all
2026-09-16,パラディソ沖野店,マイジャグラーV,1380,,6328,,https://min-repo.com/3355176/?kishu=all
2026-09-16,パラディソ沖野店,マイジャグラーV,1378,,2179,,https://min-repo.com/3355176/?kishu=all
2026-09-16,パラディソ沖野店,マイジャグラーV,1377,1,5051,100.0,https://min-repo.com/3355176/?kishu=all
2026-09-16,パラディソ沖野店,マイジャグラーV,1376,,5235,,https://min-repo.com/3355176/?kishu=all
2026-09-16,パラディソ沖野店,マイジャグラーV,1375,1,6009,100.0,https://min-repo.com/3355176/?kishu=all
2026-09-16,パラディソ沖野店,マイジャグラーV,1373,1,7685,100.0,https://min-repo.com/3355176/?kishu=all
2026-09-16,パラディソ沖野店,マイジャグラーV,1372,1,4745,100.0,https://min-repo.com/3355176/?kishu=all
2026-09-16,パラディソ沖野店,マイジャグラーV,1371,,4739,,https://min-repo.com/3355176/?kishu=all
2026-09-16,パラディソ沖野店,ファンキージャグラー２ＫＴ,1550,,8325,,https://min-repo.com/3355176/?kishu=all
2026-09-16,パラディソ沖野店,ファンキージャグラー２ＫＴ,1538,1,8450,100.0,https://min-repo.com/3355176/?kishu=all
2026-09-16,パラディソ沖野店,ファンキージャグラー２ＫＴ,1537,1,10096,100.0,https://min-repo.com/3355176/?kishu=all
2026-09-16,パラディソ沖野店,ファンキージャグラー２ＫＴ,1536,1,9781,100.0,https://min-repo.com/3355176/?kishu=all
2026-09-16,パラディソ沖野店,ファンキージャグラー２ＫＴ,1535,1,8979,100.0,https://min-repo.com/3355176/?kishu=all
2026-09-16,パラディソ沖野店,ファンキージャグラー２ＫＴ,1533,,6751,,https://min-repo.com/3355176/?kishu=all
2026-09-16,パラディソ沖野店,ファンキージャグラー２ＫＴ,1532,1,7705,100.0,https://min-repo.com/3355176/?kishu=all
2026-09-16,パラディソ沖野店,パチスロハイパーラッシュ,660,,2610,,https://min-repo.com/3355176/?kishu=all
2026-09-16,パラディソ沖野店,パチスロ　甲鉄城のカバネリ,670,1,1731,100.0,https://min-repo.com/3355176/?kishu=all
2026-09-16,パラディソ沖野店,パチスロ　甲鉄城のカバネリ,668,0,0,,https://min-repo.com/3355176/?kishu=all
2026-09-16,パラディソ沖野店,バーサスリヴァイズ,658,,1012,,https://min-repo.com/3355176/?kishu=all
2026-09-16,パラディソ沖野店,バーサスリヴァイズ,657,,3320,,https://min-repo.com/3355176/?kishu=all
2026-09-16,パラディソ沖野店,ハナハナホウオウ～天翔～-30,557,,1081,,https://min-repo.com/3355176/?kishu=all
2026-09-16,パラディソ沖野店,ハナハナホウオウ～天翔～-30,556,,2709,,https://min-repo.com/3355176/?kishu=all
2026-09-16,パラディソ沖野店,ハナハナホウオウ～天翔～-30,555,,815,,https://min-repo.com/3355176/?kishu=all
2026-09-16,パラディソ沖野店,ハナハナホウオウ～天翔～-30,553,,731,,https://min-repo.com/3355176/?kishu=all
2026-09-16,パラディソ沖野店,ハナハナホウオウ～天翔～-30,552,,1347,,https://min-repo.com/3355176/?kishu=all
2026-09-16,パラディソ沖野店,ハナハナホウオウ～天翔～-30,551,,2348,,https://min-repo.com/3355176/?kishu=all
2026-09-16,パラディソ沖野店,ハッピージャグラーＶＩＩＩ,650,,3219,,https://min-repo.com/3355176/?kishu=all
2026-09-16,パラディソ沖野店,ハッピージャグラーＶＩＩＩ,638,1,6740,100.0,https://min-repo.com/3355176/?kishu=all
2026-09-16,パラディソ沖野店,ハッピージャグラーＶＩＩＩ,637,,614,,https://min-repo.com/3355176/?kishu=all
2026-09-16,パラディソ沖野店,ハッピージャグラーＶＩＩＩ,636,1,6124,100.0,https://min-repo.com/3355176/?kishu=all
2026-09-16,パラディソ沖野店,ハッピージャグラーＶＩＩＩ,635,1,1051,100.0,https://min-repo.com/3355176/?kishu=all
2026-09-16,パラディソ沖野店,ハッピージャグラーＶＩＩＩ,633,,2781,,https://min-repo.com/3355176/?kishu=all
2026-09-16,パラディソ沖野店,ハッピージャグラーＶＩＩＩ,632,,1047,,https://min-repo.com/3355176/?kishu=all
2026-09-16,パラディソ沖野店,ハッピージャグラーＶＩＩＩ,610,1,3268,100.0,https://min-repo.com/3355176/?kishu=all
2026-09-16,パラディソ沖野店,ハッピージャグラーＶＩＩＩ,608,,1960,,https://min-repo.com/3355176/?kishu=all
2026-09-16,パラディソ沖野店,ハッピージャグラーＶＩＩＩ,607,1,1573,100.0,https://min-repo.com/3355176/?kishu=all
2026-09-16,パラディソ沖野店,ハッピージャグラーＶＩＩＩ,606,,1241,,https://min-repo.com/3355176/?kishu=all
2026-09-16,パラディソ沖野店,ハッピージャグラーＶＩＩＩ,605,,712,,https://min-repo.com/3355176/?kishu=all
2026-09-16,パラディソ沖野店,ハッピージャグラーＶＩＩＩ,603,,756,,https://min-repo.com/3355176/?kishu=all
2026-09-16,パラディソ沖野店,ハッピージャグラーＶＩＩＩ,602,1,7127,100.0,https://min-repo.com/3355176/?kishu=all
2026-09-16,パラディソ沖野店,ハッピージャグラーＶＩＩＩ,601,1,2286,100.0,https://min-repo.com/3355176/?kishu=all
2026-09-16,パラディソ沖野店,ネオアイムジャグラーEX,1570,,3032,,https://min-repo.com/3355176/?kishu=all
2026-09-16,パラディソ沖野店,ネオアイムジャグラーEX,1568,1,6829,100.0,https://min-repo.com/3355176/?kishu=all
2026-09-16,パラディソ沖野店,ネオアイムジャグラーEX,1567,1,4487,100.0,https://min-repo.com/3355176/?kishu=all
2026-09-16,パラディソ沖野店,ネオアイムジャグラーEX,1566,,853,,https://min-repo.com/3355176/?kishu=all
2026-09-16,パラディソ沖野店,ネオアイムジャグラーEX,1565,1,6395,100.0,https://min-repo.com/3355176/?kishu=all
2026-09-16,パラディソ沖野店,ネオアイムジャグラーEX,1563,,719,,https://min-repo.com/3355176/?kishu=all
2026-09-16,パラディソ沖野店,ネオアイムジャグラーEX,1562,,3902,,https://min-repo.com/3355176/?kishu=all
2026-09-16,パラディソ沖野店,ネオアイムジャグラーEX,1561,1,5142,100.0,https://min-repo.com/3355176/?kishu=all
2026-09-16,パラディソ沖野店,ネオアイムジャグラーEX,1560,,1881,,https://min-repo.com/3355176/?kishu=all
2026-09-16,パラディソ沖野店,ネオアイムジャグラーEX,1558,,3538,,https://min-repo.com/3355176/?kishu=all
2026-09-16,パラディソ沖野店,ネオアイムジャグラーEX,1531,1,1898,100.0,https://min-repo.com/3355176/?kishu=all
2026-09-16,パラディソ沖野店,ネオアイムジャグラーEX,1530,1,2860,100.0,https://min-repo.com/3355176/?kishu=all
2026-09-16,パラディソ沖野店,ネオアイムジャグラーEX,1528,,3049,,https://min-repo.com/3355176/?kishu=all
2026-09-16,パラディソ沖野店,ネオアイムジャグラーEX,1527,1,8291,100.0,https://min-repo.com/3355176/?kishu=all
2026-09-16,パラディソ沖野店,ネオアイムジャグラーEX,1526,,3413,,https://min-repo.com/3355176/?kishu=all
2026-09-16,パラディソ沖野店,ネオアイムジャグラーEX,1525,,3103,,https://min-repo.com/3355176/?kishu=all
2026-09-16,パラディソ沖野店,ネオアイムジャグラーEX,1523,,1909,,https://min-repo.com/3355176/?kishu=all
2026-09-16,パラディソ沖野店,ネオアイムジャグラーEX,1522,1,8228,100.0,https://min-repo.com/3355176/?kishu=all
2026-09-16,パラディソ沖野店,ネオアイムジャグラーEX,1521,,1722,,https://min-repo.com/3355176/?kishu=all
2026-09-16,パラディソ沖野店,ニューパルサーSP4 with 太鼓の達人,652,,1376,,https://min-repo.com/3355176/?kishu=all
2026-09-16,パラディソ沖野店,ニューパルサーSP4 with 太鼓の達人,651,,1013,,https://min-repo.com/3355176/?kishu=all
2026-09-16,パラディソ沖野店,スロット ワールドダイスター,1707,,2882,,https://min-repo.com/3355176/?kishu=all
2026-09-16,パラディソ沖野店,スロット ワールドダイスター,1706,1,1973,100.0,https://min-repo.com/3355176/?kishu=all
2026-09-16,パラディソ沖野店,スロット ワールドダイスター,1705,,2349,,https://min-repo.com/3355176/?kishu=all
2026-09-16,パラディソ沖野店,スロット ワールドダイスター,1703,1,618,100.1,https://min-repo.com/3355176/?kishu=all
2026-09-16,パラディソ沖野店,スロット ソードアート・オンラインⅡ,1575,,6167,,https://min-repo.com/3355176/?kishu=all
2026-09-16,パラディソ沖野店,スロット ソードアート・オンラインⅡ,1573,,7733,,https://min-repo.com/3355176/?kishu=all
2026-09-16,パラディソ沖野店,スロット ソードアート・オンラインⅡ,1572,,6261,,https://min-repo.com/3355176/?kishu=all
2026-09-16,パラディソ沖野店,スロット ソードアート・オンラインⅡ,1571,,7570,,https://min-repo.com/3355176/?kishu=all
2026-09-16,パラディソ沖野店,スマスロ鉄拳6,1717,,3831,,https://min-repo.com/3355176/?kishu=all
2026-09-16,パラディソ沖野店,スマスロ鉄拳6,1716,,909,,https://min-repo.com/3355176/?kishu=all
2026-09-16,パラディソ沖野店,スマスロ鉄拳6,1715,,991,,https://min-repo.com/3355176/?kishu=all
2026-09-16,パラディソ沖野店,スマスロ鉄拳6,1713,1,843,100.0,https://min-repo.com/3355176/?kishu=all
2026-09-16,パラディソ沖野店,スマスロ痛いのは嫌なので防御力に極振りしたいと思います。,1652,1,2475,100.0,https://min-repo.com/3355176/?kishu=all
2026-09-16,パラディソ沖野店,スマスロ痛いのは嫌なので防御力に極振りしたいと思います。,1651,,913,,https://min-repo.com/3355176/?kishu=all
2026-09-16,パラディソ沖野店,スマスロ新鬼武者3,1352,,1223,,https://min-repo.com/3355176/?kishu=all
2026-09-16,パラディソ沖野店,スマスロ新鬼武者3,1351,1,4864,100.0,https://min-repo.com/3355176/?kishu=all
2026-09-16,パラディソ沖野店,スマスロ新鬼武者3,1350,,554,,https://min-repo.com/3355176/?kishu=all
2026-09-16,パラディソ沖野店,スマスロ新鬼武者3,1338,,1468,,https://min-repo.com/3355176/?kishu=all
2026-09-16,パラディソ沖野店,スマスロ北斗の拳 転生の章2,1650,1,8473,100.0,https://min-repo.com/3355176/?kishu=all
2026-09-16,パラディソ沖野店,スマスロ北斗の拳 転生の章2,1638,,1521,,https://min-repo.com/3355176/?kishu=all
2026-09-16,パラディソ沖野店,スマスロ北斗の拳 転生の章2,1637,,304,,https://min-repo.com/3355176/?kishu=all
2026-09-16,パラディソ沖野店,スマスロ北斗の拳 転生の章2,1636,,1141,,https://min-repo.com/3355176/?kishu=all
2026-09-16,パラディソ沖野店,スマスロ北斗の拳 転生の章2,1635,,2611,,https://min-repo.com/3355176/?kishu=all
2026-09-16,パラディソ沖野店,スマスロ北斗の拳 転生の章2,1633,1,815,100.0,https://min-repo.com/3355176/?kishu=all
2026-09-16,パラディソ沖野店,スマスロ北斗の拳 転生の章2,1632,1,2810,100.0,https://min-repo.com/3355176/?kishu=all
2026-09-16,パラディソ沖野店,スマスロ北斗の拳 転生の章2,1631,,1061,,https://min-repo.com/3355176/?kishu=all
2026-09-16,パラディソ沖野店,スマスロ化物語,1357,1,5626,100.0,https://min-repo.com/3355176/?kishu=all
2026-09-16,パラディソ沖野店,スマスロ化物語,1356,,1121,,https://min-repo.com/3355176/?kishu=all
2026-09-16,パラディソ沖野店,スマスロ化物語,1355,1,2079,100.0,https://min-repo.com/3355176/?kishu=all
2026-09-16,パラディソ沖野店,スマスロ化物語,1353,,799,,https://min-repo.com/3355176/?kishu=all
2026-09-16,パラディソ沖野店,スマスロモンキーターンV,1730,,2553,,https://min-repo.com/3355176/?kishu=all
2026-09-16,パラディソ沖野店,スマスロモンキーターンV,1728,,1817,,https://min-repo.com/3355176/?kishu=all
2026-09-16,パラディソ沖野店,スマスロモンキーターンV,1727,,7562,,https://min-repo.com/3355176/?kishu=all
2026-09-16,パラディソ沖野店,スマスロモンキーターンV,1726,1,2638,100.0,https://min-repo.com/3355176/?kishu=all
2026-09-16,パラディソ沖野店,スマスロモンキーターンV,1725,1,1170,100.0,https://min-repo.com/3355176/?kishu=all
2026-09-16,パラディソ沖野店,スマスロモンキーターンV,1723,,3627,,https://min-repo.com/3355176/?kishu=all
2026-09-16,パラディソ沖野店,スマスロモンキーターンV,1722,1,4917,100.0,https://min-repo.com/3355176/?kishu=all
2026-09-16,パラディソ沖野店,スマスロモンキーターンV,1721,,985,,https://min-repo.com/3355176/?kishu=all
2026-09-16,パラディソ沖野店,スマスロモンキーターンV,1720,,3204,,https://min-repo.com/3355176/?kishu=all
2026-09-16,パラディソ沖野店,スマスロモンキーターンV,1718,,3213,,https://min-repo.com/3355176/?kishu=all
2026-09-16,パラディソ沖野店,スマスロケロット5BT,700,1,4370,100.0,https://min-repo.com/3355176/?kishu=all
2026-09-16,パラディソ沖野店,スマスロケロット5BT,688,1,2154,100.0,https://min-repo.com/3355176/?kishu=all
2026-09-16,パラディソ沖野店,スマスロとある科学の超電磁砲2,810,,1125,,https://min-repo.com/3355176/?kishu=all
2026-09-16,パラディソ沖野店,スマスロ 甲鉄城のカバネリ 海門決戦,760,,4509,,https://min-repo.com/3355176/?kishu=all
2026-09-16,パラディソ沖野店,スマスロ 甲鉄城のカバネリ 海門決戦,758,,2490,,https://min-repo.com/3355176/?kishu=all
2026-09-16,パラディソ沖野店,スマスロ 甲鉄城のカバネリ 海門決戦,757,1,10135,100.0,https://min-repo.com/3355176/?kishu=all
2026-09-16,パラディソ沖野店,スマスロ 甲鉄城のカバネリ 海門決戦,756,1,2336,100.0,https://min-repo.com/3355176/?kishu=all
2026-09-16,パラディソ沖野店,スマスロ 甲鉄城のカバネリ 海門決戦,755,1,9851,100.0,https://min-repo.com/3355176/?kishu=all
2026-09-16,パラディソ沖野店,スマスロ 甲鉄城のカバネリ 海門決戦,753,,2091,,https://min-repo.com/3355176/?kishu=all
2026-09-16,パラディソ沖野店,スマスロ 甲鉄城のカバネリ 海門決戦,752,1,4758,100.0,https://min-repo.com/3355176/?kishu=all
2026-09-16,パラディソ沖野店,スマスロ 甲鉄城のカバネリ 海門決戦,751,,4788,,https://min-repo.com/3355176/?kishu=all
2026-09-16,パラディソ沖野店,スマスロ 甲鉄城のカバネリ 海門決戦,750,1,6204,100.0,https://min-repo.com/3355176/?kishu=all
2026-09-16,パラディソ沖野店,スマスロ 甲鉄城のカバネリ 海門決戦,738,,478,,https://min-repo.com/3355176/?kishu=all
2026-09-16,パラディソ沖野店,スマスロ 甲鉄城のカバネリ 海門決戦,737,1,4985,100.0,https://min-repo.com/3355176/?kishu=all
2026-09-16,パラディソ沖野店,スマスロ 甲鉄城のカバネリ 海門決戦,736,,4877,,https://min-repo.com/3355176/?kishu=all
2026-09-16,パラディソ沖野店,スマスロ 攻殻機動隊,801,,4978,,https://min-repo.com/3355176/?kishu=all
2026-09-16,パラディソ沖野店,スマスロ 攻殻機動隊,800,,2733,,https://min-repo.com/3355176/?kishu=all
2026-09-16,パラディソ沖野店,スマスロ リコリス・リコイル,1665,1,10317,100.0,https://min-repo.com/3355176/?kishu=all
2026-09-16,パラディソ沖野店,スマスロ リコリス・リコイル,1663,1,7964,100.0,https://min-repo.com/3355176/?kishu=all
2026-09-16,パラディソ沖野店,スマスロ リコリス・リコイル,1662,1,8101,100.0,https://min-repo.com/3355176/?kishu=all
2026-09-16,パラディソ沖野店,スマスロ リコリス・リコイル,1661,,7630,,https://min-repo.com/3355176/?kishu=all
2026-09-16,パラディソ沖野店,スマスロ リコリス・リコイル,1660,1,9093,100.0,https://min-repo.com/3355176/?kishu=all
2026-09-16,パラディソ沖野店,スマスロ リコリス・リコイル,1658,1,7542,100.0,https://min-repo.com/3355176/?kishu=all
2026-09-16,パラディソ沖野店,スマスロ リコリス・リコイル,1657,,9477,,https://min-repo.com/3355176/?kishu=all
2026-09-16,パラディソ沖野店,スマスロ リコリス・リコイル,1656,1,9311,100.0,https://min-repo.com/3355176/?kishu=all
2026-09-16,パラディソ沖野店,スマスロ リコリス・リコイル,1655,,6676,,https://min-repo.com/3355176/?kishu=all
2026-09-16,パラディソ沖野店,スマスロ リコリス・リコイル,1653,1,7506,100.0,https://min-repo.com/3355176/?kishu=all
2026-09-16,パラディソ沖野店,スマスロ モンスターハンターライズ,777,1,7667,100.0,https://min-repo.com/3355176/?kishu=all
2026-09-16,パラディソ沖野店,スマスロ モンスターハンターライズ,776,,8636,,https://min-repo.com/3355176/?kishu=all
2026-09-16,パラディソ沖野店,スマスロ モンスターハンターライズ,775,1,10747,100.0,https://min-repo.com/3355176/?kishu=all
2026-09-16,パラディソ沖野店,スマスロ モンスターハンターライズ,773,,6668,,https://min-repo.com/3355176/?kishu=all
2026-09-16,パラディソ沖野店,スマスロ ミリオンゴッド-神々の軌跡-,1680,1,4723,100.0,https://min-repo.com/3355176/?kishu=all
2026-09-16,パラディソ沖野店,スマスロ ミリオンゴッド-神々の軌跡-,1678,,89,,https://min-repo.com/3355176/?kishu=all
2026-09-16,パラディソ沖野店,スマスロ ミリオンゴッド-神々の軌跡-,1677,,8028,,https://min-repo.com/3355176/?kishu=all
2026-09-16,パラディソ沖野店,スマスロ ミリオンゴッド-神々の軌跡-,1676,,197,,https://min-repo.com/3355176/?kishu=all
2026-09-16,パラディソ沖野店,スマスロ ミリオンゴッド-神々の軌跡-,1675,,3109,,https://min-repo.com/3355176/?kishu=all
2026-09-16,パラディソ沖野店,スマスロ ミリオンゴッド-神々の軌跡-,1673,,749,,https://min-repo.com/3355176/?kishu=all
2026-09-16,パラディソ沖野店,スマスロ ミリオンゴッド-神々の軌跡-,1672,1,2581,100.0,https://min-repo.com/3355176/?kishu=all
2026-09-16,パラディソ沖野店,スマスロ ミリオンゴッド-神々の軌跡-,1671,,1032,,https://min-repo.com/3355176/?kishu=all
2026-09-16,パラディソ沖野店,スマスロ ミリオンゴッド-神々の軌跡-,1670,,1857,,https://min-repo.com/3355176/?kishu=all
2026-09-16,パラディソ沖野店,スマスロ ミリオンゴッド-神々の軌跡-,1668,,1024,,https://min-repo.com/3355176/?kishu=all
2026-09-16,パラディソ沖野店,スマスロ ミリオンゴッド-神々の軌跡-,1667,1,4140,100.0,https://min-repo.com/3355176/?kishu=all
2026-09-16,パラディソ沖野店,スマスロ ミリオンゴッド-神々の軌跡-,1666,,2257,,https://min-repo.com/3355176/?kishu=all
2026-09-16,パラディソ沖野店,スマスロ マギアレコード 魔法少女まどか☆マギカ外伝,1605,,4848,,https://min-repo.com/3355176/?kishu=all
2026-09-16,パラディソ沖野店,スマスロ マギアレコード 魔法少女まどか☆マギカ外伝,1603,,5859,,https://min-repo.com/3355176/?kishu=all
2026-09-16,パラディソ沖野店,スマスロ マギアレコード 魔法少女まどか☆マギカ外伝,1602,,920,,https://min-repo.com/3355176/?kishu=all
2026-09-16,パラディソ沖野店,スマスロ マギアレコード 魔法少女まどか☆マギカ外伝,1601,1,2280,100.0,https://min-repo.com/3355176/?kishu=all
2026-09-16,パラディソ沖野店,スマスロ バイオハザードRE:3,1585,,1505,,https://min-repo.com/3355176/?kishu=all
2026-09-16,パラディソ沖野店,スマスロ バイオハザードRE:3,1583,1,4743,100.0,https://min-repo.com/3355176/?kishu=all
2026-09-16,パラディソ沖野店,スマスロ バイオハザードRE:3,1582,,1375,,https://min-repo.com/3355176/?kishu=all
2026-09-16,パラディソ沖野店,スマスロ バイオハザードRE:3,1581,1,2928,100.0,https://min-repo.com/3355176/?kishu=all
2026-09-16,パラディソ沖野店,スマスロ ハナビ,675,,3692,,https://min-repo.com/3355176/?kishu=all
2026-09-16,パラディソ沖野店,スマスロ ハナビ,673,,5833,,https://min-repo.com/3355176/?kishu=all
2026-09-16,パラディソ沖野店,スマスロ ハナビ,672,1,2686,100.0,https://min-repo.com/3355176/?kishu=all
2026-09-16,パラディソ沖野店,スマスロ ハナビ,671,,3416,,https://min-repo.com/3355176/?kishu=all
2026-09-16,パラディソ沖野店,スマスロ タコスロ,682,,7537,,https://min-repo.com/3355176/?kishu=all
2026-09-16,パラディソ沖野店,スマスロ タコスロ,681,,6390,,https://min-repo.com/3355176/?kishu=all
2026-09-16,パラディソ沖野店,スマスロ スーパーリオエース2,813,1,5369,100.0,https://min-repo.com/3355176/?kishu=all
2026-09-16,パラディソ沖野店,スマスロ スーパーブラックジャック,803,1,1528,100.0,https://min-repo.com/3355176/?kishu=all
2026-09-16,パラディソ沖野店,スマスロ スーパーブラックジャック,802,,4351,,https://min-repo.com/3355176/?kishu=all
2026-09-16,パラディソ沖野店,スマスロ ストリートファイター6,1330,,3516,,https://min-repo.com/3355176/?kishu=all
2026-09-16,パラディソ沖野店,スマスロ ストリートファイター6,1328,,538,,https://min-repo.com/3355176/?kishu=all
2026-09-16,パラディソ沖野店,スマスロ ストリートファイター6,1327,,409,,https://min-repo.com/3355176/?kishu=all
2026-09-16,パラディソ沖野店,スマスロ ストリートファイター6,1326,,1267,,https://min-repo.com/3355176/?kishu=all
2026-09-16,パラディソ沖野店,スマスロ シャーマンキング,780,0,0,,https://min-repo.com/3355176/?kishu=all
2026-09-16,パラディソ沖野店,スマスロ シャーマンキング,778,1,351,100.1,https://min-repo.com/3355176/?kishu=all
2026-09-16,パラディソ沖野店,スマスロ サンダーV,677,,6260,,https://min-repo.com/3355176/?kishu=all
2026-09-16,パラディソ沖野店,スマスロ サンダーV,676,,3092,,https://min-repo.com/3355176/?kishu=all
2026-09-16,パラディソ沖野店,スマスロ ゴッドイーター リザレクション,1712,1,2057,100.0,https://min-repo.com/3355176/?kishu=all
2026-09-16,パラディソ沖野店,スマスロ ゴッドイーター リザレクション,1711,,898,,https://min-repo.com/3355176/?kishu=all
2026-09-16,パラディソ沖野店,スマスロ ゴッドイーター リザレクション,1710,1,712,100.0,https://min-repo.com/3355176/?kishu=all
2026-09-16,パラディソ沖野店,スマスロ ゴッドイーター リザレクション,1708,,1677,,https://min-repo.com/3355176/?kishu=all
2026-09-16,パラディソ沖野店,スマスロ やじきた道中記参る！,788,,2264,,https://min-repo.com/3355176/?kishu=all
2026-09-16,パラディソ沖野店,スマスロ やじきた道中記参る！,787,,3448,,https://min-repo.com/3355176/?kishu=all
2026-09-16,パラディソ沖野店,スマスロ やじきた道中記参る！,786,,1491,,https://min-repo.com/3355176/?kishu=all
2026-09-16,パラディソ沖野店,スマスロ とある魔術の禁書目録2,1580,,5285,,https://min-repo.com/3355176/?kishu=all
2026-09-16,パラディソ沖野店,スマスロ とある魔術の禁書目録2,1578,1,8190,100.0,https://min-repo.com/3355176/?kishu=all
2026-09-16,パラディソ沖野店,スマスロ とある魔術の禁書目録2,1577,,1460,,https://min-repo.com/3355176/?kishu=all
2026-09-16,パラディソ沖野店,スマスロ とある魔術の禁書目録2,1576,1,9686,100.0,https://min-repo.com/3355176/?kishu=all
2026-09-16,パラディソ沖野店,ジャグラーガールズSS,1555,,2536,,https://min-repo.com/3355176/?kishu=all
2026-09-16,パラディソ沖野店,ジャグラーガールズSS,1553,1,2284,100.0,https://min-repo.com/3355176/?kishu=all
2026-09-16,パラディソ沖野店,ジャグラーガールズSS,1552,,3901,,https://min-repo.com/3355176/?kishu=all
2026-09-16,パラディソ沖野店,ジャグラーガールズSS,1551,,1701,,https://min-repo.com/3355176/?kishu=all
2026-09-16,パラディソ沖野店,ゴーゴージャグラー３,627,1,4817,100.0,https://min-repo.com/3355176/?kishu=all
2026-09-16,パラディソ沖野店,ゴーゴージャグラー３,626,,925,,https://min-repo.com/3355176/?kishu=all
2026-09-16,パラディソ沖野店,ゴーゴージャグラー３,625,1,4086,100.0,https://min-repo.com/3355176/?kishu=all
2026-09-16,パラディソ沖野店,ゴーゴージャグラー３,623,,1036,,https://min-repo.com/3355176/?kishu=all
2026-09-16,パラディソ沖野店,ゴーゴージャグラー３,622,1,6296,100.0,https://min-repo.com/3355176/?kishu=all
2026-09-16,パラディソ沖野店,ゴーゴージャグラー３,621,,5254,,https://min-repo.com/3355176/?kishu=all
2026-09-16,パラディソ沖野店,ゴーゴージャグラー３,620,1,9558,100.0,https://min-repo.com/3355176/?kishu=all
2026-09-16,パラディソ沖野店,ゴーゴージャグラー３,618,,766,,https://min-repo.com/3355176/?kishu=all
2026-09-16,パラディソ沖野店,ゴーゴージャグラー３,617,,2576,,https://min-repo.com/3355176/?kishu=all
2026-09-16,パラディソ沖野店,ゴーゴージャグラー３,616,,3224,,https://min-repo.com/3355176/?kishu=all
2026-09-16,パラディソ沖野店,ゴーゴージャグラー３,615,,1094,,https://min-repo.com/3355176/?kishu=all
2026-09-16,パラディソ沖野店,ゴーゴージャグラー３,613,,2937,,https://min-repo.com/3355176/?kishu=all
2026-09-16,パラディソ沖野店,クレアの秘宝伝～はじまりの扉と太陽の石～ボーナストリガーver.,816,1,3540,100.0,https://min-repo.com/3355176/?kishu=all
2026-09-16,パラディソ沖野店,クランキークレスト,653,1,2636,100.0,https://min-repo.com/3355176/?kishu=all
2026-09-16,パラディソ沖野店,キングハナハナ-30,570,,2163,,https://min-repo.com/3355176/?kishu=all
2026-09-16,パラディソ沖野店,キングハナハナ-30,568,,484,,https://min-repo.com/3355176/?kishu=all
2026-09-16,パラディソ沖野店,キングハナハナ-30,567,,5442,,https://min-repo.com/3355176/?kishu=all
2026-09-16,パラディソ沖野店,キングハナハナ-30,566,,6365,,https://min-repo.com/3355176/?kishu=all
2026-09-16,パラディソ沖野店,キングハナハナ-30,565,,766,,https://min-repo.com/3355176/?kishu=all
2026-09-16,パラディソ沖野店,キングハナハナ-30,563,,536,,https://min-repo.com/3355176/?kishu=all
2026-09-16,パラディソ沖野店,キングハナハナ-30,562,,608,,https://min-repo.com/3355176/?kishu=all
2026-09-16,パラディソ沖野店,キングハナハナ-30,561,1,2901,100.0,https://min-repo.com/3355176/?kishu=all
2026-09-16,パラディソ沖野店,キングハナハナ-30,560,,421,,https://min-repo.com/3355176/?kishu=all
2026-09-16,パラディソ沖野店,キングハナハナ-30,558,,521,,https://min-repo.com/3355176/?kishu=all
2026-09-16,パラディソ沖野店,ウルトラミラクルジャグラー,631,,2801,,https://min-repo.com/3355176/?kishu=all
2026-09-16,パラディソ沖野店,ウルトラミラクルジャグラー,630,1,4039,100.0,https://min-repo.com/3355176/?kishu=all
2026-09-16,パラディソ沖野店,ウルトラミラクルジャグラー,628,1,1005,100.0,https://min-repo.com/3355176/?kishu=all
2026-09-16,パラディソ沖野店,ウルトラミラクルジャグラー,612,,3809,,https://min-repo.com/3355176/?kishu=all
2026-09-16,パラディソ沖野店,ウルトラミラクルジャグラー,611,,1181,,https://min-repo.com/3355176/?kishu=all
2026-09-16,パラディソ沖野店,アレックス ブライト,680,,2683,,https://min-repo.com/3355176/?kishu=all
2026-09-16,パラディソ沖野店,アレックス ブライト,678,,2788,,https://min-repo.com/3355176/?kishu=all
2026-09-16,パラディソ沖野店,いざ！番長,1325,,1719,,https://min-repo.com/3355176/?kishu=all
2026-09-16,パラディソ沖野店,いざ！番長,1323,,3450,,https://min-repo.com/3355176/?kishu=all
2026-09-16,パラディソ沖野店,いざ！番長,1322,,867,,https://min-repo.com/3355176/?kishu=all
2026-09-16,パラディソ沖野店,いざ！番長,1321,,1554,,https://min-repo.com/3355176/?kishu=all
2026-09-16,パラディソ沖野店,いざ！番長,1320,,3071,,https://min-repo.com/3355176/?kishu=all
2026-09-16,パラディソ沖野店,いざ！番長,1318,,2570,,https://min-repo.com/3355176/?kishu=all
2026-09-16,パラディソ沖野店,いざ！番長,1317,1,7283,100.0,https://min-repo.com/3355176/?kishu=all
2026-09-16,パラディソ沖野店,いざ！番長,1316,,1398,,https://min-repo.com/3355176/?kishu=all
2026-09-16,パラディソ沖野店,SHAKE BONUS TRIGGER,817,1,6333,100.0,https://min-repo.com/3355176/?kishu=all
2026-09-16,パラディソ沖野店,L青春ブタ野郎はバニーガール先輩の夢を見ない,1620,,7484,,https://min-repo.com/3355176/?kishu=all
2026-09-16,パラディソ沖野店,L青春ブタ野郎はバニーガール先輩の夢を見ない,1618,1,7931,100.0,https://min-repo.com/3355176/?kishu=all
2026-09-16,パラディソ沖野店,L青春ブタ野郎はバニーガール先輩の夢を見ない,1617,1,8622,100.0,https://min-repo.com/3355176/?kishu=all
2026-09-16,パラディソ沖野店,L青春ブタ野郎はバニーガール先輩の夢を見ない,1616,1,8650,100.0,https://min-repo.com/3355176/?kishu=all
2026-09-16,パラディソ沖野店,L邪神ちゃんドロップキック,806,,4496,,https://min-repo.com/3355176/?kishu=all
2026-09-16,パラディソ沖野店,L無職転生～異世界行ったら本気だす～,1337,1,6346,100.0,https://min-repo.com/3355176/?kishu=all
2026-09-16,パラディソ沖野店,L無職転生～異世界行ったら本気だす～,1336,0,0,,https://min-repo.com/3355176/?kishu=all
2026-09-16,パラディソ沖野店,L無職転生～異世界行ったら本気だす～,1335,,867,,https://min-repo.com/3355176/?kishu=all
2026-09-16,パラディソ沖野店,L東京喰種,735,,2604,,https://min-repo.com/3355176/?kishu=all
2026-09-16,パラディソ沖野店,L東京喰種,733,,1020,,https://min-repo.com/3355176/?kishu=all
2026-09-16,パラディソ沖野店,L東京喰種,732,,3599,,https://min-repo.com/3355176/?kishu=all
2026-09-16,パラディソ沖野店,L東京喰種,731,,1241,,https://min-repo.com/3355176/?kishu=all
2026-09-16,パラディソ沖野店,L東京喰種,730,,1820,,https://min-repo.com/3355176/?kishu=all
2026-09-16,パラディソ沖野店,L東京喰種,728,,1705,,https://min-repo.com/3355176/?kishu=all
2026-09-16,パラディソ沖野店,L東京喰種,727,1,2113,100.0,https://min-repo.com/3355176/?kishu=all
2026-09-16,パラディソ沖野店,L東京喰種,726,,3142,,https://min-repo.com/3355176/?kishu=all
2026-09-16,パラディソ沖野店,L東京喰種,725,,829,,https://min-repo.com/3355176/?kishu=all
2026-09-16,パラディソ沖野店,L東京喰種,723,1,7593,100.0,https://min-repo.com/3355176/?kishu=all
2026-09-16,パラディソ沖野店,L東京喰種,722,,198,,https://min-repo.com/3355176/?kishu=all
2026-09-16,パラディソ沖野店,L東京喰種,721,,1830,,https://min-repo.com/3355176/?kishu=all
2026-09-16,パラディソ沖野店,L東京喰種,720,,6432,,https://min-repo.com/3355176/?kishu=all
2026-09-16,パラディソ沖野店,L東京喰種,718,,1690,,https://min-repo.com/3355176/?kishu=all
2026-09-16,パラディソ沖野店,L東京喰種,717,,1795,,https://min-repo.com/3355176/?kishu=all
2026-09-16,パラディソ沖野店,L東京喰種,716,,6858,,https://min-repo.com/3355176/?kishu=all
2026-09-16,パラディソ沖野店,L東京喰種,715,1,3963,100.0,https://min-repo.com/3355176/?kishu=all
2026-09-16,パラディソ沖野店,L東京喰種,713,,6336,,https://min-repo.com/3355176/?kishu=all
2026-09-16,パラディソ沖野店,L東京喰種,712,,2201,,https://min-repo.com/3355176/?kishu=all
2026-09-16,パラディソ沖野店,L東京喰種,711,1,2313,100.0,https://min-repo.com/3355176/?kishu=all
2026-09-16,パラディソ沖野店,L東京喰種,710,1,5134,100.0,https://min-repo.com/3355176/?kishu=all
2026-09-16,パラディソ沖野店,L東京喰種,708,1,373,100.1,https://min-repo.com/3355176/?kishu=all
2026-09-16,パラディソ沖野店,L東京喰種,707,,8233,,https://min-repo.com/3355176/?kishu=all
2026-09-16,パラディソ沖野店,L東京喰種,706,,3269,,https://min-repo.com/3355176/?kishu=all
2026-09-16,パラディソ沖野店,L東京喰種,705,,2206,,https://min-repo.com/3355176/?kishu=all
2026-09-16,パラディソ沖野店,L東京喰種,703,,1171,,https://min-repo.com/3355176/?kishu=all
2026-09-16,パラディソ沖野店,L東京喰種,702,,2759,,https://min-repo.com/3355176/?kishu=all
2026-09-16,パラディソ沖野店,L東京喰種,701,,2597,,https://min-repo.com/3355176/?kishu=all
2026-09-16,パラディソ沖野店,L戦国乙女5 業火を穿つ宿焔の双刃,772,1,4549,100.0,https://min-repo.com/3355176/?kishu=all
2026-09-16,パラディソ沖野店,L戦国乙女5 業火を穿つ宿焔の双刃,771,1,7644,100.0,https://min-repo.com/3355176/?kishu=all
2026-09-16,パラディソ沖野店,L戦国乙女5 業火を穿つ宿焔の双刃,770,,1923,,https://min-repo.com/3355176/?kishu=all
2026-09-16,パラディソ沖野店,L戦国乙女5 業火を穿つ宿焔の双刃,768,,1032,,https://min-repo.com/3355176/?kishu=all
2026-09-16,パラディソ沖野店,L戦国乙女5 業火を穿つ宿焔の双刃,767,,3552,,https://min-repo.com/3355176/?kishu=all
2026-09-16,パラディソ沖野店,L戦国乙女5 業火を穿つ宿焔の双刃,766,,6788,,https://min-repo.com/3355176/?kishu=all
2026-09-16,パラディソ沖野店,L戦国乙女5 業火を穿つ宿焔の双刃,765,,3849,,https://min-repo.com/3355176/?kishu=all
2026-09-16,パラディソ沖野店,L戦国乙女5 業火を穿つ宿焔の双刃,763,,1813,,https://min-repo.com/3355176/?kishu=all
2026-09-16,パラディソ沖野店,L戦国乙女5 業火を穿つ宿焔の双刃,762,1,7614,100.0,https://min-repo.com/3355176/?kishu=all
2026-09-16,パラディソ沖野店,L戦国乙女5 業火を穿つ宿焔の双刃,761,1,8704,100.0,https://min-repo.com/3355176/?kishu=all
2026-09-16,パラディソ沖野店,L少女☆歌劇 レヴュースタァライト -The SLOT-,808,1,1442,100.0,https://min-repo.com/3355176/?kishu=all
2026-09-16,パラディソ沖野店,L南国育ち SPECIAL,1360,1,240,100.1,https://min-repo.com/3355176/?kishu=all
2026-09-16,パラディソ沖野店,L南国育ち SPECIAL,1358,1,1323,100.0,https://min-repo.com/3355176/?kishu=all
2026-09-16,パラディソ沖野店,L不二子BT,685,,5103,,https://min-repo.com/3355176/?kishu=all
2026-09-16,パラディソ沖野店,L不二子BT,683,,3056,,https://min-repo.com/3355176/?kishu=all
2026-09-16,パラディソ沖野店,Lラブ嬢3～Wご指名はいかがですか?～,811,1,3775,100.0,https://min-repo.com/3355176/?kishu=all
2026-09-16,パラディソ沖野店,Lパチスロ革命機ヴァルヴレイヴ2,1685,,32,,https://min-repo.com/3355176/?kishu=all
2026-09-16,パラディソ沖野店,Lパチスロ革命機ヴァルヴレイヴ2,1683,,4041,,https://min-repo.com/3355176/?kishu=all
2026-09-16,パラディソ沖野店,Lパチスロ革命機ヴァルヴレイヴ2,1682,,189,,https://min-repo.com/3355176/?kishu=all
2026-09-16,パラディソ沖野店,Lパチスロ革命機ヴァルヴレイヴ2,1681,1,3220,100.0,https://min-repo.com/3355176/?kishu=all
2026-09-16,パラディソ沖野店,Lパチスロ炎炎ノ消防隊2,1600,,2821,,https://min-repo.com/3355176/?kishu=all
2026-09-16,パラディソ沖野店,Lパチスロ炎炎ノ消防隊2,1588,,1687,,https://min-repo.com/3355176/?kishu=all
2026-09-16,パラディソ沖野店,Lパチスロ炎炎ノ消防隊2,1587,1,9113,100.0,https://min-repo.com/3355176/?kishu=all
2026-09-16,パラディソ沖野店,Lパチスロ炎炎ノ消防隊2,1586,,3362,,https://min-repo.com/3355176/?kishu=all
2026-09-16,パラディソ沖野店,Lパチスロ彼女、お借りします,785,,6406,,https://min-repo.com/3355176/?kishu=all
2026-09-16,パラディソ沖野店,Lパチスロ彼女、お借りします,783,1,3959,100.0,https://min-repo.com/3355176/?kishu=all
2026-09-16,パラディソ沖野店,Lパチスロ喰霊-零-Re,782,,5191,,https://min-repo.com/3355176/?kishu=all
2026-09-16,パラディソ沖野店,Lパチスロからくりサーカス2,1702,,2187,,https://min-repo.com/3355176/?kishu=all
2026-09-16,パラディソ沖野店,Lパチスロからくりサーカス2,1701,1,4941,100.0,https://min-repo.com/3355176/?kishu=all
2026-09-16,パラディソ沖野店,Lパチスロからくりサーカス2,1700,1,2312,100.0,https://min-repo.com/3355176/?kishu=all
2026-09-16,パラディソ沖野店,Lパチスロからくりサーカス2,1688,,1442,,https://min-repo.com/3355176/?kishu=all
2026-09-16,パラディソ沖野店,Lパチスロからくりサーカス2,1687,,5821,,https://min-repo.com/3355176/?kishu=all
2026-09-16,パラディソ沖野店,Lパチスロからくりサーカス2,1686,,3162,,https://min-repo.com/3355176/?kishu=all
2026-09-16,パラディソ沖野店,Lパチスロ かぐや様は告らせたい,1333,,1241,,https://min-repo.com/3355176/?kishu=all
2026-09-16,パラディソ沖野店,Lパチスロ かぐや様は告らせたい,1332,,2902,,https://min-repo.com/3355176/?kishu=all
2026-09-16,パラディソ沖野店,Lパチスロ かぐや様は告らせたい,1331,,2315,,https://min-repo.com/3355176/?kishu=all
2026-09-16,パラディソ沖野店,Lダーリン・イン・ザ・フランキス,805,1,5754,100.0,https://min-repo.com/3355176/?kishu=all
2026-09-16,パラディソ沖野店,Lタクトオーパス デスティニー,812,,710,,https://min-repo.com/3355176/?kishu=all
2026-09-16,パラディソ沖野店,Lスマスロ北斗の拳,1630,,2201,,https://min-repo.com/3355176/?kishu=all
2026-09-16,パラディソ沖野店,Lスマスロ北斗の拳,1628,,1710,,https://min-repo.com/3355176/?kishu=all
2026-09-16,パラディソ沖野店,Lスマスロ北斗の拳,1627,1,2272,100.0,https://min-repo.com/3355176/?kishu=all
2026-09-16,パラディソ沖野店,Lスマスロ北斗の拳,1626,,7013,,https://min-repo.com/3355176/?kishu=all
2026-09-16,パラディソ沖野店,Lスマスロ北斗の拳,1625,,634,,https://min-repo.com/3355176/?kishu=all
2026-09-16,パラディソ沖野店,Lスマスロ北斗の拳,1623,,864,,https://min-repo.com/3355176/?kishu=all
2026-09-16,パラディソ沖野店,Lスマスロ北斗の拳,1622,,969,,https://min-repo.com/3355176/?kishu=all
2026-09-16,パラディソ沖野店,Lスマスロ北斗の拳,1621,,1671,,https://min-repo.com/3355176/?kishu=all
2026-09-16,パラディソ沖野店,Lゴジラ対エヴァンゲリオン,1610,1,1694,100.0,https://min-repo.com/3355176/?kishu=all
2026-09-16,パラディソ沖野店,Lゴジラ対エヴァンゲリオン,1608,,616,,https://min-repo.com/3355176/?kishu=all
2026-09-16,パラディソ沖野店,Lゴジラ対エヴァンゲリオン,1607,,1804,,https://min-repo.com/3355176/?kishu=all
2026-09-16,パラディソ沖野店,Lゴジラ対エヴァンゲリオン,1606,,2528,,https://min-repo.com/3355176/?kishu=all
2026-09-16,パラディソ沖野店,Lアズールレーン THE ANIMATION,781,,2458,,https://min-repo.com/3355176/?kishu=all
2026-09-16,パラディソ沖野店,L ToLOVEるダークネス TRANCE ver.8.7,807,,5365,,https://min-repo.com/3355176/?kishu=all
2026-09-16,パラディソ沖野店,A-SLOT+異世界かるてっとBT,687,1,5137,100.0,https://min-repo.com/3355176/?kishu=all
2026-09-16,パラディソ沖野店,A-SLOT+異世界かるてっとBT,686,,2425,,https://min-repo.com/3355176/?kishu=all
2026-09-16,パラディソ1000泉店,真打 吉宗,1305,1,8069,100.0,https://min-repo.com/3354794/?kishu=all
2026-09-16,パラディソ1000泉店,真打 吉宗,1303,,5632,,https://min-repo.com/3354794/?kishu=all
2026-09-16,パラディソ1000泉店,真打 吉宗,1302,,4261,,https://min-repo.com/3354794/?kishu=all
2026-09-16,パラディソ1000泉店,真打 吉宗,1301,,3711,,https://min-repo.com/3354794/?kishu=all
2026-09-16,パラディソ1000泉店,真打 吉宗,1300,,6498,,https://min-repo.com/3354794/?kishu=all
2026-09-16,パラディソ1000泉店,真打 吉宗,1288,,4173,,https://min-repo.com/3354794/?kishu=all
2026-09-16,パラディソ1000泉店,真打 吉宗,1287,1,9555,100.0,https://min-repo.com/3354794/?kishu=all
2026-09-16,パラディソ1000泉店,真打 吉宗,1286,,5295,,https://min-repo.com/3354794/?kishu=all
2026-09-16,パラディソ1000泉店,沖ドキ！BLACK,800,,146,,https://min-repo.com/3354794/?kishu=all
2026-09-16,パラディソ1000泉店,沖ドキ！BLACK,788,,1922,,https://min-repo.com/3354794/?kishu=all
2026-09-16,パラディソ1000泉店,沖ドキ！BLACK,787,,173,,https://min-repo.com/3354794/?kishu=all
2026-09-16,パラディソ1000泉店,沖ドキ！BLACK,786,,173,,https://min-repo.com/3354794/?kishu=all
2026-09-16,パラディソ1000泉店,沖ドキ！BLACK,785,,2052,,https://min-repo.com/3354794/?kishu=all
2026-09-16,パラディソ1000泉店,沖ドキ！BLACK,783,,802,,https://min-repo.com/3354794/?kishu=all
2026-09-16,パラディソ1000泉店,沖ドキ！BLACK,782,,649,,https://min-repo.com/3354794/?kishu=all
2026-09-16,パラディソ1000泉店,沖ドキ！BLACK,758,,532,,https://min-repo.com/3354794/?kishu=all
2026-09-16,パラディソ1000泉店,沖ドキ！BLACK,757,,276,,https://min-repo.com/3354794/?kishu=all
2026-09-16,パラディソ1000泉店,沖ドキ！BLACK,756,1,950,100.0,https://min-repo.com/3354794/?kishu=all
2026-09-16,パラディソ1000泉店,沖ドキ！BLACK,755,1,1943,100.0,https://min-repo.com/3354794/?kishu=all
2026-09-16,パラディソ1000泉店,沖ドキ！BLACK,753,1,899,100.0,https://min-repo.com/3354794/?kishu=all
2026-09-16,パラディソ1000泉店,沖ドキ！BLACK,752,1,613,100.1,https://min-repo.com/3354794/?kishu=all
2026-09-16,パラディソ1000泉店,戦国コレクション6,1822,,3511,,https://min-repo.com/3354794/?kishu=all
2026-09-16,パラディソ1000泉店,戦国コレクション6,1821,,8299,,https://min-repo.com/3354794/?kishu=all
2026-09-16,パラディソ1000泉店,戦国コレクション6,1820,,2125,,https://min-repo.com/3354794/?kishu=all
2026-09-16,パラディソ1000泉店,戦国コレクション6,1818,1,7978,100.0,https://min-repo.com/3354794/?kishu=all
2026-09-16,パラディソ1000泉店,戦国コレクション6,1817,,2697,,https://min-repo.com/3354794/?kishu=all
2026-09-16,パラディソ1000泉店,吉宗,1321,1,4836,100.0,https://min-repo.com/3354794/?kishu=all
2026-09-16,パラディソ1000泉店,吉宗,1320,,1976,,https://min-repo.com/3354794/?kishu=all
2026-09-16,パラディソ1000泉店,吉宗,1318,,3573,,https://min-repo.com/3354794/?kishu=all
2026-09-16,パラディソ1000泉店,交響詩篇エウレカセブン HI-EVOLUTION ZERO TYPE-ART,1372,1,8791,100.0,https://min-repo.com/3354794/?kishu=all
2026-09-16,パラディソ1000泉店,交響詩篇エウレカセブン HI-EVOLUTION ZERO TYPE-ART,1371,1,7986,100.0,https://min-repo.com/3354794/?kishu=all
2026-09-16,パラディソ1000泉店,ローティス,1855,1,4761,100.0,https://min-repo.com/3354794/?kishu=all
2026-09-16,パラディソ1000泉店,モグモグ風林火山 大海戦の巻,1851,1,6387,100.0,https://min-repo.com/3354794/?kishu=all
2026-09-16,パラディソ1000泉店,モグモグ風林火山 大海戦の巻,1850,,6770,,https://min-repo.com/3354794/?kishu=all
2026-09-16,パラディソ1000泉店,ミスタージャグラー,1530,1,5209,100.0,https://min-repo.com/3354794/?kishu=all
2026-09-16,パラディソ1000泉店,ミスタージャグラー,1528,,1413,,https://min-repo.com/3354794/?kishu=all
2026-09-16,パラディソ1000泉店,ミスタージャグラー,1527,,1303,,https://min-repo.com/3354794/?kishu=all
2026-09-16,パラディソ1000泉店,ミスタージャグラー,1526,,2340,,https://min-repo.com/3354794/?kishu=all
2026-09-16,パラディソ1000泉店,ミスタージャグラー,1525,1,2238,100.0,https://min-repo.com/3354794/?kishu=all
2026-09-16,パラディソ1000泉店,ミスタージャグラー,1523,0,5467,100.0,https://min-repo.com/3354794/?kishu=all
2026-09-16,パラディソ1000泉店,ミスタージャグラー,1522,1,2022,100.0,https://min-repo.com/3354794/?kishu=all
2026-09-16,パラディソ1000泉店,ミスタージャグラー,1521,,3758,,https://min-repo.com/3354794/?kishu=all
2026-09-16,パラディソ1000泉店,マイジャグラーV,1700,1,6108,100.0,https://min-repo.com/3354794/?kishu=all
2026-09-16,パラディソ1000泉店,マイジャグラーV,1688,1,9451,100.0,https://min-repo.com/3354794/?kishu=all
2026-09-16,パラディソ1000泉店,マイジャグラーV,1687,,1650,,https://min-repo.com/3354794/?kishu=all
2026-09-16,パラディソ1000泉店,マイジャグラーV,1686,,4024,,https://min-repo.com/3354794/?kishu=all
2026-09-16,パラディソ1000泉店,マイジャグラーV,1685,,4210,,https://min-repo.com/3354794/?kishu=all
2026-09-16,パラディソ1000泉店,マイジャグラーV,1683,,3753,,https://min-repo.com/3354794/?kishu=all
2026-09-16,パラディソ1000泉店,マイジャグラーV,1682,1,8702,100.0,https://min-repo.com/3354794/?kishu=all
2026-09-16,パラディソ1000泉店,マイジャグラーV,1681,,8014,,https://min-repo.com/3354794/?kishu=all
2026-09-16,パラディソ1000泉店,マイジャグラーV,1680,,3163,,https://min-repo.com/3354794/?kishu=all
2026-09-16,パラディソ1000泉店,マイジャグラーV,1678,1,8284,100.0,https://min-repo.com/3354794/?kishu=all
2026-09-16,パラディソ1000泉店,マイジャグラーV,1677,,3473,,https://min-repo.com/3354794/?kishu=all
2026-09-16,パラディソ1000泉店,マイジャグラーV,1676,,6551,,https://min-repo.com/3354794/?kishu=all
2026-09-16,パラディソ1000泉店,マイジャグラーV,1675,1,7304,100.0,https://min-repo.com/3354794/?kishu=all
2026-09-16,パラディソ1000泉店,マイジャグラーV,1673,1,9852,100.0,https://min-repo.com/3354794/?kishu=all
2026-09-16,パラディソ1000泉店,マイジャグラーV,1672,,4266,,https://min-repo.com/3354794/?kishu=all
2026-09-16,パラディソ1000泉店,マイジャグラーV,1671,1,8603,100.0,https://min-repo.com/3354794/?kishu=all
2026-09-16,パラディソ1000泉店,マイジャグラーV,1670,,5894,,https://min-repo.com/3354794/?kishu=all
2026-09-16,パラディソ1000泉店,マイジャグラーV,1668,,2591,,https://min-repo.com/3354794/?kishu=all
2026-09-16,パラディソ1000泉店,マイジャグラーV,1667,,6310,,https://min-repo.com/3354794/?kishu=all
2026-09-16,パラディソ1000泉店,マイジャグラーV,1666,,6435,,https://min-repo.com/3354794/?kishu=all
2026-09-16,パラディソ1000泉店,マイジャグラーV,1665,,3212,,https://min-repo.com/3354794/?kishu=all
2026-09-16,パラディソ1000泉店,マイジャグラーV,1663,,5871,,https://min-repo.com/3354794/?kishu=all
2026-09-16,パラディソ1000泉店,マイジャグラーV,1662,1,5333,100.0,https://min-repo.com/3354794/?kishu=all
2026-09-16,パラディソ1000泉店,マイジャグラーV,1661,,2735,,https://min-repo.com/3354794/?kishu=all
2026-09-16,パラディソ1000泉店,マイジャグラーV,1660,1,3833,100.0,https://min-repo.com/3354794/?kishu=all
2026-09-16,パラディソ1000泉店,マイジャグラーV,1658,,2295,,https://min-repo.com/3354794/?kishu=all
2026-09-16,パラディソ1000泉店,マイジャグラーV,1657,,7188,,https://min-repo.com/3354794/?kishu=all
2026-09-16,パラディソ1000泉店,マイジャグラーV,1656,,5446,,https://min-repo.com/3354794/?kishu=all
2026-09-16,パラディソ1000泉店,マイジャグラーV,1655,1,4970,100.0,https://min-repo.com/3354794/?kishu=all
2026-09-16,パラディソ1000泉店,マイジャグラーV,1653,1,5396,100.0,https://min-repo.com/3354794/?kishu=all
2026-09-16,パラディソ1000泉店,マイジャグラーV,1652,,1707,,https://min-repo.com/3354794/?kishu=all
2026-09-16,パラディソ1000泉店,マイジャグラーV,1651,1,6322,100.0,https://min-repo.com/3354794/?kishu=all
2026-09-16,パラディソ1000泉店,ファンキージャグラー２ＫＴ,1500,1,9429,100.0,https://min-repo.com/3354794/?kishu=all
2026-09-16,パラディソ1000泉店,ファンキージャグラー２ＫＴ,1388,1,8066,100.0,https://min-repo.com/3354794/?kishu=all
2026-09-16,パラディソ1000泉店,ファンキージャグラー２ＫＴ,1387,,6128,,https://min-repo.com/3354794/?kishu=all
2026-09-16,パラディソ1000泉店,ファンキージャグラー２ＫＴ,1386,,3238,,https://min-repo.com/3354794/?kishu=all
2026-09-16,パラディソ1000泉店,ファンキージャグラー２ＫＴ,1385,,4366,,https://min-repo.com/3354794/?kishu=all
2026-09-16,パラディソ1000泉店,ファンキージャグラー２ＫＴ,1383,,3428,,https://min-repo.com/3354794/?kishu=all
2026-09-16,パラディソ1000泉店,ファンキージャグラー２ＫＴ,1382,1,9882,100.0,https://min-repo.com/3354794/?kishu=all
2026-09-16,パラディソ1000泉店,ファンキージャグラー２ＫＴ,1381,1,5115,100.0,https://min-repo.com/3354794/?kishu=all
2026-09-16,パラディソ1000泉店,パチスロ　甲鉄城のカバネリ,1373,1,6734,100.0,https://min-repo.com/3354794/?kishu=all
2026-09-16,パラディソ1000泉店,パチスロ　新鬼武者２,1377,,9090,,https://min-repo.com/3354794/?kishu=all
2026-09-16,パラディソ1000泉店,パチスロ　ペルソナ５,1375,1,7233,100.0,https://min-repo.com/3354794/?kishu=all
2026-09-16,パラディソ1000泉店,パチスロ　バイオハザード　ＲＥ：２,1376,1,8095,100.0,https://min-repo.com/3354794/?kishu=all
2026-09-16,パラディソ1000泉店,パチスロ　バイオハザード7　レジデント　イービル,1378,1,9013,100.0,https://min-repo.com/3354794/?kishu=all
2026-09-16,パラディソ1000泉店,ハッピージャグラーＶＩＩＩ,1520,,2508,,https://min-repo.com/3354794/?kishu=all
2026-09-16,パラディソ1000泉店,ハッピージャグラーＶＩＩＩ,1518,,1452,,https://min-repo.com/3354794/?kishu=all
2026-09-16,パラディソ1000泉店,ハッピージャグラーＶＩＩＩ,1517,,3107,,https://min-repo.com/3354794/?kishu=all
2026-09-16,パラディソ1000泉店,ハッピージャグラーＶＩＩＩ,1516,,3322,,https://min-repo.com/3354794/?kishu=all
2026-09-16,パラディソ1000泉店,ハッピージャグラーＶＩＩＩ,1515,,959,,https://min-repo.com/3354794/?kishu=all
2026-09-16,パラディソ1000泉店,ハッピージャグラーＶＩＩＩ,1513,,4802,,https://min-repo.com/3354794/?kishu=all
2026-09-16,パラディソ1000泉店,ハッピージャグラーＶＩＩＩ,1512,,5472,,https://min-repo.com/3354794/?kishu=all
2026-09-16,パラディソ1000泉店,ハッピージャグラーＶＩＩＩ,1511,1,2269,100.0,https://min-repo.com/3354794/?kishu=all
2026-09-16,パラディソ1000泉店,ハッピージャグラーＶＩＩＩ,1510,1,10408,100.0,https://min-repo.com/3354794/?kishu=all
2026-09-16,パラディソ1000泉店,ハッピージャグラーＶＩＩＩ,1508,1,5384,100.0,https://min-repo.com/3354794/?kishu=all
2026-09-16,パラディソ1000泉店,ハッピージャグラーＶＩＩＩ,1507,,3033,,https://min-repo.com/3354794/?kishu=all
2026-09-16,パラディソ1000泉店,ハッピージャグラーＶＩＩＩ,1506,1,6465,100.0,https://min-repo.com/3354794/?kishu=all
2026-09-16,パラディソ1000泉店,ハッピージャグラーＶＩＩＩ,1505,1,2464,100.0,https://min-repo.com/3354794/?kishu=all
2026-09-16,パラディソ1000泉店,ハッピージャグラーＶＩＩＩ,1503,1,6482,100.0,https://min-repo.com/3354794/?kishu=all
2026-09-16,パラディソ1000泉店,ハッピージャグラーＶＩＩＩ,1502,,4074,,https://min-repo.com/3354794/?kishu=all
2026-09-16,パラディソ1000泉店,ハッピージャグラーＶＩＩＩ,1501,,4817,,https://min-repo.com/3354794/?kishu=all
2026-09-16,パラディソ1000泉店,ネオアイムジャグラーEX,1600,1,7340,100.0,https://min-repo.com/3354794/?kishu=all
2026-09-16,パラディソ1000泉店,ネオアイムジャグラーEX,1588,1,2828,100.0,https://min-repo.com/3354794/?kishu=all
2026-09-16,パラディソ1000泉店,ネオアイムジャグラーEX,1587,,4784,,https://min-repo.com/3354794/?kishu=all
2026-09-16,パラディソ1000泉店,ネオアイムジャグラーEX,1586,,1018,,https://min-repo.com/3354794/?kishu=all
2026-09-16,パラディソ1000泉店,ネオアイムジャグラーEX,1585,,2885,,https://min-repo.com/3354794/?kishu=all
2026-09-16,パラディソ1000泉店,ネオアイムジャグラーEX,1583,1,3666,100.0,https://min-repo.com/3354794/?kishu=all
2026-09-16,パラディソ1000泉店,ネオアイムジャグラーEX,1582,1,5696,100.0,https://min-repo.com/3354794/?kishu=all
2026-09-16,パラディソ1000泉店,ネオアイムジャグラーEX,1581,,4052,,https://min-repo.com/3354794/?kishu=all
2026-09-16,パラディソ1000泉店,ネオアイムジャグラーEX,1580,1,7035,100.0,https://min-repo.com/3354794/?kishu=all
2026-09-16,パラディソ1000泉店,ネオアイムジャグラーEX,1578,,4014,,https://min-repo.com/3354794/?kishu=all
2026-09-16,パラディソ1000泉店,ネオアイムジャグラーEX,1577,1,2836,100.0,https://min-repo.com/3354794/?kishu=all
2026-09-16,パラディソ1000泉店,ネオアイムジャグラーEX,1576,,993,,https://min-repo.com/3354794/?kishu=all
2026-09-16,パラディソ1000泉店,ネオアイムジャグラーEX,1575,1,7107,100.0,https://min-repo.com/3354794/?kishu=all
2026-09-16,パラディソ1000泉店,ネオアイムジャグラーEX,1573,1,2994,100.0,https://min-repo.com/3354794/?kishu=all
2026-09-16,パラディソ1000泉店,ネオアイムジャグラーEX,1572,,2884,,https://min-repo.com/3354794/?kishu=all
2026-09-16,パラディソ1000泉店,ネオアイムジャグラーEX,1571,,3300,,https://min-repo.com/3354794/?kishu=all
2026-09-16,パラディソ1000泉店,ネオアイムジャグラーEX,1570,,7229,,https://min-repo.com/3354794/?kishu=all
2026-09-16,パラディソ1000泉店,ネオアイムジャグラーEX,1568,1,7010,100.0,https://min-repo.com/3354794/?kishu=all
2026-09-16,パラディソ1000泉店,ネオアイムジャグラーEX,1567,,6960,,https://min-repo.com/3354794/?kishu=all
2026-09-16,パラディソ1000泉店,ネオアイムジャグラーEX,1566,,1685,,https://min-repo.com/3354794/?kishu=all
2026-09-16,パラディソ1000泉店,ネオアイムジャグラーEX,1565,1,8989,100.0,https://min-repo.com/3354794/?kishu=all
2026-09-16,パラディソ1000泉店,ネオアイムジャグラーEX,1563,,3532,,https://min-repo.com/3354794/?kishu=all
2026-09-16,パラディソ1000泉店,ネオアイムジャグラーEX,1562,1,5639,100.0,https://min-repo.com/3354794/?kishu=all
2026-09-16,パラディソ1000泉店,ネオアイムジャグラーEX,1561,,3181,,https://min-repo.com/3354794/?kishu=all
2026-09-16,パラディソ1000泉店,ネオアイムジャグラーEX,1560,1,9320,100.0,https://min-repo.com/3354794/?kishu=all
2026-09-16,パラディソ1000泉店,ネオアイムジャグラーEX,1558,1,5809,100.0,https://min-repo.com/3354794/?kishu=all
2026-09-16,パラディソ1000泉店,ネオアイムジャグラーEX,1557,1,1019,100.0,https://min-repo.com/3354794/?kishu=all
2026-09-16,パラディソ1000泉店,ネオアイムジャグラーEX,1556,1,7463,100.0,https://min-repo.com/3354794/?kishu=all
2026-09-16,パラディソ1000泉店,ネオアイムジャグラーEX,1555,1,2433,100.0,https://min-repo.com/3354794/?kishu=all
2026-09-16,パラディソ1000泉店,ネオアイムジャグラーEX,1553,,4894,,https://min-repo.com/3354794/?kishu=all
2026-09-16,パラディソ1000泉店,ネオアイムジャグラーEX,1552,1,5198,100.0,https://min-repo.com/3354794/?kishu=all
2026-09-16,パラディソ1000泉店,ネオアイムジャグラーEX,1551,,5140,,https://min-repo.com/3354794/?kishu=all
2026-09-16,パラディソ1000泉店,スロット ワールドダイスター,605,,8276,,https://min-repo.com/3354794/?kishu=all
2026-09-16,パラディソ1000泉店,スロット ワールドダイスター,603,1,5631,100.0,https://min-repo.com/3354794/?kishu=all
2026-09-16,パラディソ1000泉店,スロット ワールドダイスター,602,,9679,,https://min-repo.com/3354794/?kishu=all
2026-09-16,パラディソ1000泉店,スロット ワールドダイスター,601,1,8797,100.0,https://min-repo.com/3354794/?kishu=all
2026-09-16,パラディソ1000泉店,スロット ソードアート・オンラインⅡ,670,,10465,,https://min-repo.com/3354794/?kishu=all
2026-09-16,パラディソ1000泉店,スロット ソードアート・オンラインⅡ,668,1,6315,100.0,https://min-repo.com/3354794/?kishu=all
2026-09-16,パラディソ1000泉店,スロット ソードアート・オンラインⅡ,667,,10715,,https://min-repo.com/3354794/?kishu=all
2026-09-16,パラディソ1000泉店,スロット ソードアート・オンラインⅡ,666,,9648,,https://min-repo.com/3354794/?kishu=all
2026-09-16,パラディソ1000泉店,スロット ソードアート・オンラインⅡ,665,1,10419,100.0,https://min-repo.com/3354794/?kishu=all
2026-09-16,パラディソ1000泉店,スロット ソードアート・オンラインⅡ,663,,8636,,https://min-repo.com/3354794/?kishu=all
2026-09-16,パラディソ1000泉店,スロット ソードアート・オンラインⅡ,662,1,8979,100.0,https://min-repo.com/3354794/?kishu=all
2026-09-16,パラディソ1000泉店,スロット ソードアート・オンラインⅡ,661,,9134,,https://min-repo.com/3354794/?kishu=all
2026-09-16,パラディソ1000泉店,スロット ソードアート・オンラインⅡ,660,1,8995,100.0,https://min-repo.com/3354794/?kishu=all
2026-09-16,パラディソ1000泉店,スマート沖スロ ニューキングハナハナV,738,1,5124,100.0,https://min-repo.com/3354794/?kishu=all
2026-09-16,パラディソ1000泉店,スマート沖スロ ニューキングハナハナV,737,,4628,,https://min-repo.com/3354794/?kishu=all
2026-09-16,パラディソ1000泉店,スマート沖スロ ニューキングハナハナV,736,,2695,,https://min-repo.com/3354794/?kishu=all
2026-09-16,パラディソ1000泉店,スマスロ鉄拳6,1867,0,723,100.0,https://min-repo.com/3354794/?kishu=all
2026-09-16,パラディソ1000泉店,スマスロ秘宝伝,1872,,5359,,https://min-repo.com/3354794/?kishu=all
2026-09-16,パラディソ1000泉店,スマスロ痛いのは嫌なので防御力に極振りしたいと思います。,501,,2216,,https://min-repo.com/3354794/?kishu=all
2026-09-16,パラディソ1000泉店,スマスロ痛いのは嫌なので防御力に極振りしたいと思います。,500,,2976,,https://min-repo.com/3354794/?kishu=all
2026-09-16,パラディソ1000泉店,スマスロ痛いのは嫌なので防御力に極振りしたいと思います。,388,1,5853,100.0,https://min-repo.com/3354794/?kishu=all
2026-09-16,パラディソ1000泉店,スマスロ痛いのは嫌なので防御力に極振りしたいと思います。,387,,2258,,https://min-repo.com/3354794/?kishu=all
2026-09-16,パラディソ1000泉店,スマスロ痛いのは嫌なので防御力に極振りしたいと思います。,386,,2081,,https://min-repo.com/3354794/?kishu=all
2026-09-16,パラディソ1000泉店,スマスロ新鬼武者3,1317,1,1140,100.0,https://min-repo.com/3354794/?kishu=all
2026-09-16,パラディソ1000泉店,スマスロ新鬼武者3,1316,1,2753,100.0,https://min-repo.com/3354794/?kishu=all
2026-09-16,パラディソ1000泉店,スマスロ新鬼武者3,1315,,1045,,https://min-repo.com/3354794/?kishu=all
2026-09-16,パラディソ1000泉店,スマスロ新鬼武者3,1313,,2020,,https://min-repo.com/3354794/?kishu=all
2026-09-16,パラディソ1000泉店,スマスロ北斗の拳 転生の章2,385,,376,,https://min-repo.com/3354794/?kishu=all
2026-09-16,パラディソ1000泉店,スマスロ北斗の拳 転生の章2,383,1,538,100.1,https://min-repo.com/3354794/?kishu=all
2026-09-16,パラディソ1000泉店,スマスロ北斗の拳 転生の章2,382,,4044,,https://min-repo.com/3354794/?kishu=all
2026-09-16,パラディソ1000泉店,スマスロ北斗の拳 転生の章2,381,,2282,,https://min-repo.com/3354794/?kishu=all
2026-09-16,パラディソ1000泉店,スマスロ北斗の拳 転生の章2,380,1,3430,100.0,https://min-repo.com/3354794/?kishu=all
2026-09-16,パラディソ1000泉店,スマスロ北斗の拳 転生の章2,378,,1877,,https://min-repo.com/3354794/?kishu=all
2026-09-16,パラディソ1000泉店,スマスロ北斗の拳 転生の章2,377,,45,,https://min-repo.com/3354794/?kishu=all
2026-09-16,パラディソ1000泉店,スマスロ北斗の拳 転生の章2,376,1,8085,100.0,https://min-repo.com/3354794/?kishu=all
2026-09-16,パラディソ1000泉店,スマスロ化物語,517,1,5913,100.0,https://min-repo.com/3354794/?kishu=all
2026-09-16,パラディソ1000泉店,スマスロ化物語,516,,322,,https://min-repo.com/3354794/?kishu=all
2026-09-16,パラディソ1000泉店,スマスロ化物語,515,,1347,,https://min-repo.com/3354794/?kishu=all
2026-09-16,パラディソ1000泉店,スマスロ化物語,513,,3921,,https://min-repo.com/3354794/?kishu=all
2026-09-16,パラディソ1000泉店,スマスロ化物語,512,,880,,https://min-repo.com/3354794/?kishu=all
2026-09-16,パラディソ1000泉店,スマスロヨルムンガンド,1871,1,1784,100.0,https://min-repo.com/3354794/?kishu=all
2026-09-16,パラディソ1000泉店,スマスロモンキーターンV,600,,6655,,https://min-repo.com/3354794/?kishu=all
2026-09-16,パラディソ1000泉店,スマスロモンキーターンV,588,,2414,,https://min-repo.com/3354794/?kishu=all
2026-09-16,パラディソ1000泉店,スマスロモンキーターンV,587,,3196,,https://min-repo.com/3354794/?kishu=all
2026-09-16,パラディソ1000泉店,スマスロモンキーターンV,586,,2850,,https://min-repo.com/3354794/?kishu=all
2026-09-16,パラディソ1000泉店,スマスロモンキーターンV,585,,1318,,https://min-repo.com/3354794/?kishu=all
2026-09-16,パラディソ1000泉店,スマスロモンキーターンV,583,1,8480,100.0,https://min-repo.com/3354794/?kishu=all
2026-09-16,パラディソ1000泉店,スマスロモンキーターンV,582,,2596,,https://min-repo.com/3354794/?kishu=all
2026-09-16,パラディソ1000泉店,スマスロモンキーターンV,581,,1078,,https://min-repo.com/3354794/?kishu=all
2026-09-16,パラディソ1000泉店,スマスロモンキーターンV,580,1,6518,100.0,https://min-repo.com/3354794/?kishu=all
2026-09-16,パラディソ1000泉店,スマスロモンキーターンV,578,,1621,,https://min-repo.com/3354794/?kishu=all
2026-09-16,パラディソ1000泉店,スマスロモンキーターンV,577,1,3494,100.0,https://min-repo.com/3354794/?kishu=all
2026-09-16,パラディソ1000泉店,スマスロモンキーターンV,576,,9289,,https://min-repo.com/3354794/?kishu=all
2026-09-16,パラディソ1000泉店,スマスロモンキーターンV,575,1,295,100.1,https://min-repo.com/3354794/?kishu=all
2026-09-16,パラディソ1000泉店,スマスロモンキーターンV,573,,3009,,https://min-repo.com/3354794/?kishu=all
2026-09-16,パラディソ1000泉店,スマスロモンキーターンV,572,1,3037,100.0,https://min-repo.com/3354794/?kishu=all
2026-09-16,パラディソ1000泉店,スマスロモンキーターンV,571,,6925,,https://min-repo.com/3354794/?kishu=all
2026-09-16,パラディソ1000泉店,スマスロバジリスク～甲賀忍法帖～絆2 天膳 BLACK EDITION,1863,,5499,,https://min-repo.com/3354794/?kishu=all
2026-09-16,パラディソ1000泉店,スマスロケロット5BT,735,,3624,,https://min-repo.com/3354794/?kishu=all
2026-09-16,パラディソ1000泉店,スマスロケロット5BT,733,1,3237,100.0,https://min-repo.com/3354794/?kishu=all
2026-09-16,パラディソ1000泉店,スマスロとある科学の超電磁砲2,1870,,3700,,https://min-repo.com/3354794/?kishu=all
2026-09-16,パラディソ1000泉店,スマスロ 甲鉄城のカバネリ 海門決戦,1736,1,5726,100.0,https://min-repo.com/3354794/?kishu=all
2026-09-16,パラディソ1000泉店,スマスロ 甲鉄城のカバネリ 海門決戦,1735,1,6708,100.0,https://min-repo.com/3354794/?kishu=all
2026-09-16,パラディソ1000泉店,スマスロ 甲鉄城のカバネリ 海門決戦,1733,1,7853,100.0,https://min-repo.com/3354794/?kishu=all
2026-09-16,パラディソ1000泉店,スマスロ 甲鉄城のカバネリ 海門決戦,1732,,9615,,https://min-repo.com/3354794/?kishu=all
2026-09-16,パラディソ1000泉店,スマスロ 甲鉄城のカバネリ 海門決戦,1731,,5685,,https://min-repo.com/3354794/?kishu=all
2026-09-16,パラディソ1000泉店,スマスロ 甲鉄城のカバネリ 海門決戦,1730,,8527,,https://min-repo.com/3354794/?kishu=all
2026-09-16,パラディソ1000泉店,スマスロ 甲鉄城のカバネリ 海門決戦,1728,1,8598,100.0,https://min-repo.com/3354794/?kishu=all
2026-09-16,パラディソ1000泉店,スマスロ 甲鉄城のカバネリ 海門決戦,1727,,5825,,https://min-repo.com/3354794/?kishu=all
2026-09-16,パラディソ1000泉店,スマスロ 甲鉄城のカバネリ 海門決戦,1726,1,8303,100.0,https://min-repo.com/3354794/?kishu=all
2026-09-16,パラディソ1000泉店,スマスロ 甲鉄城のカバネリ 海門決戦,1725,,5162,,https://min-repo.com/3354794/?kishu=all
2026-09-16,パラディソ1000泉店,スマスロ 甲鉄城のカバネリ 海門決戦,1723,,9193,,https://min-repo.com/3354794/?kishu=all
2026-09-16,パラディソ1000泉店,スマスロ 甲鉄城のカバネリ 海門決戦,1722,1,10114,100.0,https://min-repo.com/3354794/?kishu=all
2026-09-16,パラディソ1000泉店,スマスロ 甲鉄城のカバネリ 海門決戦,1721,1,9676,100.0,https://min-repo.com/3354794/?kishu=all
2026-09-16,パラディソ1000泉店,スマスロ 甲鉄城のカバネリ 海門決戦,1720,,3627,,https://min-repo.com/3354794/?kishu=all
2026-09-16,パラディソ1000泉店,スマスロ 甲鉄城のカバネリ 海門決戦,1718,1,10011,100.0,https://min-repo.com/3354794/?kishu=all
2026-09-16,パラディソ1000泉店,スマスロ 甲鉄城のカバネリ 海門決戦,1717,,3537,,https://min-repo.com/3354794/?kishu=all
2026-09-16,パラディソ1000泉店,スマスロ 甲鉄城のカバネリ 海門決戦,1716,1,7239,100.0,https://min-repo.com/3354794/?kishu=all
2026-09-16,パラディソ1000泉店,スマスロ 甲鉄城のカバネリ 海門決戦,1715,,2329,,https://min-repo.com/3354794/?kishu=all
2026-09-16,パラディソ1000泉店,スマスロ 甲鉄城のカバネリ 海門決戦,1713,,1599,,https://min-repo.com/3354794/?kishu=all
2026-09-16,パラディソ1000泉店,スマスロ 甲鉄城のカバネリ 海門決戦,1712,,7297,,https://min-repo.com/3354794/?kishu=all
2026-09-16,パラディソ1000泉店,スマスロ 甲鉄城のカバネリ 海門決戦,1711,1,10120,100.0,https://min-repo.com/3354794/?kishu=all
2026-09-16,パラディソ1000泉店,スマスロ 甲鉄城のカバネリ 海門決戦,1710,,4813,,https://min-repo.com/3354794/?kishu=all
2026-09-16,パラディソ1000泉店,スマスロ 甲鉄城のカバネリ 海門決戦,1708,1,6680,100.0,https://min-repo.com/3354794/?kishu=all
2026-09-16,パラディソ1000泉店,スマスロ 甲鉄城のカバネリ 海門決戦,1707,,8528,,https://min-repo.com/3354794/?kishu=all
2026-09-16,パラディソ1000泉店,スマスロ 甲鉄城のカバネリ 海門決戦,1706,1,9427,100.0,https://min-repo.com/3354794/?kishu=all
2026-09-16,パラディソ1000泉店,スマスロ 甲鉄城のカバネリ 海門決戦,1705,,5157,,https://min-repo.com/3354794/?kishu=all
2026-09-16,パラディソ1000泉店,スマスロ 甲鉄城のカバネリ 海門決戦,1703,1,8222,100.0,https://min-repo.com/3354794/?kishu=all
2026-09-16,パラディソ1000泉店,スマスロ 甲鉄城のカバネリ 海門決戦,1702,,5579,,https://min-repo.com/3354794/?kishu=all
2026-09-16,パラディソ1000泉店,スマスロ 甲鉄城のカバネリ 海門決戦,1701,,3128,,https://min-repo.com/3354794/?kishu=all
2026-09-16,パラディソ1000泉店,スマスロ 沖ドキ!DUO アンコール,1862,,913,,https://min-repo.com/3354794/?kishu=all
2026-09-16,パラディソ1000泉店,スマスロ 東京リベンジャーズ,650,1,5873,100.0,https://min-repo.com/3354794/?kishu=all
2026-09-16,パラディソ1000泉店,スマスロ 東京リベンジャーズ,638,1,5189,100.0,https://min-repo.com/3354794/?kishu=all
2026-09-16,パラディソ1000泉店,スマスロ 東京リベンジャーズ,637,,2488,,https://min-repo.com/3354794/?kishu=all
2026-09-16,パラディソ1000泉店,スマスロ 東京リベンジャーズ,636,,2668,,https://min-repo.com/3354794/?kishu=all
2026-09-16,パラディソ1000泉店,スマスロ 攻殻機動隊,1816,,1668,,https://min-repo.com/3354794/?kishu=all
2026-09-16,パラディソ1000泉店,スマスロ 攻殻機動隊,1815,,2552,,https://min-repo.com/3354794/?kishu=all
2026-09-16,パラディソ1000泉店,スマスロ 攻殻機動隊,1813,1,3927,100.0,https://min-repo.com/3354794/?kishu=all
2026-09-16,パラディソ1000泉店,スマスロ 攻殻機動隊,1812,,2563,,https://min-repo.com/3354794/?kishu=all
2026-09-16,パラディソ1000泉店,スマスロ 攻殻機動隊,1811,1,6235,100.0,https://min-repo.com/3354794/?kishu=all
2026-09-16,パラディソ1000泉店,スマスロ 七つの魔剣が支配する,1861,,3039,,https://min-repo.com/3354794/?kishu=all
2026-09-16,パラディソ1000泉店,スマスロ リコリス・リコイル,635,,6184,,https://min-repo.com/3354794/?kishu=all
2026-09-16,パラディソ1000泉店,スマスロ リコリス・リコイル,633,,8116,,https://min-repo.com/3354794/?kishu=all
2026-09-16,パラディソ1000泉店,スマスロ リコリス・リコイル,632,,7172,,https://min-repo.com/3354794/?kishu=all
2026-09-16,パラディソ1000泉店,スマスロ リコリス・リコイル,631,1,6822,100.0,https://min-repo.com/3354794/?kishu=all
2026-09-16,パラディソ1000泉店,スマスロ リコリス・リコイル,630,,6286,,https://min-repo.com/3354794/?kishu=all
2026-09-16,パラディソ1000泉店,スマスロ リコリス・リコイル,628,1,9033,100.0,https://min-repo.com/3354794/?kishu=all
2026-09-16,パラディソ1000泉店,スマスロ リコリス・リコイル,627,1,8608,100.0,https://min-repo.com/3354794/?kishu=all
2026-09-16,パラディソ1000泉店,スマスロ リコリス・リコイル,626,1,9773,100.0,https://min-repo.com/3354794/?kishu=all
2026-09-16,パラディソ1000泉店,スマスロ リコリス・リコイル,625,1,10003,100.0,https://min-repo.com/3354794/?kishu=all
2026-09-16,パラディソ1000泉店,スマスロ リコリス・リコイル,623,,5556,,https://min-repo.com/3354794/?kishu=all
2026-09-16,パラディソ1000泉店,スマスロ リコリス・リコイル,622,,8818,,https://min-repo.com/3354794/?kishu=all
2026-09-16,パラディソ1000泉店,スマスロ リコリス・リコイル,621,,6736,,https://min-repo.com/3354794/?kishu=all
2026-09-16,パラディソ1000泉店,スマスロ リコリス・リコイル,620,,5519,,https://min-repo.com/3354794/?kishu=all
2026-09-16,パラディソ1000泉店,スマスロ リコリス・リコイル,618,1,7335,100.0,https://min-repo.com/3354794/?kishu=all
2026-09-16,パラディソ1000泉店,スマスロ リコリス・リコイル,617,1,7881,100.0,https://min-repo.com/3354794/?kishu=all
2026-09-16,パラディソ1000泉店,スマスロ リコリス・リコイル,616,1,8209,100.0,https://min-repo.com/3354794/?kishu=all
2026-09-16,パラディソ1000泉店,スマスロ リコリス・リコイル,615,1,10024,100.0,https://min-repo.com/3354794/?kishu=all
2026-09-16,パラディソ1000泉店,スマスロ リコリス・リコイル,613,,8081,,https://min-repo.com/3354794/?kishu=all
2026-09-16,パラディソ1000泉店,スマスロ リコリス・リコイル,612,1,8712,100.0,https://min-repo.com/3354794/?kishu=all
2026-09-16,パラディソ1000泉店,スマスロ リコリス・リコイル,611,,7267,,https://min-repo.com/3354794/?kishu=all
2026-09-16,パラディソ1000泉店,スマスロ リコリス・リコイル,610,1,9203,100.0,https://min-repo.com/3354794/?kishu=all
2026-09-16,パラディソ1000泉店,スマスロ リコリス・リコイル,608,,6079,,https://min-repo.com/3354794/?kishu=all
2026-09-16,パラディソ1000泉店,スマスロ リコリス・リコイル,607,,6062,,https://min-repo.com/3354794/?kishu=all
2026-09-16,パラディソ1000泉店,スマスロ リコリス・リコイル,606,1,9870,100.0,https://min-repo.com/3354794/?kishu=all
2026-09-16,パラディソ1000泉店,スマスロ モンスターハンターライズ,525,,4319,,https://min-repo.com/3354794/?kishu=all
2026-09-16,パラディソ1000泉店,スマスロ モンスターハンターライズ,523,,3629,,https://min-repo.com/3354794/?kishu=all
2026-09-16,パラディソ1000泉店,スマスロ モンスターハンターライズ,522,,7678,,https://min-repo.com/3354794/?kishu=all
2026-09-16,パラディソ1000泉店,スマスロ モンスターハンターライズ,521,1,7293,100.0,https://min-repo.com/3354794/?kishu=all
2026-09-16,パラディソ1000泉店,スマスロ モンスターハンターライズ,520,1,9503,100.0,https://min-repo.com/3354794/?kishu=all
2026-09-16,パラディソ1000泉店,スマスロ モンスターハンターライズ,518,1,7571,100.0,https://min-repo.com/3354794/?kishu=all
2026-09-16,パラディソ1000泉店,スマスロ ミリオンゴッド-神々の軌跡-,375,,1602,,https://min-repo.com/3354794/?kishu=all
2026-09-16,パラディソ1000泉店,スマスロ ミリオンゴッド-神々の軌跡-,373,,5261,,https://min-repo.com/3354794/?kishu=all
2026-09-16,パラディソ1000泉店,スマスロ ミリオンゴッド-神々の軌跡-,372,1,1361,100.0,https://min-repo.com/3354794/?kishu=all
2026-09-16,パラディソ1000泉店,スマスロ ミリオンゴッド-神々の軌跡-,371,,742,,https://min-repo.com/3354794/?kishu=all
2026-09-16,パラディソ1000泉店,スマスロ ミリオンゴッド-神々の軌跡-,370,,862,,https://min-repo.com/3354794/?kishu=all
2026-09-16,パラディソ1000泉店,スマスロ ミリオンゴッド-神々の軌跡-,368,,1663,,https://min-repo.com/3354794/?kishu=all
2026-09-16,パラディソ1000泉店,スマスロ ミリオンゴッド-神々の軌跡-,367,1,3006,100.0,https://min-repo.com/3354794/?kishu=all
2026-09-16,パラディソ1000泉店,スマスロ ミリオンゴッド-神々の軌跡-,366,,1255,,https://min-repo.com/3354794/?kishu=all
2026-09-16,パラディソ1000泉店,スマスロ ミリオンゴッド-神々の軌跡-,365,,1287,,https://min-repo.com/3354794/?kishu=all
2026-09-16,パラディソ1000泉店,スマスロ ミリオンゴッド-神々の軌跡-,363,,3887,,https://min-repo.com/3354794/?kishu=all
2026-09-16,パラディソ1000泉店,スマスロ ミリオンゴッド-神々の軌跡-,362,,4137,,https://min-repo.com/3354794/?kishu=all
2026-09-16,パラディソ1000泉店,スマスロ ミリオンゴッド-神々の軌跡-,361,1,5864,100.0,https://min-repo.com/3354794/?kishu=all
2026-09-16,パラディソ1000泉店,スマスロ ミリオンゴッド-神々の軌跡-,360,1,5369,100.0,https://min-repo.com/3354794/?kishu=all
2026-09-16,パラディソ1000泉店,スマスロ ミリオンゴッド-神々の軌跡-,358,,3081,,https://min-repo.com/3354794/?kishu=all
2026-09-16,パラディソ1000泉店,スマスロ ミリオンゴッド-神々の軌跡-,357,,2062,,https://min-repo.com/3354794/?kishu=all
2026-09-16,パラディソ1000泉店,スマスロ ミリオンゴッド-神々の軌跡-,356,,1400,,https://min-repo.com/3354794/?kishu=all
2026-09-16,パラディソ1000泉店,スマスロ ミリオンゴッド-神々の軌跡-,355,,4962,,https://min-repo.com/3354794/?kishu=all
2026-09-16,パラディソ1000泉店,スマスロ ミリオンゴッド-神々の軌跡-,353,1,4057,100.0,https://min-repo.com/3354794/?kishu=all
2026-09-16,パラディソ1000泉店,スマスロ ミリオンゴッド-神々の軌跡-,352,,1422,,https://min-repo.com/3354794/?kishu=all
2026-09-16,パラディソ1000泉店,スマスロ ミリオンゴッド-神々の軌跡-,351,1,4692,100.0,https://min-repo.com/3354794/?kishu=all
2026-09-16,パラディソ1000泉店,スマスロ マギアレコード 魔法少女まどか☆マギカ外伝,1838,,4020,,https://min-repo.com/3354794/?kishu=all
2026-09-16,パラディソ1000泉店,スマスロ マギアレコード 魔法少女まどか☆マギカ外伝,1837,,502,,https://min-repo.com/3354794/?kishu=all
2026-09-16,パラディソ1000泉店,スマスロ マギアレコード 魔法少女まどか☆マギカ外伝,1836,1,3006,100.0,https://min-repo.com/3354794/?kishu=all
2026-09-16,パラディソ1000泉店,スマスロ マギアレコード 魔法少女まどか☆マギカ外伝,1835,,1186,,https://min-repo.com/3354794/?kishu=all
2026-09-16,パラディソ1000泉店,スマスロ マギアレコード 魔法少女まどか☆マギカ外伝,1833,,3361,,https://min-repo.com/3354794/?kishu=all
2026-09-16,パラディソ1000泉店,スマスロ マギアレコード 魔法少女まどか☆マギカ外伝,1832,,5109,,https://min-repo.com/3354794/?kishu=all
2026-09-16,パラディソ1000泉店,スマスロ マギアレコード 魔法少女まどか☆マギカ外伝,1831,,1417,,https://min-repo.com/3354794/?kishu=all
2026-09-16,パラディソ1000泉店,スマスロ マギアレコード 魔法少女まどか☆マギカ外伝,1830,1,2033,100.0,https://min-repo.com/3354794/?kishu=all
2026-09-16,パラディソ1000泉店,スマスロ マギアレコード 魔法少女まどか☆マギカ外伝,1828,,955,,https://min-repo.com/3354794/?kishu=all
2026-09-16,パラディソ1000泉店,スマスロ マギアレコード 魔法少女まどか☆マギカ外伝,1827,,1571,,https://min-repo.com/3354794/?kishu=all
2026-09-16,パラディソ1000泉店,スマスロ マギアレコード 魔法少女まどか☆マギカ外伝,1826,,672,,https://min-repo.com/3354794/?kishu=all
2026-09-16,パラディソ1000泉店,スマスロ マギアレコード 魔法少女まどか☆マギカ外伝,1825,,1131,,https://min-repo.com/3354794/?kishu=all
2026-09-16,パラディソ1000泉店,スマスロ マギアレコード 魔法少女まどか☆マギカ外伝,1823,1,3374,100.0,https://min-repo.com/3354794/?kishu=all
2026-09-16,パラディソ1000泉店,スマスロ バイオハザードRE:3,1330,1,660,100.1,https://min-repo.com/3354794/?kishu=all
2026-09-16,パラディソ1000泉店,スマスロ バイオハザードRE:3,1328,,2348,,https://min-repo.com/3354794/?kishu=all
2026-09-16,パラディソ1000泉店,スマスロ バイオハザードRE:3,1327,,1658,,https://min-repo.com/3354794/?kishu=all
2026-09-16,パラディソ1000泉店,スマスロ ハナビ,713,,1326,,https://min-repo.com/3354794/?kishu=all
2026-09-16,パラディソ1000泉店,スマスロ ハナビ,712,,1800,,https://min-repo.com/3354794/?kishu=all
2026-09-16,パラディソ1000泉店,スマスロ ハナビ,711,,6764,,https://min-repo.com/3354794/?kishu=all
2026-09-16,パラディソ1000泉店,スマスロ ハナビ,710,,2061,,https://min-repo.com/3354794/?kishu=all
2026-09-16,パラディソ1000泉店,スマスロ タコスロ,718,1,6880,100.0,https://min-repo.com/3354794/?kishu=all
2026-09-16,パラディソ1000泉店,スマスロ タコスロ,717,,5757,,https://min-repo.com/3354794/?kishu=all
2026-09-16,パラディソ1000泉店,スマスロ タコスロ,716,1,6477,100.0,https://min-repo.com/3354794/?kishu=all
2026-09-16,パラディソ1000泉店,スマスロ タコスロ,715,1,6816,100.0,https://min-repo.com/3354794/?kishu=all
2026-09-16,パラディソ1000泉店,スマスロ スーパーリオエース2,506,,640,,https://min-repo.com/3354794/?kishu=all
2026-09-16,パラディソ1000泉店,スマスロ スーパーリオエース2,505,,1138,,https://min-repo.com/3354794/?kishu=all
2026-09-16,パラディソ1000泉店,スマスロ スーパーリオエース2,503,,129,,https://min-repo.com/3354794/?kishu=all
2026-09-16,パラディソ1000泉店,スマスロ スーパーリオエース2,502,,1312,,https://min-repo.com/3354794/?kishu=all
2026-09-16,パラディソ1000泉店,スマスロ スーパーブラックジャック,511,,3051,,https://min-repo.com/3354794/?kishu=all
2026-09-16,パラディソ1000泉店,スマスロ スーパーブラックジャック,510,,472,,https://min-repo.com/3354794/?kishu=all
2026-09-16,パラディソ1000泉店,スマスロ スーパーブラックジャック,508,1,5252,100.0,https://min-repo.com/3354794/?kishu=all
2026-09-16,パラディソ1000泉店,スマスロ スーパーブラックジャック,507,,2910,,https://min-repo.com/3354794/?kishu=all
2026-09-16,パラディソ1000泉店,スマスロ ストリートファイター6,1810,,1579,,https://min-repo.com/3354794/?kishu=all
2026-09-16,パラディソ1000泉店,スマスロ ストリートファイター6,1808,,1243,,https://min-repo.com/3354794/?kishu=all
2026-09-16,パラディソ1000泉店,スマスロ ストリートファイター6,1807,,5865,,https://min-repo.com/3354794/?kishu=all
2026-09-16,パラディソ1000泉店,スマスロ ストリートファイター6,1806,1,1969,100.0,https://min-repo.com/3354794/?kishu=all
2026-09-16,パラディソ1000泉店,スマスロ ストリートファイター6,1805,,2980,,https://min-repo.com/3354794/?kishu=all
2026-09-16,パラディソ1000泉店,スマスロ サンダーV,708,,1401,,https://min-repo.com/3354794/?kishu=all
2026-09-16,パラディソ1000泉店,スマスロ サンダーV,707,1,8664,100.0,https://min-repo.com/3354794/?kishu=all
2026-09-16,パラディソ1000泉店,スマスロ サンダーV,706,1,4173,100.0,https://min-repo.com/3354794/?kishu=all
2026-09-16,パラディソ1000泉店,スマスロ サンダーV,705,,1752,,https://min-repo.com/3354794/?kishu=all
2026-09-16,パラディソ1000泉店,スマスロ ゴッドイーター リザレクション,658,,1480,,https://min-repo.com/3354794/?kishu=all
2026-09-16,パラディソ1000泉店,スマスロ ゴッドイーター リザレクション,657,,3287,,https://min-repo.com/3354794/?kishu=all
2026-09-16,パラディソ1000泉店,スマスロ ゴッドイーター リザレクション,656,1,6209,100.0,https://min-repo.com/3354794/?kishu=all
2026-09-16,パラディソ1000泉店,スマスロ ゴッドイーター リザレクション,655,,1893,,https://min-repo.com/3354794/?kishu=all
2026-09-16,パラディソ1000泉店,スマスロ ゴッドイーター リザレクション,653,1,3775,100.0,https://min-repo.com/3354794/?kishu=all
2026-09-16,パラディソ1000泉店,スマスロ ゴッドイーター リザレクション,652,1,4051,100.0,https://min-repo.com/3354794/?kishu=all
2026-09-16,パラディソ1000泉店,スマスロ ゴッドイーター リザレクション,651,,704,,https://min-repo.com/3354794/?kishu=all
2026-09-16,パラディソ1000泉店,スマスロ やじきた道中記参る！,350,1,1442,100.0,https://min-repo.com/3354794/?kishu=all
2026-09-16,パラディソ1000泉店,スマスロ やじきた道中記参る！,338,,1422,,https://min-repo.com/3354794/?kishu=all
2026-09-16,パラディソ1000泉店,スマスロ やじきた道中記参る！,337,1,7155,100.0,https://min-repo.com/3354794/?kishu=all
2026-09-16,パラディソ1000泉店,スマスロ やじきた道中記参る！,336,,1848,,https://min-repo.com/3354794/?kishu=all
2026-09-16,パラディソ1000泉店,スマスロ とんでもスキルで異世界放浪メシ,1856,,3490,,https://min-repo.com/3354794/?kishu=all
2026-09-16,パラディソ1000泉店,スマスロ とある魔術の禁書目録2,688,1,9556,100.0,https://min-repo.com/3354794/?kishu=all
2026-09-16,パラディソ1000泉店,スマスロ とある魔術の禁書目録2,687,,9231,,https://min-repo.com/3354794/?kishu=all
2026-09-16,パラディソ1000泉店,スマスロ とある魔術の禁書目録2,686,,7189,,https://min-repo.com/3354794/?kishu=all
2026-09-16,パラディソ1000泉店,スマスロ とある魔術の禁書目録2,685,,8764,,https://min-repo.com/3354794/?kishu=all
2026-09-16,パラディソ1000泉店,スマスロ とある魔術の禁書目録2,683,1,8429,100.0,https://min-repo.com/3354794/?kishu=all
2026-09-16,パラディソ1000泉店,スマスロ とある魔術の禁書目録2,682,,8575,,https://min-repo.com/3354794/?kishu=all
2026-09-16,パラディソ1000泉店,スマスロ とある魔術の禁書目録2,681,,7899,,https://min-repo.com/3354794/?kishu=all
2026-09-16,パラディソ1000泉店,ジャグラーガールズSS,1370,,2447,,https://min-repo.com/3354794/?kishu=all
2026-09-16,パラディソ1000泉店,ジャグラーガールズSS,1368,1,8735,100.0,https://min-repo.com/3354794/?kishu=all
2026-09-16,パラディソ1000泉店,ジャグラーガールズSS,1367,1,5080,100.0,https://min-repo.com/3354794/?kishu=all
2026-09-16,パラディソ1000泉店,ジャグラーガールズSS,1366,0,4986,100.0,https://min-repo.com/3354794/?kishu=all
2026-09-16,パラディソ1000泉店,ジャグラーガールズSS,1365,1,2955,100.0,https://min-repo.com/3354794/?kishu=all
2026-09-16,パラディソ1000泉店,ジャグラーガールズSS,1363,,1103,,https://min-repo.com/3354794/?kishu=all
2026-09-16,パラディソ1000泉店,ジャグラーガールズSS,1362,,2890,,https://min-repo.com/3354794/?kishu=all
2026-09-16,パラディソ1000泉店,ジャグラーガールズSS,1361,1,2505,100.0,https://min-repo.com/3354794/?kishu=all
2026-09-16,パラディソ1000泉店,ジャグラーガールズSS,1360,,2852,,https://min-repo.com/3354794/?kishu=all
2026-09-16,パラディソ1000泉店,ジャグラーガールズSS,1358,,4258,,https://min-repo.com/3354794/?kishu=all
2026-09-16,パラディソ1000泉店,ジャグラーガールズSS,1357,1,4381,100.0,https://min-repo.com/3354794/?kishu=all
2026-09-16,パラディソ1000泉店,ジャグラーガールズSS,1356,1,5575,100.0,https://min-repo.com/3354794/?kishu=all
2026-09-16,パラディソ1000泉店,ジャグラーガールズSS,1355,,1517,,https://min-repo.com/3354794/?kishu=all
2026-09-16,パラディソ1000泉店,ジャグラーガールズSS,1353,1,6901,100.0,https://min-repo.com/3354794/?kishu=all
2026-09-16,パラディソ1000泉店,ジャグラーガールズSS,1352,,1468,,https://min-repo.com/3354794/?kishu=all
2026-09-16,パラディソ1000泉店,ジャグラーガールズSS,1351,1,6729,100.0,https://min-repo.com/3354794/?kishu=all
2026-09-16,パラディソ1000泉店,ゴーゴージャグラー３,1650,,5398,,https://min-repo.com/3354794/?kishu=all
2026-09-16,パラディソ1000泉店,ゴーゴージャグラー３,1638,1,4181,100.0,https://min-repo.com/3354794/?kishu=all
2026-09-16,パラディソ1000泉店,ゴーゴージャグラー３,1637,1,6884,100.0,https://min-repo.com/3354794/?kishu=all
2026-09-16,パラディソ1000泉店,ゴーゴージャグラー３,1636,,6896,,https://min-repo.com/3354794/?kishu=all
2026-09-16,パラディソ1000泉店,ゴーゴージャグラー３,1635,1,2516,100.0,https://min-repo.com/3354794/?kishu=all
2026-09-16,パラディソ1000泉店,ゴーゴージャグラー３,1633,1,9364,100.0,https://min-repo.com/3354794/?kishu=all
2026-09-16,パラディソ1000泉店,ゴーゴージャグラー３,1632,,2540,,https://min-repo.com/3354794/?kishu=all
2026-09-16,パラディソ1000泉店,ゴーゴージャグラー３,1631,,4107,,https://min-repo.com/3354794/?kishu=all
2026-09-16,パラディソ1000泉店,ゴーゴージャグラー３,1630,1,3707,100.0,https://min-repo.com/3354794/?kishu=all
2026-09-16,パラディソ1000泉店,ゴーゴージャグラー３,1628,,2845,,https://min-repo.com/3354794/?kishu=all
2026-09-16,パラディソ1000泉店,ゴーゴージャグラー３,1627,,3575,,https://min-repo.com/3354794/?kishu=all
2026-09-16,パラディソ1000泉店,ゴーゴージャグラー３,1626,,3690,,https://min-repo.com/3354794/?kishu=all
2026-09-16,パラディソ1000泉店,ゴーゴージャグラー３,1625,,4193,,https://min-repo.com/3354794/?kishu=all
2026-09-16,パラディソ1000泉店,ゴーゴージャグラー３,1623,,5143,,https://min-repo.com/3354794/?kishu=all
2026-09-16,パラディソ1000泉店,ゴーゴージャグラー３,1622,1,5772,100.0,https://min-repo.com/3354794/?kishu=all
2026-09-16,パラディソ1000泉店,ゴーゴージャグラー３,1621,,3084,,https://min-repo.com/3354794/?kishu=all
2026-09-16,パラディソ1000泉店,ゴーゴージャグラー３,1620,1,7415,100.0,https://min-repo.com/3354794/?kishu=all
2026-09-16,パラディソ1000泉店,ゴーゴージャグラー３,1618,,1470,,https://min-repo.com/3354794/?kishu=all
2026-09-16,パラディソ1000泉店,ゴーゴージャグラー３,1617,1,7930,100.0,https://min-repo.com/3354794/?kishu=all
2026-09-16,パラディソ1000泉店,ゴーゴージャグラー３,1616,,4382,,https://min-repo.com/3354794/?kishu=all
2026-09-16,パラディソ1000泉店,ゴーゴージャグラー３,1615,,1665,,https://min-repo.com/3354794/?kishu=all
2026-09-16,パラディソ1000泉店,ゴーゴージャグラー３,1613,1,9368,100.0,https://min-repo.com/3354794/?kishu=all
2026-09-16,パラディソ1000泉店,ゴーゴージャグラー３,1612,,2420,,https://min-repo.com/3354794/?kishu=all
2026-09-16,パラディソ1000泉店,ゴーゴージャグラー３,1611,,4282,,https://min-repo.com/3354794/?kishu=all
2026-09-16,パラディソ1000泉店,ゴーゴージャグラー３,1610,,8735,,https://min-repo.com/3354794/?kishu=all
2026-09-16,パラディソ1000泉店,ゴーゴージャグラー３,1608,1,2605,100.0,https://min-repo.com/3354794/?kishu=all
2026-09-16,パラディソ1000泉店,ゴーゴージャグラー３,1607,,2371,,https://min-repo.com/3354794/?kishu=all
2026-09-16,パラディソ1000泉店,ゴーゴージャグラー３,1606,,5607,,https://min-repo.com/3354794/?kishu=all
2026-09-16,パラディソ1000泉店,ゴーゴージャグラー３,1605,,1289,,https://min-repo.com/3354794/?kishu=all
2026-09-16,パラディソ1000泉店,ゴーゴージャグラー３,1603,1,5908,100.0,https://min-repo.com/3354794/?kishu=all
2026-09-16,パラディソ1000泉店,ゴーゴージャグラー３,1602,,1963,,https://min-repo.com/3354794/?kishu=all
2026-09-16,パラディソ1000泉店,ゴーゴージャグラー３,1601,1,8306,100.0,https://min-repo.com/3354794/?kishu=all
2026-09-16,パラディソ1000泉店,クレアの秘宝伝～はじまりの扉と太陽の石～ボーナストリガーver.,725,,4085,,https://min-repo.com/3354794/?kishu=all
2026-09-16,パラディソ1000泉店,クレアの秘宝伝～はじまりの扉と太陽の石～ボーナストリガーver.,723,,5372,,https://min-repo.com/3354794/?kishu=all
2026-09-16,パラディソ1000泉店,クレアの秘宝伝～はじまりの扉と太陽の石～ボーナストリガーver.,722,,5581,,https://min-repo.com/3354794/?kishu=all
2026-09-16,パラディソ1000泉店,クランキークレスト,1380,1,7083,100.0,https://min-repo.com/3354794/?kishu=all
2026-09-16,パラディソ1000泉店,キングハナハナ-30,781,,1582,,https://min-repo.com/3354794/?kishu=all
2026-09-16,パラディソ1000泉店,キングハナハナ-30,780,,5118,,https://min-repo.com/3354794/?kishu=all
2026-09-16,パラディソ1000泉店,キングハナハナ-30,778,1,6430,100.0,https://min-repo.com/3354794/?kishu=all
2026-09-16,パラディソ1000泉店,キングハナハナ-30,777,,1861,,https://min-repo.com/3354794/?kishu=all
2026-09-16,パラディソ1000泉店,キングハナハナ-30,776,,2930,,https://min-repo.com/3354794/?kishu=all
2026-09-16,パラディソ1000泉店,キングハナハナ-30,775,1,7545,100.0,https://min-repo.com/3354794/?kishu=all
2026-09-16,パラディソ1000泉店,キングハナハナ-30,773,,9077,,https://min-repo.com/3354794/?kishu=all
2026-09-16,パラディソ1000泉店,キングハナハナ-30,772,,2961,,https://min-repo.com/3354794/?kishu=all
2026-09-16,パラディソ1000泉店,キングハナハナ-30,771,,7419,,https://min-repo.com/3354794/?kishu=all
2026-09-16,パラディソ1000泉店,キングハナハナ-30,768,1,9241,100.0,https://min-repo.com/3354794/?kishu=all
2026-09-16,パラディソ1000泉店,キングハナハナ-30,767,,4841,,https://min-repo.com/3354794/?kishu=all
2026-09-16,パラディソ1000泉店,キングハナハナ-30,766,1,5182,100.0,https://min-repo.com/3354794/?kishu=all
2026-09-16,パラディソ1000泉店,キングハナハナ-30,765,,1489,,https://min-repo.com/3354794/?kishu=all
2026-09-16,パラディソ1000泉店,キングハナハナ-30,763,,1982,,https://min-repo.com/3354794/?kishu=all
2026-09-16,パラディソ1000泉店,キングハナハナ-30,762,1,9396,100.0,https://min-repo.com/3354794/?kishu=all
2026-09-16,パラディソ1000泉店,キングハナハナ-30,761,,4157,,https://min-repo.com/3354794/?kishu=all
2026-09-16,パラディソ1000泉店,キングハナハナ-30,760,,2202,,https://min-repo.com/3354794/?kishu=all
2026-09-16,パラディソ1000泉店,ウルトラミラクルジャグラー,1550,,2812,,https://min-repo.com/3354794/?kishu=all
2026-09-16,パラディソ1000泉店,ウルトラミラクルジャグラー,1538,,4150,,https://min-repo.com/3354794/?kishu=all
2026-09-16,パラディソ1000泉店,ウルトラミラクルジャグラー,1537,,2985,,https://min-repo.com/3354794/?kishu=all
2026-09-16,パラディソ1000泉店,ウルトラミラクルジャグラー,1536,,2160,,https://min-repo.com/3354794/?kishu=all
2026-09-16,パラディソ1000泉店,ウルトラミラクルジャグラー,1535,1,10385,100.0,https://min-repo.com/3354794/?kishu=all
2026-09-16,パラディソ1000泉店,ウルトラミラクルジャグラー,1533,,419,,https://min-repo.com/3354794/?kishu=all
2026-09-16,パラディソ1000泉店,ウルトラミラクルジャグラー,1532,,2719,,https://min-repo.com/3354794/?kishu=all
2026-09-16,パラディソ1000泉店,ウルトラミラクルジャグラー,1531,1,10454,100.0,https://min-repo.com/3354794/?kishu=all
2026-09-16,パラディソ1000泉店,アレックス ブライト,703,0,6597,100.0,https://min-repo.com/3354794/?kishu=all
2026-09-16,パラディソ1000泉店,アレックス ブライト,702,,2205,,https://min-repo.com/3354794/?kishu=all
2026-09-16,パラディソ1000泉店,アニマルスロット ドッチ,1878,,1332,,https://min-repo.com/3354794/?kishu=all
2026-09-16,パラディソ1000泉店,いざ！番長,1312,1,533,100.1,https://min-repo.com/3354794/?kishu=all
2026-09-16,パラディソ1000泉店,いざ！番長,1311,1,8451,100.0,https://min-repo.com/3354794/?kishu=all
2026-09-16,パラディソ1000泉店,いざ！番長,1310,,2037,,https://min-repo.com/3354794/?kishu=all
2026-09-16,パラディソ1000泉店,SHAKE BONUS TRIGGER,732,,10204,,https://min-repo.com/3354794/?kishu=all
2026-09-16,パラディソ1000泉店,SHAKE BONUS TRIGGER,731,1,9400,100.0,https://min-repo.com/3354794/?kishu=all
2026-09-16,パラディソ1000泉店,L青春ブタ野郎はバニーガール先輩の夢を見ない,680,,7215,,https://min-repo.com/3354794/?kishu=all
2026-09-16,パラディソ1000泉店,L青春ブタ野郎はバニーガール先輩の夢を見ない,678,1,9432,100.0,https://min-repo.com/3354794/?kishu=all
2026-09-16,パラディソ1000泉店,L青春ブタ野郎はバニーガール先輩の夢を見ない,677,,6381,,https://min-repo.com/3354794/?kishu=all
2026-09-16,パラディソ1000泉店,L青春ブタ野郎はバニーガール先輩の夢を見ない,676,1,8484,100.0,https://min-repo.com/3354794/?kishu=all
2026-09-16,パラディソ1000泉店,L青春ブタ野郎はバニーガール先輩の夢を見ない,675,,7163,,https://min-repo.com/3354794/?kishu=all
2026-09-16,パラディソ1000泉店,L青春ブタ野郎はバニーガール先輩の夢を見ない,673,1,8480,100.0,https://min-repo.com/3354794/?kishu=all
2026-09-16,パラディソ1000泉店,L青春ブタ野郎はバニーガール先輩の夢を見ない,672,1,8245,100.0,https://min-repo.com/3354794/?kishu=all
2026-09-16,パラディソ1000泉店,L邪神ちゃんドロップキック,1880,,808,,https://min-repo.com/3354794/?kishu=all
2026-09-16,パラディソ1000泉店,L真・一騎当千,1858,,2953,,https://min-repo.com/3354794/?kishu=all
2026-09-16,パラディソ1000泉店,L無職転生～異世界行ったら本気だす～,1860,,2477,,https://min-repo.com/3354794/?kishu=all
2026-09-16,パラディソ1000泉店,L東京喰種,1783,,6921,,https://min-repo.com/3354794/?kishu=all
2026-09-16,パラディソ1000泉店,L東京喰種,1782,,3978,,https://min-repo.com/3354794/?kishu=all
2026-09-16,パラディソ1000泉店,L東京喰種,1781,,4562,,https://min-repo.com/3354794/?kishu=all
2026-09-16,パラディソ1000泉店,L東京喰種,1780,,6799,,https://min-repo.com/3354794/?kishu=all
2026-09-16,パラディソ1000泉店,L東京喰種,1778,,927,,https://min-repo.com/3354794/?kishu=all
2026-09-16,パラディソ1000泉店,L東京喰種,1777,,7009,,https://min-repo.com/3354794/?kishu=all
2026-09-16,パラディソ1000泉店,L東京喰種,1776,,5939,,https://min-repo.com/3354794/?kishu=all
2026-09-16,パラディソ1000泉店,L東京喰種,1775,,2163,,https://min-repo.com/3354794/?kishu=all
2026-09-16,パラディソ1000泉店,L東京喰種,1773,1,4667,100.0,https://min-repo.com/3354794/?kishu=all
2026-09-16,パラディソ1000泉店,L東京喰種,1772,1,5982,100.0,https://min-repo.com/3354794/?kishu=all
2026-09-16,パラディソ1000泉店,L東京喰種,1771,1,5777,100.0,https://min-repo.com/3354794/?kishu=all
2026-09-16,パラディソ1000泉店,L東京喰種,1770,,3527,,https://min-repo.com/3354794/?kishu=all
2026-09-16,パラディソ1000泉店,L東京喰種,1768,,5244,,https://min-repo.com/3354794/?kishu=all
2026-09-16,パラディソ1000泉店,L東京喰種,1767,,3464,,https://min-repo.com/3354794/?kishu=all
2026-09-16,パラディソ1000泉店,L東京喰種,1766,,3372,,https://min-repo.com/3354794/?kishu=all
2026-09-16,パラディソ1000泉店,L東京喰種,1765,,3606,,https://min-repo.com/3354794/?kishu=all
2026-09-16,パラディソ1000泉店,L東京喰種,1763,,5466,,https://min-repo.com/3354794/?kishu=all
2026-09-16,パラディソ1000泉店,L東京喰種,1762,,4294,,https://min-repo.com/3354794/?kishu=all
2026-09-16,パラディソ1000泉店,L東京喰種,1761,1,1413,100.0,https://min-repo.com/3354794/?kishu=all
2026-09-16,パラディソ1000泉店,L東京喰種,1760,1,6964,100.0,https://min-repo.com/3354794/?kishu=all
2026-09-16,パラディソ1000泉店,L東京喰種,1758,,2329,,https://min-repo.com/3354794/?kishu=all
2026-09-16,パラディソ1000泉店,L東京喰種,1757,1,5589,100.0,https://min-repo.com/3354794/?kishu=all
2026-09-16,パラディソ1000泉店,L東京喰種,1756,,2955,,https://min-repo.com/3354794/?kishu=all
2026-09-16,パラディソ1000泉店,L東京喰種,1755,1,8406,100.0,https://min-repo.com/3354794/?kishu=all
2026-09-16,パラディソ1000泉店,L東京喰種,1753,,1634,,https://min-repo.com/3354794/?kishu=all
2026-09-16,パラディソ1000泉店,L東京喰種,1752,,2025,,https://min-repo.com/3354794/?kishu=all
2026-09-16,パラディソ1000泉店,L東京喰種,1751,,6215,,https://min-repo.com/3354794/?kishu=all
2026-09-16,パラディソ1000泉店,L東京喰種,1750,,7361,,https://min-repo.com/3354794/?kishu=all
2026-09-16,パラディソ1000泉店,L東京喰種,1738,1,1212,100.0,https://min-repo.com/3354794/?kishu=all
2026-09-16,パラディソ1000泉店,L東京喰種,1737,,3954,,https://min-repo.com/3354794/?kishu=all
2026-09-16,パラディソ1000泉店,L戦国乙女４　戦乱に閃く炯眼の軍師,1308,,1119,,https://min-repo.com/3354794/?kishu=all
2026-09-16,パラディソ1000泉店,L戦国乙女４　戦乱に閃く炯眼の軍師,1307,,559,,https://min-repo.com/3354794/?kishu=all
2026-09-16,パラディソ1000泉店,L戦国乙女４　戦乱に閃く炯眼の軍師,1306,1,2127,100.0,https://min-repo.com/3354794/?kishu=all
2026-09-16,パラディソ1000泉店,L戦国乙女5 業火を穿つ宿焔の双刃,570,1,5874,100.0,https://min-repo.com/3354794/?kishu=all
2026-09-16,パラディソ1000泉店,L戦国乙女5 業火を穿つ宿焔の双刃,568,1,8524,100.0,https://min-repo.com/3354794/?kishu=all
2026-09-16,パラディソ1000泉店,L戦国乙女5 業火を穿つ宿焔の双刃,567,1,6417,100.0,https://min-repo.com/3354794/?kishu=all
2026-09-16,パラディソ1000泉店,L戦国乙女5 業火を穿つ宿焔の双刃,566,,1149,,https://min-repo.com/3354794/?kishu=all
2026-09-16,パラディソ1000泉店,L戦国乙女5 業火を穿つ宿焔の双刃,565,1,9143,100.0,https://min-repo.com/3354794/?kishu=all
2026-09-16,パラディソ1000泉店,L戦国乙女5 業火を穿つ宿焔の双刃,563,1,5380,100.0,https://min-repo.com/3354794/?kishu=all
2026-09-16,パラディソ1000泉店,L戦国乙女5 業火を穿つ宿焔の双刃,562,,566,,https://min-repo.com/3354794/?kishu=all
2026-09-16,パラディソ1000泉店,L戦国乙女5 業火を穿つ宿焔の双刃,561,,7900,,https://min-repo.com/3354794/?kishu=all
2026-09-16,パラディソ1000泉店,L戦国乙女5 業火を穿つ宿焔の双刃,560,1,548,100.1,https://min-repo.com/3354794/?kishu=all
2026-09-16,パラディソ1000泉店,L戦国乙女5 業火を穿つ宿焔の双刃,558,1,8859,100.0,https://min-repo.com/3354794/?kishu=all
2026-09-16,パラディソ1000泉店,L戦国乙女5 業火を穿つ宿焔の双刃,557,1,5748,100.0,https://min-repo.com/3354794/?kishu=all
2026-09-16,パラディソ1000泉店,L戦国乙女5 業火を穿つ宿焔の双刃,556,,6601,,https://min-repo.com/3354794/?kishu=all
2026-09-16,パラディソ1000泉店,L戦国乙女5 業火を穿つ宿焔の双刃,555,,3927,,https://min-repo.com/3354794/?kishu=all
2026-09-16,パラディソ1000泉店,L戦国乙女5 業火を穿つ宿焔の双刃,553,1,8034,100.0,https://min-repo.com/3354794/?kishu=all
2026-09-16,パラディソ1000泉店,L戦国乙女5 業火を穿つ宿焔の双刃,552,,672,,https://min-repo.com/3354794/?kishu=all
2026-09-16,パラディソ1000泉店,L戦国乙女5 業火を穿つ宿焔の双刃,551,1,8305,100.0,https://min-repo.com/3354794/?kishu=all
2026-09-16,パラディソ1000泉店,L少女☆歌劇 レヴュースタァライト -The SLOT-,533,,535,,https://min-repo.com/3354794/?kishu=all
2026-09-16,パラディソ1000泉店,L少女☆歌劇 レヴュースタァライト -The SLOT-,532,,132,,https://min-repo.com/3354794/?kishu=all
2026-09-16,パラディソ1000泉店,L少女☆歌劇 レヴュースタァライト -The SLOT-,531,,378,,https://min-repo.com/3354794/?kishu=all
2026-09-16,パラディソ1000泉店,L少女☆歌劇 レヴュースタァライト -The SLOT-,530,,522,,https://min-repo.com/3354794/?kishu=all
2026-09-16,パラディソ1000泉店,L南国育ち SPECIAL,1853,1,1893,100.0,https://min-repo.com/3354794/?kishu=all
2026-09-16,パラディソ1000泉店,L不二子BT,1852,1,621,100.1,https://min-repo.com/3354794/?kishu=all
2026-09-16,パラディソ1000泉店,Lラブ嬢3～Wご指名はいかがですか?～,1857,,762,,https://min-repo.com/3354794/?kishu=all
2026-09-16,パラディソ1000泉店,Lパチスロ革命機ヴァルヴレイヴ2,1251,,5764,,https://min-repo.com/3354794/?kishu=all
2026-09-16,パラディソ1000泉店,Lパチスロ革命機ヴァルヴレイヴ2,1250,,9750,,https://min-repo.com/3354794/?kishu=all
2026-09-16,パラディソ1000泉店,Lパチスロ革命機ヴァルヴレイヴ2,1238,1,943,100.0,https://min-repo.com/3354794/?kishu=all
2026-09-16,パラディソ1000泉店,Lパチスロ革命機ヴァルヴレイヴ2,1237,,6602,,https://min-repo.com/3354794/?kishu=all
2026-09-16,パラディソ1000泉店,Lパチスロ革命機ヴァルヴレイヴ2,1236,1,5481,100.0,https://min-repo.com/3354794/?kishu=all
2026-09-16,パラディソ1000泉店,Lパチスロ革命機ヴァルヴレイヴ2,1235,,5472,,https://min-repo.com/3354794/?kishu=all
2026-09-16,パラディソ1000泉店,Lパチスロ革命機ヴァルヴレイヴ2,1233,1,7190,100.0,https://min-repo.com/3354794/?kishu=all
2026-09-16,パラディソ1000泉店,Lパチスロ革命機ヴァルヴレイヴ2,1232,,5922,,https://min-repo.com/3354794/?kishu=all
2026-09-16,パラディソ1000泉店,Lパチスロ革命機ヴァルヴレイヴ2,1231,1,9231,100.0,https://min-repo.com/3354794/?kishu=all
2026-09-16,パラディソ1000泉店,Lパチスロ革命機ヴァルヴレイヴ,335,,2809,,https://min-repo.com/3354794/?kishu=all
2026-09-16,パラディソ1000泉店,Lパチスロ革命機ヴァルヴレイヴ,333,,3822,,https://min-repo.com/3354794/?kishu=all
2026-09-16,パラディソ1000泉店,Lパチスロ革命機ヴァルヴレイヴ,332,,5274,,https://min-repo.com/3354794/?kishu=all
2026-09-16,パラディソ1000泉店,Lパチスロ革命機ヴァルヴレイヴ,331,,1981,,https://min-repo.com/3354794/?kishu=all
2026-09-16,パラディソ1000泉店,Lパチスロ炎炎ノ消防隊2,1285,,803,,https://min-repo.com/3354794/?kishu=all
2026-09-16,パラディソ1000泉店,Lパチスロ炎炎ノ消防隊2,1283,,2582,,https://min-repo.com/3354794/?kishu=all
2026-09-16,パラディソ1000泉店,Lパチスロ炎炎ノ消防隊2,1282,1,1231,100.0,https://min-repo.com/3354794/?kishu=all
2026-09-16,パラディソ1000泉店,Lパチスロ炎炎ノ消防隊2,1281,,4159,,https://min-repo.com/3354794/?kishu=all
2026-09-16,パラディソ1000泉店,Lパチスロ炎炎ノ消防隊2,1280,,705,,https://min-repo.com/3354794/?kishu=all
2026-09-16,パラディソ1000泉店,Lパチスロ炎炎ノ消防隊2,1278,,4677,,https://min-repo.com/3354794/?kishu=all
2026-09-16,パラディソ1000泉店,Lパチスロ炎炎ノ消防隊2,1277,,2199,,https://min-repo.com/3354794/?kishu=all
2026-09-16,パラディソ1000泉店,Lパチスロ炎炎ノ消防隊2,1276,,4128,,https://min-repo.com/3354794/?kishu=all
2026-09-16,パラディソ1000泉店,Lパチスロ炎炎ノ消防隊2,1275,,1888,,https://min-repo.com/3354794/?kishu=all
2026-09-16,パラディソ1000泉店,Lパチスロ彼女、お借りします,1803,,3503,,https://min-repo.com/3354794/?kishu=all
2026-09-16,パラディソ1000泉店,Lパチスロ彼女、お借りします,1802,,5937,,https://min-repo.com/3354794/?kishu=all
2026-09-16,パラディソ1000泉店,Lパチスロ彼女、お借りします,1801,,2452,,https://min-repo.com/3354794/?kishu=all
2026-09-16,パラディソ1000泉店,Lパチスロ彼女、お借りします,1800,,5086,,https://min-repo.com/3354794/?kishu=all
2026-09-16,パラディソ1000泉店,Lパチスロ彼女、お借りします,1788,,5719,,https://min-repo.com/3354794/?kishu=all
2026-09-16,パラディソ1000泉店,Lパチスロ喰霊-零-Re,1881,1,9553,100.0,https://min-repo.com/3354794/?kishu=all
2026-09-16,パラディソ1000泉店,Lパチスロからくりサーカス2,1262,1,1447,100.0,https://min-repo.com/3354794/?kishu=all
2026-09-16,パラディソ1000泉店,Lパチスロからくりサーカス2,1261,1,3493,100.0,https://min-repo.com/3354794/?kishu=all
2026-09-16,パラディソ1000泉店,Lパチスロからくりサーカス2,1260,,1545,,https://min-repo.com/3354794/?kishu=all
2026-09-16,パラディソ1000泉店,Lパチスロからくりサーカス2,1258,1,1626,100.0,https://min-repo.com/3354794/?kishu=all
2026-09-16,パラディソ1000泉店,Lパチスロからくりサーカス2,1257,1,2546,100.0,https://min-repo.com/3354794/?kishu=all
2026-09-16,パラディソ1000泉店,Lパチスロからくりサーカス2,1256,1,2686,100.0,https://min-repo.com/3354794/?kishu=all
2026-09-16,パラディソ1000泉店,Lパチスロからくりサーカス2,1255,1,1221,100.0,https://min-repo.com/3354794/?kishu=all
2026-09-16,パラディソ1000泉店,Lパチスロからくりサーカス2,1253,,793,,https://min-repo.com/3354794/?kishu=all
2026-09-16,パラディソ1000泉店,Lパチスロからくりサーカス2,1252,,2651,,https://min-repo.com/3354794/?kishu=all
2026-09-16,パラディソ1000泉店,Lパチスロからくりサーカス,1273,1,3068,100.0,https://min-repo.com/3354794/?kishu=all
2026-09-16,パラディソ1000泉店,Lパチスロからくりサーカス,1272,1,1067,100.0,https://min-repo.com/3354794/?kishu=all
2026-09-16,パラディソ1000泉店,Lパチスロからくりサーカス,1271,,87,,https://min-repo.com/3354794/?kishu=all
2026-09-16,パラディソ1000泉店,Lパチスロからくりサーカス,1270,,365,,https://min-repo.com/3354794/?kishu=all
2026-09-16,パラディソ1000泉店,Lパチスロうみねこのなく頃に2,1866,1,4858,100.0,https://min-repo.com/3354794/?kishu=all
2026-09-16,パラディソ1000泉店,Lパチスロ かぐや様は告らせたい,1268,,2350,,https://min-repo.com/3354794/?kishu=all
2026-09-16,パラディソ1000泉店,Lパチスロ かぐや様は告らせたい,1267,1,795,100.0,https://min-repo.com/3354794/?kishu=all
2026-09-16,パラディソ1000泉店,Lパチスロ かぐや様は告らせたい,1266,,1315,,https://min-repo.com/3354794/?kishu=all
2026-09-16,パラディソ1000泉店,Lパチスロ かぐや様は告らせたい,1265,,2919,,https://min-repo.com/3354794/?kishu=all
2026-09-16,パラディソ1000泉店,Lパチスロ かぐや様は告らせたい,1263,,1267,,https://min-repo.com/3354794/?kishu=all
2026-09-16,パラディソ1000泉店,Lバンドリ！,1875,,2427,,https://min-repo.com/3354794/?kishu=all
2026-09-16,パラディソ1000泉店,Lダーリン・イン・ザ・フランキス,528,,1612,,https://min-repo.com/3354794/?kishu=all
2026-09-16,パラディソ1000泉店,Lダーリン・イン・ザ・フランキス,527,,1315,,https://min-repo.com/3354794/?kishu=all
2026-09-16,パラディソ1000泉店,Lダーリン・イン・ザ・フランキス,526,,2026,,https://min-repo.com/3354794/?kishu=all
2026-09-16,パラディソ1000泉店,Lタクトオーパス デスティニー,1876,,1551,,https://min-repo.com/3354794/?kishu=all
2026-09-16,パラディソ1000泉店,Lソードアート・オンライン,1873,1,5739,100.0,https://min-repo.com/3354794/?kishu=all
2026-09-16,パラディソ1000泉店,Lスマスロ北斗の拳,1350,0,2073,100.0,https://min-repo.com/3354794/?kishu=all
2026-09-16,パラディソ1000泉店,Lスマスロ北斗の拳,1338,1,6901,100.0,https://min-repo.com/3354794/?kishu=all
2026-09-16,パラディソ1000泉店,Lスマスロ北斗の拳,1337,,723,,https://min-repo.com/3354794/?kishu=all
2026-09-16,パラディソ1000泉店,Lスマスロ北斗の拳,1336,,7373,,https://min-repo.com/3354794/?kishu=all
2026-09-16,パラディソ1000泉店,Lスマスロ北斗の拳,1335,1,923,100.0,https://min-repo.com/3354794/?kishu=all
2026-09-16,パラディソ1000泉店,Lスマスロ北斗の拳,1333,,5774,,https://min-repo.com/3354794/?kishu=all
2026-09-16,パラディソ1000泉店,Lスマスロ北斗の拳,1332,,1901,,https://min-repo.com/3354794/?kishu=all
2026-09-16,パラディソ1000泉店,Lスマスロ北斗の拳,1331,,1559,,https://min-repo.com/3354794/?kishu=all
2026-09-16,パラディソ1000泉店,Lアズールレーン THE ANIMATION,550,,413,,https://min-repo.com/3354794/?kishu=all
2026-09-16,パラディソ1000泉店,Lアズールレーン THE ANIMATION,538,1,1448,100.0,https://min-repo.com/3354794/?kishu=all
2026-09-16,パラディソ1000泉店,Lアズールレーン THE ANIMATION,537,,1018,,https://min-repo.com/3354794/?kishu=all
2026-09-16,パラディソ1000泉店,Lアズールレーン THE ANIMATION,536,,1263,,https://min-repo.com/3354794/?kishu=all
2026-09-16,パラディソ1000泉店,Lアズールレーン THE ANIMATION,535,,1239,,https://min-repo.com/3354794/?kishu=all
2026-09-16,パラディソ1000泉店,LBパチスロ ヱヴァンゲリヲン～約束の扉～,730,,3962,,https://min-repo.com/3354794/?kishu=all
2026-09-16,パラディソ1000泉店,LBパチスロ ヱヴァンゲリヲン～約束の扉～,728,,6062,,https://min-repo.com/3354794/?kishu=all
2026-09-16,パラディソ1000泉店,L ＨＥＹ！エリートサラリーマン鏡,1877,1,9080,100.0,https://min-repo.com/3354794/?kishu=all
2026-09-16,パラディソ1000泉店,L ToLOVEるダークネス TRANCE ver.8.7,1326,,2448,,https://min-repo.com/3354794/?kishu=all
2026-09-16,パラディソ1000泉店,L ToLOVEるダークネス TRANCE ver.8.7,1325,,2340,,https://min-repo.com/3354794/?kishu=all
2026-09-16,パラディソ1000泉店,L ToLOVEるダークネス TRANCE ver.8.7,1323,,2441,,https://min-repo.com/3354794/?kishu=all
2026-09-16,パラディソ1000泉店,L ToLOVEるダークネス TRANCE ver.8.7,1322,,2445,,https://min-repo.com/3354794/?kishu=all
2026-09-16,パラディソ1000泉店,A-SLOT+異世界かるてっとBT,727,1,960,100.0,https://min-repo.com/3354794/?kishu=all
2026-09-16,パラディソ1000泉店,A-SLOT+異世界かるてっとBT,726,,3458,,https://min-repo.com/3354794/?kishu=all
2026-09-16,パラディソ1000泉店,A-SLOT+ ディスクアップ ULTRAREMIX,1865,1,6929,100.0,https://min-repo.com/3354794/?kishu=all
2026-09-16,パラディソ1000泉店,A-SLOT+ この素晴らしい世界に祝福を！,1868,,1560,,https://min-repo.com/3354794/?kishu=all
2026-09-16,パチンコダイイチ,翔べ！ハーレムエース,585,,179,,https://min-repo.com/3354915/?kishu=all
2026-09-16,パチンコダイイチ,桃太郎電鉄～パチスロも定番！～,370,,691,,https://min-repo.com/3354915/?kishu=all
2026-09-16,パチンコダイイチ,戦国コレクション6,368,,198,,https://min-repo.com/3354915/?kishu=all
2026-09-16,パチンコダイイチ,吉宗,517,,1139,,https://min-repo.com/3354915/?kishu=all
2026-09-16,パチンコダイイチ,ミスタージャグラー,538,439,1623,109.0,https://min-repo.com/3354915/?kishu=all
2026-09-16,パチンコダイイチ,ミスタージャグラー,537,,933,,https://min-repo.com/3354915/?kishu=all
2026-09-16,パチンコダイイチ,マイジャグラーV,568,,873,,https://min-repo.com/3354915/?kishu=all
2026-09-16,パチンコダイイチ,マイジャグラーV,567,297,1326,107.5,https://min-repo.com/3354915/?kishu=all
2026-09-16,パチンコダイイチ,マイジャグラーV,566,2226,4056,118.3,https://min-repo.com/3354915/?kishu=all
2026-09-16,パチンコダイイチ,マイジャグラーV,565,,292,,https://min-repo.com/3354915/?kishu=all
2026-09-16,パチンコダイイチ,マイジャグラーV,523,,256,,https://min-repo.com/3354915/?kishu=all
2026-09-16,パチンコダイイチ,マイジャグラーV,522,1736,4125,114.0,https://min-repo.com/3354915/?kishu=all
2026-09-16,パチンコダイイチ,マイジャグラーV,521,49,929,101.8,https://min-repo.com/3354915/?kishu=all
2026-09-16,パチンコダイイチ,マイジャグラーV,520,,3259,,https://min-repo.com/3354915/?kishu=all
2026-09-16,パチンコダイイチ,ファンキージャグラー２ＫＴ,555,,259,,https://min-repo.com/3354915/?kishu=all
2026-09-16,パチンコダイイチ,ファンキージャグラー２ＫＴ,553,245,1343,106.1,https://min-repo.com/3354915/?kishu=all
2026-09-16,パチンコダイイチ,ファンキージャグラー２ＫＴ,552,219,1362,105.4,https://min-repo.com/3354915/?kishu=all
2026-09-16,パチンコダイイチ,スマスロ秘宝伝,516,0,0,,https://min-repo.com/3354915/?kishu=all
2026-09-16,パチンコダイイチ,スマスロ新鬼武者3,376,,245,,https://min-repo.com/3354915/?kishu=all
2026-09-16,パチンコダイイチ,スマスロ北斗の拳 転生の章2,605,,653,,https://min-repo.com/3354915/?kishu=all
2026-09-16,パチンコダイイチ,スマスロ北斗の拳 転生の章2,603,,2062,,https://min-repo.com/3354915/?kishu=all
2026-09-16,パチンコダイイチ,スマスロモンキーターンV,513,,129,,https://min-repo.com/3354915/?kishu=all
2026-09-16,パチンコダイイチ,スマスロネオプラネット,578,0,0,,https://min-repo.com/3354915/?kishu=all
2026-09-16,パチンコダイイチ,スマスロケロット5BT,580,157,961,105.4,https://min-repo.com/3354915/?kishu=all
2026-09-16,パチンコダイイチ,スマスロ 甲鉄城のカバネリ 海門決戦,601,4008,4458,130.0,https://min-repo.com/3354915/?kishu=all
2026-09-16,パチンコダイイチ,スマスロ 甲鉄城のカバネリ 海門決戦,600,,2925,,https://min-repo.com/3354915/?kishu=all
2026-09-16,パチンコダイイチ,スマスロ 沖ドキ!DUO アンコール,367,,39,,https://min-repo.com/3354915/?kishu=all
2026-09-16,パチンコダイイチ,スマスロ 沖ドキ!DUO アンコール,366,,32,,https://min-repo.com/3354915/?kishu=all
2026-09-16,パチンコダイイチ,スマスロ 沖ドキ!DUO アンコール,365,,1825,,https://min-repo.com/3354915/?kishu=all
2026-09-16,パチンコダイイチ,スマスロ 沖ドキ!DUO アンコール,363,0,0,,https://min-repo.com/3354915/?kishu=all
2026-09-16,パチンコダイイチ,スマスロ 沖ドキ!DUO アンコール,362,,160,,https://min-repo.com/3354915/?kishu=all
2026-09-16,パチンコダイイチ,スマスロ リコリス・リコイル,608,,2398,,https://min-repo.com/3354915/?kishu=all
2026-09-16,パチンコダイイチ,スマスロ リコリス・リコイル,607,,2273,,https://min-repo.com/3354915/?kishu=all
2026-09-16,パチンコダイイチ,スマスロ リコリス・リコイル,606,,2377,,https://min-repo.com/3354915/?kishu=all
2026-09-16,パチンコダイイチ,スマスロ モンスターハンターライズ,373,,2747,,https://min-repo.com/3354915/?kishu=all
2026-09-16,パチンコダイイチ,スマスロ ビッグドリーム THE GOLDEN PUSHER,602,0,0,,https://min-repo.com/3354915/?kishu=all
2026-09-16,パチンコダイイチ,スマスロ バイオハザードRE:3,375,0,0,,https://min-repo.com/3354915/?kishu=all
2026-09-16,パチンコダイイチ,スマスロ ハナビ,581,771,3523,107.3,https://min-repo.com/3354915/?kishu=all
2026-09-16,パチンコダイイチ,スマスロ スーパーブラックジャック,515,0,0,,https://min-repo.com/3354915/?kishu=all
2026-09-16,パチンコダイイチ,スマスロ ストリートファイター6,511,4340,1041,239.0,https://min-repo.com/3354915/?kishu=all
2026-09-16,パチンコダイイチ,スマスロ サンダーV,582,,365,,https://min-repo.com/3354915/?kishu=all
2026-09-16,パチンコダイイチ,スマスロ ゴッドイーター リザレクション,512,0,0,,https://min-repo.com/3354915/?kishu=all
2026-09-16,パチンコダイイチ,ゴーゴージャグラー３,536,,2189,,https://min-repo.com/3354915/?kishu=all
2026-09-16,パチンコダイイチ,ゴーゴージャグラー３,535,,468,,https://min-repo.com/3354915/?kishu=all
2026-09-16,パチンコダイイチ,ゴーゴージャグラー３,533,1252,3088,113.5,https://min-repo.com/3354915/?kishu=all
2026-09-16,パチンコダイイチ,ゴーゴージャグラー３,532,,599,,https://min-repo.com/3354915/?kishu=all
2026-09-16,パチンコダイイチ,クレアの秘宝伝～はじまりの扉と太陽の石～ボーナストリガーver.,586,,296,,https://min-repo.com/3354915/?kishu=all
2026-09-16,パチンコダイイチ,ウルトラミラクルジャグラー,551,208,4211,101.6,https://min-repo.com/3354915/?kishu=all
2026-09-16,パチンコダイイチ,ウルトラミラクルジャグラー,550,,855,,https://min-repo.com/3354915/?kishu=all
2026-09-16,パチンコダイイチ,アレックス ブライト,583,,101,,https://min-repo.com/3354915/?kishu=all
2026-09-16,パチンコダイイチ,SアイムジャグラーＥＸ,563,,625,,https://min-repo.com/3354915/?kishu=all
2026-09-16,パチンコダイイチ,SアイムジャグラーＥＸ,562,,682,,https://min-repo.com/3354915/?kishu=all
2026-09-16,パチンコダイイチ,SアイムジャグラーＥＸ,561,263,2695,103.3,https://min-repo.com/3354915/?kishu=all
2026-09-16,パチンコダイイチ,SアイムジャグラーＥＸ,560,,467,,https://min-repo.com/3354915/?kishu=all
2026-09-16,パチンコダイイチ,SアイムジャグラーＥＸ,558,,1438,,https://min-repo.com/3354915/?kishu=all
2026-09-16,パチンコダイイチ,SアイムジャグラーＥＸ,557,,183,,https://min-repo.com/3354915/?kishu=all
2026-09-16,パチンコダイイチ,SアイムジャグラーＥＸ,556,,2952,,https://min-repo.com/3354915/?kishu=all
2026-09-16,パチンコダイイチ,SアイムジャグラーＥＸ,531,,960,,https://min-repo.com/3354915/?kishu=all
2026-09-16,パチンコダイイチ,SアイムジャグラーＥＸ,530,,926,,https://min-repo.com/3354915/?kishu=all
2026-09-16,パチンコダイイチ,SアイムジャグラーＥＸ,528,,1559,,https://min-repo.com/3354915/?kishu=all
2026-09-16,パチンコダイイチ,SアイムジャグラーＥＸ,527,575,2028,109.5,https://min-repo.com/3354915/?kishu=all
2026-09-16,パチンコダイイチ,SアイムジャグラーＥＸ,526,,1469,,https://min-repo.com/3354915/?kishu=all
2026-09-16,パチンコダイイチ,SアイムジャグラーＥＸ,525,57,595,103.2,https://min-repo.com/3354915/?kishu=all
2026-09-16,パチンコダイイチ,L範馬刃牙,371,,621,,https://min-repo.com/3354915/?kishu=all
2026-09-16,パチンコダイイチ,L東京喰種,387,4272,4047,135.2,https://min-repo.com/3354915/?kishu=all
2026-09-16,パチンコダイイチ,L東京喰種,386,4372,7443,119.6,https://min-repo.com/3354915/?kishu=all
2026-09-16,パチンコダイイチ,L戦国乙女5 業火を穿つ宿焔の双刃,385,,6211,,https://min-repo.com/3354915/?kishu=all
2026-09-16,パチンコダイイチ,L戦国乙女5 業火を穿つ宿焔の双刃,383,,966,,https://min-repo.com/3354915/?kishu=all
2026-09-16,パチンコダイイチ,L南国育ち SPECIAL,518,,3131,,https://min-repo.com/3354915/?kishu=all
2026-09-16,パチンコダイイチ,L主役は銭形5,372,0,0,,https://min-repo.com/3354915/?kishu=all
2026-09-16,パチンコダイイチ,L不二子BT,588,,193,,https://min-repo.com/3354915/?kishu=all
2026-09-16,パチンコダイイチ,Lパチスロ革命機ヴァルヴレイヴ2,500,0,0,,https://min-repo.com/3354915/?kishu=all
2026-09-16,パチンコダイイチ,Lパチスロ革命機ヴァルヴレイヴ2,388,0,0,,https://min-repo.com/3354915/?kishu=all
2026-09-16,パチンコダイイチ,Lパチスロ炎炎ノ消防隊2,502,915,978,131.2,https://min-repo.com/3354915/?kishu=all
2026-09-16,パチンコダイイチ,Lパチスロ炎炎ノ消防隊2,501,183,2675,102.3,https://min-repo.com/3354915/?kishu=all
2026-09-16,パチンコダイイチ,Lパチスロからくりサーカス2,505,0,0,,https://min-repo.com/3354915/?kishu=all
2026-09-16,パチンコダイイチ,Lパチスロからくりサーカス2,503,0,0,,https://min-repo.com/3354915/?kishu=all
2026-09-16,パチンコダイイチ,Lパチスロ 機動戦士ガンダムユニコーン 覚醒DRIVE,507,0,0,,https://min-repo.com/3354915/?kishu=all
2026-09-16,パチンコダイイチ,Lパチスロ ダンベル何キロ持てる？,508,,55,,https://min-repo.com/3354915/?kishu=all
2026-09-16,パチンコダイイチ,Lパチスロ かぐや様は告らせたい,510,0,0,,https://min-repo.com/3354915/?kishu=all
2026-09-16,パチンコダイイチ,Lスマスロ北斗の拳,382,0,0,,https://min-repo.com/3354915/?kishu=all
2026-09-16,パチンコダイイチ,Lスマスロ北斗の拳,381,4041,1700,179.2,https://min-repo.com/3354915/?kishu=all
2026-09-16,パチンコダイイチ,Lスマスロ北斗の拳,380,230,889,108.6,https://min-repo.com/3354915/?kishu=all
2026-09-16,パチンコダイイチ,Lスマスロ北斗の拳,378,0,0,,https://min-repo.com/3354915/?kishu=all
2026-09-16,パチンコダイイチ,Lスマスロ北斗の拳,377,,254,,https://min-repo.com/3354915/?kishu=all
2026-09-16,パチンコダイイチ,Lゴジラ対エヴァンゲリオン,506,0,0,,https://min-repo.com/3354915/?kishu=all
2026-09-16,パチンコダイイチ,LBパチスロ ヱヴァンゲリヲン～約束の扉～,587,0,0,,https://min-repo.com/3354915/?kishu=all
2026-09-16,パチンコタイガー松森店,ＳＬＯＴマッピー,565,,381,,https://min-repo.com/3355543/?kishu=all
2026-09-16,パチンコタイガー松森店,ＳＬＯＴマッピー,564,,4047,,https://min-repo.com/3355543/?kishu=all
2026-09-16,パチンコタイガー松森店,ＧＩ優駿倶楽部２,588,0,0,,https://min-repo.com/3355543/?kishu=all
2026-09-16,パチンコタイガー松森店,ＣＣエンジェル,563,0,0,,https://min-repo.com/3355543/?kishu=all
2026-09-16,パチンコタイガー松森店,花火絶景,574,157,366,114.3,https://min-repo.com/3355543/?kishu=all
2026-09-16,パチンコタイガー松森店,真打 吉宗,660,,956,,https://min-repo.com/3355543/?kishu=all
2026-09-16,パチンコタイガー松森店,真打 吉宗,659,0,0,,https://min-repo.com/3355543/?kishu=all
2026-09-16,パチンコタイガー松森店,真打 吉宗,658,1578,3394,115.5,https://min-repo.com/3355543/?kishu=all
2026-09-16,パチンコタイガー松森店,燃えチバ-30,479,57,2327,100.8,https://min-repo.com/3355543/?kishu=all
2026-09-16,パチンコタイガー松森店,沖ドキ！ＧＯＬＤ-30,497,,3225,,https://min-repo.com/3355543/?kishu=all
2026-09-16,パチンコタイガー松森店,沖ドキ！ＧＯＬＤ-30,496,,4699,,https://min-repo.com/3355543/?kishu=all
2026-09-16,パチンコタイガー松森店,沖ドキ！ＧＯＬＤ-30,495,1049,556,162.9,https://min-repo.com/3355543/?kishu=all
2026-09-16,パチンコタイガー松森店,沖ドキ！ＧＯＬＤ-30,494,241,1108,107.3,https://min-repo.com/3355543/?kishu=all
2026-09-16,パチンコタイガー松森店,沖ドキ！ＧＯＬＤ-30,493,,4088,,https://min-repo.com/3355543/?kishu=all
2026-09-16,パチンコタイガー松森店,沖ドキ！ＧＯＬＤ-30,492,,362,,https://min-repo.com/3355543/?kishu=all
2026-09-16,パチンコタイガー松森店,沖ドキ！ＧＯＬＤ-30,491,,155,,https://min-repo.com/3355543/?kishu=all
2026-09-16,パチンコタイガー松森店,沖ドキ！ＧＯＬＤ-30,490,,176,,https://min-repo.com/3355543/?kishu=all
2026-09-16,パチンコタイガー松森店,沖ドキ！ＧＯＬＤ-30,489,,2759,,https://min-repo.com/3355543/?kishu=all
2026-09-16,パチンコタイガー松森店,沖ドキ！ＧＯＬＤ-30,488,491,354,146.2,https://min-repo.com/3355543/?kishu=all
2026-09-16,パチンコタイガー松森店,沖ドキ！ＧＯＬＤ,499,321,1281,108.4,https://min-repo.com/3355543/?kishu=all
2026-09-16,パチンコタイガー松森店,沖ドキ！ＧＯＬＤ,498,1233,1725,123.8,https://min-repo.com/3355543/?kishu=all
2026-09-16,パチンコタイガー松森店,沖ドキ！２-30,480,,187,,https://min-repo.com/3355543/?kishu=all
2026-09-16,パチンコタイガー松森店,沖ドキ！DUO-30,481,,462,,https://min-repo.com/3355543/?kishu=all
2026-09-16,パチンコタイガー松森店,沖ドキ！BLACK,487,,195,,https://min-repo.com/3355543/?kishu=all
2026-09-16,パチンコタイガー松森店,沖ドキ！BLACK,486,,2419,,https://min-repo.com/3355543/?kishu=all
2026-09-16,パチンコタイガー松森店,沖ドキ！BLACK,485,54,731,102.5,https://min-repo.com/3355543/?kishu=all
2026-09-16,パチンコタイガー松森店,沖ドキ！BLACK,484,,1615,,https://min-repo.com/3355543/?kishu=all
2026-09-16,パチンコタイガー松森店,沖ドキ！BLACK,483,752,540,146.4,https://min-repo.com/3355543/?kishu=all
2026-09-16,パチンコタイガー松森店,沖ドキ！BLACK,482,748,328,176.0,https://min-repo.com/3355543/?kishu=all
2026-09-16,パチンコタイガー松森店,機動戦士ガンダムユニコーン,599,0,0,,https://min-repo.com/3355543/?kishu=all
2026-09-16,パチンコタイガー松森店,機動戦士ガンダムユニコーン,598,0,0,,https://min-repo.com/3355543/?kishu=all
2026-09-16,パチンコタイガー松森店,新ハナビ,582,1429,6724,107.1,https://min-repo.com/3355543/?kishu=all
2026-09-16,パチンコタイガー松森店,新ハナビ,581,,45,,https://min-repo.com/3355543/?kishu=all
2026-09-16,パチンコタイガー松森店,新ハナビ,580,,118,,https://min-repo.com/3355543/?kishu=all
2026-09-16,パチンコタイガー松森店,新ハナビ,561,715,3711,106.4,https://min-repo.com/3355543/?kishu=all
2026-09-16,パチンコタイガー松森店,新ハナビ,560,289,699,113.8,https://min-repo.com/3355543/?kishu=all
2026-09-16,パチンコタイガー松森店,新ハナビ,559,,1440,,https://min-repo.com/3355543/?kishu=all
2026-09-16,パチンコタイガー松森店,新ハナビ,558,,2001,,https://min-repo.com/3355543/?kishu=all
2026-09-16,パチンコタイガー松森店,新ハナビ,503,390,4368,103.0,https://min-repo.com/3355543/?kishu=all
2026-09-16,パチンコタイガー松森店,新ハナビ,502,,414,,https://min-repo.com/3355543/?kishu=all
2026-09-16,パチンコタイガー松森店,新ハナビ,501,,3986,,https://min-repo.com/3355543/?kishu=all
2026-09-16,パチンコタイガー松森店,新ハナビ,500,,514,,https://min-repo.com/3355543/?kishu=all
2026-09-16,パチンコタイガー松森店,押忍！番長ＺＥＲＯ,605,260,976,108.9,https://min-repo.com/3355543/?kishu=all
2026-09-16,パチンコタイガー松森店,押忍！番長ＺＥＲＯ,604,0,0,,https://min-repo.com/3355543/?kishu=all
2026-09-16,パチンコタイガー松森店,戦国コレクション6,720,,5175,,https://min-repo.com/3355543/?kishu=all
2026-09-16,パチンコタイガー松森店,吉宗,671,,362,,https://min-repo.com/3355543/?kishu=all
2026-09-16,パチンコタイガー松森店,吉宗,670,,175,,https://min-repo.com/3355543/?kishu=all
2026-09-16,パチンコタイガー松森店,吉宗,669,,192,,https://min-repo.com/3355543/?kishu=all
2026-09-16,パチンコタイガー松森店,交響詩篇エウレカセブン HI-EVOLUTION ZERO TYPE-ART,587,,2218,,https://min-repo.com/3355543/?kishu=all
2026-09-16,パチンコタイガー松森店,ワードオブライツⅡ,591,0,0,,https://min-repo.com/3355543/?kishu=all
2026-09-16,パチンコタイガー松森店,ミスタージャグラー,514,753,1675,115.0,https://min-repo.com/3355543/?kishu=all
2026-09-16,パチンコタイガー松森店,ミスタージャグラー,513,110,423,108.7,https://min-repo.com/3355543/?kishu=all
2026-09-16,パチンコタイガー松森店,ミスタージャグラー,512,,4100,,https://min-repo.com/3355543/?kishu=all
2026-09-16,パチンコタイガー松森店,ファンキージャグラー２ＫＴ,511,,820,,https://min-repo.com/3355543/?kishu=all
2026-09-16,パチンコタイガー松森店,ファンキージャグラー２ＫＴ,510,,1694,,https://min-repo.com/3355543/?kishu=all
2026-09-16,パチンコタイガー松森店,ファンキージャグラー２ＫＴ,509,,608,,https://min-repo.com/3355543/?kishu=all
2026-09-16,パチンコタイガー松森店,ファンキージャグラー２ＫＴ,508,,725,,https://min-repo.com/3355543/?kishu=all
2026-09-16,パチンコタイガー松森店,ファンキージャグラー２ＫＴ,507,15,665,100.8,https://min-repo.com/3355543/?kishu=all
2026-09-16,パチンコタイガー松森店,ファンキージャグラー２ＫＴ,506,27,1295,100.7,https://min-repo.com/3355543/?kishu=all
2026-09-16,パチンコタイガー松森店,ファミスタ回胴版！！,570,147,1067,104.6,https://min-repo.com/3355543/?kishu=all
2026-09-16,パチンコタイガー松森店,パチスロ炎炎ノ消防隊,596,,317,,https://min-repo.com/3355543/?kishu=all
2026-09-16,パチンコタイガー松森店,パチスロハイパーラッシュ,579,1466,3911,112.5,https://min-repo.com/3355543/?kishu=all
2026-09-16,パチンコタイガー松森店,パチスロハイパーラッシュ,578,,1095,,https://min-repo.com/3355543/?kishu=all
2026-09-16,パチンコタイガー松森店,パチスロひぐらしのなく頃に祭２,592,0,0,,https://min-repo.com/3355543/?kishu=all
2026-09-16,パチンコタイガー松森店,パチスロ　甲鉄城のカバネリ,601,0,0,,https://min-repo.com/3355543/?kishu=all
2026-09-16,パチンコタイガー松森店,パチスロ　甲鉄城のカバネリ,600,0,0,,https://min-repo.com/3355543/?kishu=all
2026-09-16,パチンコタイガー松森店,パチスロ　新鬼武者２,607,,19,,https://min-repo.com/3355543/?kishu=all
2026-09-16,パチンコタイガー松森店,パチスロ　新鬼武者２,606,2852,2755,134.5,https://min-repo.com/3355543/?kishu=all
2026-09-16,パチンコタイガー松森店,パチスロ　モンスターハンターワールドアイスボーン,593,0,0,,https://min-repo.com/3355543/?kishu=all
2026-09-16,パチンコタイガー松森店,パチスロ　バイオハザード　ＲＥ：２,594,0,0,,https://min-repo.com/3355543/?kishu=all
2026-09-16,パチンコタイガー松森店,パチスロ　バイオハザード7　レジデント　イービル,595,0,0,,https://min-repo.com/3355543/?kishu=all
2026-09-16,パチンコタイガー松森店,パチスロ　ハードボイルド,584,,318,,https://min-repo.com/3355543/?kishu=all
2026-09-16,パチンコタイガー松森店,パチスロ　ハードボイルド,583,,192,,https://min-repo.com/3355543/?kishu=all
2026-09-16,パチンコタイガー松森店,パチスロ　ディスクアップ２,590,966,3976,108.1,https://min-repo.com/3355543/?kishu=all
2026-09-16,パチンコタイガー松森店,パチスロ　ディスクアップ２,589,197,639,110.3,https://min-repo.com/3355543/?kishu=all
2026-09-16,パチンコタイガー松森店,パチスロ モンキーターンIV,603,0,0,,https://min-repo.com/3355543/?kishu=all
2026-09-16,パチンコタイガー松森店,パチスロ モンキーターンIV,602,0,0,,https://min-repo.com/3355543/?kishu=all
2026-09-16,パチンコタイガー松森店,パチスロ ダンジョンに出会いを求めるのは間違っているだろうか2,597,,945,,https://min-repo.com/3355543/?kishu=all
2026-09-16,パチンコタイガー松森店,パチスロ ガメラ2,585,,1215,,https://min-repo.com/3355543/?kishu=all
2026-09-16,パチンコタイガー松森店,パチスロ ガメラ2,568,,923,,https://min-repo.com/3355543/?kishu=all
2026-09-16,パチンコタイガー松森店,バーサスリヴァイズ,575,,1374,,https://min-repo.com/3355543/?kishu=all
2026-09-16,パチンコタイガー松森店,バーサスリヴァイズ,571,626,3430,106.1,https://min-repo.com/3355543/?kishu=all
2026-09-16,パチンコタイガー松森店,ハナハナホウオウ～天翔～,505,,119,,https://min-repo.com/3355543/?kishu=all
2026-09-16,パチンコタイガー松森店,ハナハナホウオウ～天翔～,504,,96,,https://min-repo.com/3355543/?kishu=all
2026-09-16,パチンコタイガー松森店,ハッピージャグラーＶＩＩＩ,526,291,2986,103.2,https://min-repo.com/3355543/?kishu=all
2026-09-16,パチンコタイガー松森店,ハッピージャグラーＶＩＩＩ,525,2178,3691,119.7,https://min-repo.com/3355543/?kishu=all
2026-09-16,パチンコタイガー松森店,ハッピージャグラーＶＩＩＩ,524,,354,,https://min-repo.com/3355543/?kishu=all
2026-09-16,パチンコタイガー松森店,ハッピージャグラーＶＩＩＩ,523,,557,,https://min-repo.com/3355543/?kishu=all
2026-09-16,パチンコタイガー松森店,ハッピージャグラーＶＩＩＩ,522,,1866,,https://min-repo.com/3355543/?kishu=all
2026-09-16,パチンコタイガー松森店,ハッピージャグラーＶＩＩＩ,521,29,834,101.2,https://min-repo.com/3355543/?kishu=all
2026-09-16,パチンコタイガー松森店,ハッピージャグラーＶＩＩＩ,520,,382,,https://min-repo.com/3355543/?kishu=all
2026-09-16,パチンコタイガー松森店,ネオアイムジャグラーEX,547,290,2463,103.9,https://min-repo.com/3355543/?kishu=all
2026-09-16,パチンコタイガー松森店,ネオアイムジャグラーEX,546,,797,,https://min-repo.com/3355543/?kishu=all
2026-09-16,パチンコタイガー松森店,ネオアイムジャグラーEX,545,,1943,,https://min-repo.com/3355543/?kishu=all
2026-09-16,パチンコタイガー松森店,ネオアイムジャグラーEX,544,13,4092,100.1,https://min-repo.com/3355543/?kishu=all
2026-09-16,パチンコタイガー松森店,ネオアイムジャグラーEX,543,35,889,101.3,https://min-repo.com/3355543/?kishu=all
2026-09-16,パチンコタイガー松森店,ネオアイムジャグラーEX,542,,342,,https://min-repo.com/3355543/?kishu=all
2026-09-16,パチンコタイガー松森店,ネオアイムジャグラーEX,541,,415,,https://min-repo.com/3355543/?kishu=all
2026-09-16,パチンコタイガー松森店,ネオアイムジャグラーEX,540,1596,5694,109.3,https://min-repo.com/3355543/?kishu=all
2026-09-16,パチンコタイガー松森店,ネオアイムジャグラーEX,539,,389,,https://min-repo.com/3355543/?kishu=all
2026-09-16,パチンコタイガー松森店,ネオアイムジャグラーEX,538,1241,7470,105.5,https://min-repo.com/3355543/?kishu=all
2026-09-16,パチンコタイガー松森店,ネオアイムジャグラーEX,537,,1094,,https://min-repo.com/3355543/?kishu=all
2026-09-16,パチンコタイガー松森店,ネオアイムジャグラーEX,536,178,657,109.0,https://min-repo.com/3355543/?kishu=all
2026-09-16,パチンコタイガー松森店,ネオアイムジャグラーEX,535,,1453,,https://min-repo.com/3355543/?kishu=all
2026-09-16,パチンコタイガー松森店,ネオアイムジャグラーEX,534,,649,,https://min-repo.com/3355543/?kishu=all
2026-09-16,パチンコタイガー松森店,ネオアイムジャグラーEX,533,,195,,https://min-repo.com/3355543/?kishu=all
2026-09-16,パチンコタイガー松森店,ネオアイムジャグラーEX,532,208,3794,101.8,https://min-repo.com/3355543/?kishu=all
2026-09-16,パチンコタイガー松森店,ネオアイムジャグラーEX,531,,1821,,https://min-repo.com/3355543/?kishu=all
2026-09-16,パチンコタイガー松森店,ネオアイムジャグラーEX,530,,275,,https://min-repo.com/3355543/?kishu=all
2026-09-16,パチンコタイガー松森店,ネオアイムジャグラーEX,529,1933,5185,112.4,https://min-repo.com/3355543/?kishu=all
2026-09-16,パチンコタイガー松森店,ネオアイムジャグラーEX,528,625,995,120.9,https://min-repo.com/3355543/?kishu=all
2026-09-16,パチンコタイガー松森店,ネオアイムジャグラーEX,527,,2708,,https://min-repo.com/3355543/?kishu=all
2026-09-16,パチンコタイガー松森店,ニューパルサーSP4 with 太鼓の達人,577,8,621,100.4,https://min-repo.com/3355543/?kishu=all
2026-09-16,パチンコタイガー松森店,ニューパルサーSP4 with 太鼓の達人,576,888,1200,124.7,https://min-repo.com/3355543/?kishu=all
2026-09-16,パチンコタイガー松森店,ニューゲッターマウス,569,,651,,https://min-repo.com/3355543/?kishu=all
2026-09-16,パチンコタイガー松森店,ニューゲッターマウス,567,,2013,,https://min-repo.com/3355543/?kishu=all
2026-09-16,パチンコタイガー松森店,ドンちゃん２,573,,232,,https://min-repo.com/3355543/?kishu=all
2026-09-16,パチンコタイガー松森店,ドンちゃん２,572,,268,,https://min-repo.com/3355543/?kishu=all
2026-09-16,パチンコタイガー松森店,スーパーハナハナ２-30,478,,413,,https://min-repo.com/3355543/?kishu=all
2026-09-16,パチンコタイガー松森店,スロット ワールドダイスター,664,,973,,https://min-repo.com/3355543/?kishu=all
2026-09-16,パチンコタイガー松森店,スロット ワールドダイスター,663,424,652,121.7,https://min-repo.com/3355543/?kishu=all
2026-09-16,パチンコタイガー松森店,スロット ワールドダイスター,662,,954,,https://min-repo.com/3355543/?kishu=all
2026-09-16,パチンコタイガー松森店,スロット ワールドダイスター,661,,178,,https://min-repo.com/3355543/?kishu=all
2026-09-16,パチンコタイガー松森店,スロット ソードアート・オンラインⅡ,673,4378,6535,122.3,https://min-repo.com/3355543/?kishu=all
2026-09-16,パチンコタイガー松森店,スロット ソードアート・オンラインⅡ,672,,3225,,https://min-repo.com/3355543/?kishu=all
2026-09-16,パチンコタイガー松森店,スマスロ鉄拳6,683,0,0,,https://min-repo.com/3355543/?kishu=all
2026-09-16,パチンコタイガー松森店,スマスロ鉄拳6,682,0,0,,https://min-repo.com/3355543/?kishu=all
2026-09-16,パチンコタイガー松森店,スマスロ鉄拳6,681,0,1,,https://min-repo.com/3355543/?kishu=all
2026-09-16,パチンコタイガー松森店,スマスロ秘宝伝,666,0,0,,https://min-repo.com/3355543/?kishu=all
2026-09-16,パチンコタイガー松森店,スマスロ秘宝伝,665,,526,,https://min-repo.com/3355543/?kishu=all
2026-09-16,パチンコタイガー松森店,スマスロ痛いのは嫌なので防御力に極振りしたいと思います。,725,0,0,,https://min-repo.com/3355543/?kishu=all
2026-09-16,パチンコタイガー松森店,スマスロ痛いのは嫌なので防御力に極振りしたいと思います。,722,0,0,,https://min-repo.com/3355543/?kishu=all
2026-09-16,パチンコタイガー松森店,スマスロ新鬼武者3,629,0,0,,https://min-repo.com/3355543/?kishu=all
2026-09-16,パチンコタイガー松森店,スマスロ新鬼武者3,628,0,0,,https://min-repo.com/3355543/?kishu=all
2026-09-16,パチンコタイガー松森店,スマスロ北斗の拳 転生の章2,653,,2527,,https://min-repo.com/3355543/?kishu=all
2026-09-16,パチンコタイガー松森店,スマスロ北斗の拳 転生の章2,652,,1015,,https://min-repo.com/3355543/?kishu=all
2026-09-16,パチンコタイガー松森店,スマスロ北斗の拳 転生の章2,651,549,387,147.3,https://min-repo.com/3355543/?kishu=all
2026-09-16,パチンコタイガー松森店,スマスロ北斗の拳 転生の章2,650,,624,,https://min-repo.com/3355543/?kishu=all
2026-09-16,パチンコタイガー松森店,スマスロ北斗の拳 転生の章2,649,884,648,145.5,https://min-repo.com/3355543/?kishu=all
2026-09-16,パチンコタイガー松森店,スマスロ北斗の拳 転生の章2,648,,43,,https://min-repo.com/3355543/?kishu=all
2026-09-16,パチンコタイガー松森店,スマスロ化物語,620,0,0,,https://min-repo.com/3355543/?kishu=all
2026-09-16,パチンコタイガー松森店,スマスロ化物語,619,0,0,,https://min-repo.com/3355543/?kishu=all
2026-09-16,パチンコタイガー松森店,スマスロ化物語,618,4790,3355,147.6,https://min-repo.com/3355543/?kishu=all
2026-09-16,パチンコタイガー松森店,スマスロモンキーターンV,697,398,1405,109.4,https://min-repo.com/3355543/?kishu=all
2026-09-16,パチンコタイガー松森店,スマスロモンキーターンV,696,,812,,https://min-repo.com/3355543/?kishu=all
2026-09-16,パチンコタイガー松森店,スマスロモンキーターンV,695,,673,,https://min-repo.com/3355543/?kishu=all
2026-09-16,パチンコタイガー松森店,スマスロモンキーターンV,694,,2357,,https://min-repo.com/3355543/?kishu=all
2026-09-16,パチンコタイガー松森店,スマスロモンキーターンV,693,,757,,https://min-repo.com/3355543/?kishu=all
2026-09-16,パチンコタイガー松森店,スマスロモンキーターンV,692,,689,,https://min-repo.com/3355543/?kishu=all
2026-09-16,パチンコタイガー松森店,スマスロモンキーターンV,691,81,610,104.4,https://min-repo.com/3355543/?kishu=all
2026-09-16,パチンコタイガー松森店,スマスロモンキーターンV,690,361,1769,106.8,https://min-repo.com/3355543/?kishu=all
2026-09-16,パチンコタイガー松森店,スマスロバジリスク～甲賀忍法帖～絆2 天膳 BLACK EDITION,634,,1644,,https://min-repo.com/3355543/?kishu=all
2026-09-16,パチンコタイガー松森店,スマスロバジリスク～甲賀忍法帖～絆2 天膳 BLACK EDITION,633,0,0,,https://min-repo.com/3355543/?kishu=all
2026-09-16,パチンコタイガー松森店,スマスロバジリスク～甲賀忍法帖～絆2 天膳 BLACK EDITION,632,0,0,,https://min-repo.com/3355543/?kishu=all
2026-09-16,パチンコタイガー松森店,スマスロケロット5BT,737,,1328,,https://min-repo.com/3355543/?kishu=all
2026-09-16,パチンコタイガー松森店,スマスロケロット5BT,736,,271,,https://min-repo.com/3355543/?kishu=all
2026-09-16,パチンコタイガー松森店,スマスロ 甲鉄城のカバネリ 海門決戦,467,0,0,,https://min-repo.com/3355543/?kishu=all
2026-09-16,パチンコタイガー松森店,スマスロ 甲鉄城のカバネリ 海門決戦,466,699,468,149.8,https://min-repo.com/3355543/?kishu=all
2026-09-16,パチンコタイガー松森店,スマスロ 甲鉄城のカバネリ 海門決戦,465,,1121,,https://min-repo.com/3355543/?kishu=all
2026-09-16,パチンコタイガー松森店,スマスロ 甲鉄城のカバネリ 海門決戦,464,,845,,https://min-repo.com/3355543/?kishu=all
2026-09-16,パチンコタイガー松森店,スマスロ 甲鉄城のカバネリ 海門決戦,463,,1928,,https://min-repo.com/3355543/?kishu=all
2026-09-16,パチンコタイガー松森店,スマスロ 甲鉄城のカバネリ 海門決戦,462,,629,,https://min-repo.com/3355543/?kishu=all
2026-09-16,パチンコタイガー松森店,スマスロ 甲鉄城のカバネリ 海門決戦,461,,798,,https://min-repo.com/3355543/?kishu=all
2026-09-16,パチンコタイガー松森店,スマスロ 甲鉄城のカバネリ 海門決戦,460,,792,,https://min-repo.com/3355543/?kishu=all
2026-09-16,パチンコタイガー松森店,スマスロ 甲鉄城のカバネリ 海門決戦,459,,470,,https://min-repo.com/3355543/?kishu=all
2026-09-16,パチンコタイガー松森店,スマスロ 東京リベンジャーズ,657,3698,2411,151.1,https://min-repo.com/3355543/?kishu=all
2026-09-16,パチンコタイガー松森店,スマスロ 東京リベンジャーズ,656,0,0,,https://min-repo.com/3355543/?kishu=all
2026-09-16,パチンコタイガー松森店,スマスロ 攻殻機動隊,724,,832,,https://min-repo.com/3355543/?kishu=all
2026-09-16,パチンコタイガー松森店,スマスロ リコリス・リコイル,439,,2930,,https://min-repo.com/3355543/?kishu=all
2026-09-16,パチンコタイガー松森店,スマスロ リコリス・リコイル,438,87,764,103.8,https://min-repo.com/3355543/?kishu=all
2026-09-16,パチンコタイガー松森店,スマスロ リコリス・リコイル,437,,1336,,https://min-repo.com/3355543/?kishu=all
2026-09-16,パチンコタイガー松森店,スマスロ リコリス・リコイル,436,,1505,,https://min-repo.com/3355543/?kishu=all
2026-09-16,パチンコタイガー松森店,スマスロ リコリス・リコイル,435,5294,9531,118.5,https://min-repo.com/3355543/?kishu=all
2026-09-16,パチンコタイガー松森店,スマスロ リコリス・リコイル,434,938,5799,105.4,https://min-repo.com/3355543/?kishu=all
2026-09-16,パチンコタイガー松森店,スマスロ リコリス・リコイル,433,4742,6090,126.0,https://min-repo.com/3355543/?kishu=all
2026-09-16,パチンコタイガー松森店,スマスロ リコリス・リコイル,432,,266,,https://min-repo.com/3355543/?kishu=all
2026-09-16,パチンコタイガー松森店,スマスロ リコリス・リコイル,431,2338,6273,112.4,https://min-repo.com/3355543/?kishu=all
2026-09-16,パチンコタイガー松森店,スマスロ リコリス・リコイル,430,123,1452,102.8,https://min-repo.com/3355543/?kishu=all
2026-09-16,パチンコタイガー松森店,スマスロ リコリス・リコイル,429,,2154,,https://min-repo.com/3355543/?kishu=all
2026-09-16,パチンコタイガー松森店,スマスロ リコリス・リコイル,428,195,1582,104.1,https://min-repo.com/3355543/?kishu=all
2026-09-16,パチンコタイガー松森店,スマスロ リコリス・リコイル,427,504,3593,104.7,https://min-repo.com/3355543/?kishu=all
2026-09-16,パチンコタイガー松森店,スマスロ リコリス・リコイル,426,217,2099,103.4,https://min-repo.com/3355543/?kishu=all
2026-09-16,パチンコタイガー松森店,スマスロ リコリス・リコイル,425,,634,,https://min-repo.com/3355543/?kishu=all
2026-09-16,パチンコタイガー松森店,スマスロ リコリス・リコイル,424,122,540,107.5,https://min-repo.com/3355543/?kishu=all
2026-09-16,パチンコタイガー松森店,スマスロ リコリス・リコイル,423,143,7988,100.6,https://min-repo.com/3355543/?kishu=all
2026-09-16,パチンコタイガー松森店,スマスロ リコリス・リコイル,422,,1262,,https://min-repo.com/3355543/?kishu=all
2026-09-16,パチンコタイガー松森店,スマスロ リコリス・リコイル,421,3513,3299,135.5,https://min-repo.com/3355543/?kishu=all
2026-09-16,パチンコタイガー松森店,スマスロ モンスターハンターライズ,627,,426,,https://min-repo.com/3355543/?kishu=all
2026-09-16,パチンコタイガー松森店,スマスロ モンスターハンターライズ,626,69,626,103.7,https://min-repo.com/3355543/?kishu=all
2026-09-16,パチンコタイガー松森店,スマスロ ミリオンゴッド-神々の軌跡-,449,,553,,https://min-repo.com/3355543/?kishu=all
2026-09-16,パチンコタイガー松森店,スマスロ ミリオンゴッド-神々の軌跡-,448,,1377,,https://min-repo.com/3355543/?kishu=all
2026-09-16,パチンコタイガー松森店,スマスロ ミリオンゴッド-神々の軌跡-,447,74,1018,102.4,https://min-repo.com/3355543/?kishu=all
2026-09-16,パチンコタイガー松森店,スマスロ ミリオンゴッド-神々の軌跡-,446,,1104,,https://min-repo.com/3355543/?kishu=all
2026-09-16,パチンコタイガー松森店,スマスロ ミリオンゴッド-神々の軌跡-,445,,1690,,https://min-repo.com/3355543/?kishu=all
2026-09-16,パチンコタイガー松森店,スマスロ ミリオンゴッド-神々の軌跡-,444,,1204,,https://min-repo.com/3355543/?kishu=all
2026-09-16,パチンコタイガー松森店,スマスロ ミリオンゴッド-神々の軌跡-,443,628,1059,119.8,https://min-repo.com/3355543/?kishu=all
2026-09-16,パチンコタイガー松森店,スマスロ ミリオンゴッド-神々の軌跡-,442,,1699,,https://min-repo.com/3355543/?kishu=all
2026-09-16,パチンコタイガー松森店,スマスロ ミリオンゴッド-神々の軌跡-,441,1584,2279,123.2,https://min-repo.com/3355543/?kishu=all
2026-09-16,パチンコタイガー松森店,スマスロ ミリオンゴッド-神々の軌跡-,440,,826,,https://min-repo.com/3355543/?kishu=all
2026-09-16,パチンコタイガー松森店,スマスロ マギアレコード 魔法少女まどか☆マギカ外伝,623,0,0,,https://min-repo.com/3355543/?kishu=all
2026-09-16,パチンコタイガー松森店,スマスロ マギアレコード 魔法少女まどか☆マギカ外伝,622,,326,,https://min-repo.com/3355543/?kishu=all
2026-09-16,パチンコタイガー松森店,スマスロ マギアレコード 魔法少女まどか☆マギカ外伝,621,0,0,,https://min-repo.com/3355543/?kishu=all
2026-09-16,パチンコタイガー松森店,スマスロ ビッグドリーム THE GOLDEN PUSHER,655,0,0,,https://min-repo.com/3355543/?kishu=all
2026-09-16,パチンコタイガー松森店,スマスロ ビッグドリーム THE GOLDEN PUSHER,654,0,0,,https://min-repo.com/3355543/?kishu=all
2026-09-16,パチンコタイガー松森店,スマスロ バイオハザードRE:3,727,0,0,,https://min-repo.com/3355543/?kishu=all
2026-09-16,パチンコタイガー松森店,スマスロ バイオハザード5,631,0,0,,https://min-repo.com/3355543/?kishu=all
2026-09-16,パチンコタイガー松森店,スマスロ バイオハザード5,630,0,0,,https://min-repo.com/3355543/?kishu=all
2026-09-16,パチンコタイガー松森店,スマスロ スーパーリオエース2,689,,2595,,https://min-repo.com/3355543/?kishu=all
2026-09-16,パチンコタイガー松森店,スマスロ スーパーリオエース2,688,0,0,,https://min-repo.com/3355543/?kishu=all
2026-09-16,パチンコタイガー松森店,スマスロ スーパーリオエース2,687,0,0,,https://min-repo.com/3355543/?kishu=all
2026-09-16,パチンコタイガー松森店,スマスロ スーパーブラックジャック,680,,14,,https://min-repo.com/3355543/?kishu=all
2026-09-16,パチンコタイガー松森店,スマスロ スーパーブラックジャック,679,6683,4379,150.9,https://min-repo.com/3355543/?kishu=all
2026-09-16,パチンコタイガー松森店,スマスロ スーパーブラックジャック,678,,129,,https://min-repo.com/3355543/?kishu=all
2026-09-16,パチンコタイガー松森店,スマスロ ストリートファイター6,625,0,0,,https://min-repo.com/3355543/?kishu=all
2026-09-16,パチンコタイガー松森店,スマスロ ストリートファイター6,624,,212,,https://min-repo.com/3355543/?kishu=all
2026-09-16,パチンコタイガー松森店,スマスロ サンダーV,730,85,2783,101.0,https://min-repo.com/3355543/?kishu=all
2026-09-16,パチンコタイガー松森店,スマスロ ゴッドイーター リザレクション,686,,864,,https://min-repo.com/3355543/?kishu=all
2026-09-16,パチンコタイガー松森店,スマスロ ゴッドイーター リザレクション,685,,1818,,https://min-repo.com/3355543/?kishu=all
2026-09-16,パチンコタイガー松森店,スマスロ ゴッドイーター リザレクション,684,,390,,https://min-repo.com/3355543/?kishu=all
2026-09-16,パチンコタイガー松森店,スマスロ やじきた道中記参る！,612,,719,,https://min-repo.com/3355543/?kishu=all
2026-09-16,パチンコタイガー松森店,スマスロ やじきた道中記参る！,611,,916,,https://min-repo.com/3355543/?kishu=all
2026-09-16,パチンコタイガー松森店,スマスロ とある魔術の禁書目録2,617,,2237,,https://min-repo.com/3355543/?kishu=all
2026-09-16,パチンコタイガー松森店,スマスロ とある魔術の禁書目録2,616,269,3602,102.5,https://min-repo.com/3355543/?kishu=all
2026-09-16,パチンコタイガー松森店,スマスロ とある魔術の禁書目録2,615,,950,,https://min-repo.com/3355543/?kishu=all
2026-09-16,パチンコタイガー松森店,スマスロ とある魔術の禁書目録2,614,,179,,https://min-repo.com/3355543/?kishu=all
2026-09-16,パチンコタイガー松森店,スマスロ とある魔術の禁書目録2,613,,826,,https://min-repo.com/3355543/?kishu=all
2026-09-16,パチンコタイガー松森店,ジャグラーガールズSS,557,1244,10737,103.9,https://min-repo.com/3355543/?kishu=all
2026-09-16,パチンコタイガー松森店,ジャグラーガールズSS,556,706,1159,120.3,https://min-repo.com/3355543/?kishu=all
2026-09-16,パチンコタイガー松森店,ジャグラーガールズSS,519,,2473,,https://min-repo.com/3355543/?kishu=all
2026-09-16,パチンコタイガー松森店,ジャグラーガールズSS,518,,1241,,https://min-repo.com/3355543/?kishu=all
2026-09-16,パチンコタイガー松森店,サンダーＶライトニング,566,,753,,https://min-repo.com/3355543/?kishu=all
2026-09-16,パチンコタイガー松森店,ゴーゴージャグラー３,555,729,2068,111.8,https://min-repo.com/3355543/?kishu=all
2026-09-16,パチンコタイガー松森店,ゴーゴージャグラー３,554,,718,,https://min-repo.com/3355543/?kishu=all
2026-09-16,パチンコタイガー松森店,ゴーゴージャグラー３,553,138,3860,101.2,https://min-repo.com/3355543/?kishu=all
2026-09-16,パチンコタイガー松森店,ゴーゴージャグラー３,552,1457,3793,112.8,https://min-repo.com/3355543/?kishu=all
2026-09-16,パチンコタイガー松森店,ゴーゴージャグラー３,551,,4543,,https://min-repo.com/3355543/?kishu=all
2026-09-16,パチンコタイガー松森店,ゴーゴージャグラー３,550,,737,,https://min-repo.com/3355543/?kishu=all
2026-09-16,パチンコタイガー松森店,ゴーゴージャグラー３,549,115,3186,101.2,https://min-repo.com/3355543/?kishu=all
2026-09-16,パチンコタイガー松森店,ゴーゴージャグラー３,548,207,1507,104.6,https://min-repo.com/3355543/?kishu=all
2026-09-16,パチンコタイガー松森店,クレアの秘宝伝～はじまりの扉と太陽の石～ボーナストリガーver.,732,,203,,https://min-repo.com/3355543/?kishu=all
2026-09-16,パチンコタイガー松森店,ウルトラミラクルジャグラー,517,,2601,,https://min-repo.com/3355543/?kishu=all
2026-09-16,パチンコタイガー松森店,ウルトラミラクルジャグラー,516,,616,,https://min-repo.com/3355543/?kishu=all
2026-09-16,パチンコタイガー松森店,ウルトラミラクルジャグラー,515,,2391,,https://min-repo.com/3355543/?kishu=all
2026-09-16,パチンコタイガー松森店,アレックス ブライト,735,1506,2928,117.1,https://min-repo.com/3355543/?kishu=all
2026-09-16,パチンコタイガー松森店,いざ！番長,668,,4178,,https://min-repo.com/3355543/?kishu=all
2026-09-16,パチンコタイガー松森店,いざ！番長,667,4,2029,100.1,https://min-repo.com/3355543/?kishu=all
2026-09-16,パチンコタイガー松森店,SLOT忍者じゃじゃ丸くん,586,0,0,,https://min-repo.com/3355543/?kishu=all
2026-09-16,パチンコタイガー松森店,SLOTドルアーガの塔,562,254,1199,107.1,https://min-repo.com/3355543/?kishu=all
2026-09-16,パチンコタイガー松森店,SHAKE BONUS TRIGGER,731,1114,2103,117.7,https://min-repo.com/3355543/?kishu=all
2026-09-16,パチンコタイガー松森店,L邪神ちゃんドロップキック,726,,2588,,https://min-repo.com/3355543/?kishu=all
2026-09-16,パチンコタイガー松森店,L無職転生～異世界行ったら本気だす～,723,2539,3037,127.9,https://min-repo.com/3355543/?kishu=all
2026-09-16,パチンコタイガー松森店,L東京喰種,477,,1653,,https://min-repo.com/3355543/?kishu=all
2026-09-16,パチンコタイガー松森店,L東京喰種,476,,560,,https://min-repo.com/3355543/?kishu=all
2026-09-16,パチンコタイガー松森店,L東京喰種,475,,1300,,https://min-repo.com/3355543/?kishu=all
2026-09-16,パチンコタイガー松森店,L東京喰種,474,2000,3196,120.9,https://min-repo.com/3355543/?kishu=all
2026-09-16,パチンコタイガー松森店,L東京喰種,473,,658,,https://min-repo.com/3355543/?kishu=all
2026-09-16,パチンコタイガー松森店,L東京喰種,472,,303,,https://min-repo.com/3355543/?kishu=all
2026-09-16,パチンコタイガー松森店,L東京喰種,471,,333,,https://min-repo.com/3355543/?kishu=all
2026-09-16,パチンコタイガー松森店,L東京喰種,470,507,357,147.3,https://min-repo.com/3355543/?kishu=all
2026-09-16,パチンコタイガー松森店,L東京喰種,469,,281,,https://min-repo.com/3355543/?kishu=all
2026-09-16,パチンコタイガー松森店,L東京喰種,468,,430,,https://min-repo.com/3355543/?kishu=all
2026-09-16,パチンコタイガー松森店,L戦国乙女４　戦乱に閃く炯眼の軍師,677,0,0,,https://min-repo.com/3355543/?kishu=all
2026-09-16,パチンコタイガー松森店,L戦国乙女４　戦乱に閃く炯眼の軍師,676,463,440,135.1,https://min-repo.com/3355543/?kishu=all
2026-09-16,パチンコタイガー松森店,L戦国乙女5 業火を穿つ宿焔の双刃,728,1073,4134,108.7,https://min-repo.com/3355543/?kishu=all
2026-09-16,パチンコタイガー松森店,L咲-Saki-頂上決戦,718,0,0,,https://min-repo.com/3355543/?kishu=all
2026-09-16,パチンコタイガー松森店,Lラブ嬢3～Wご指名はいかがですか?～,675,,141,,https://min-repo.com/3355543/?kishu=all
2026-09-16,パチンコタイガー松森店,Lラブ嬢3～Wご指名はいかがですか?～,674,0,0,,https://min-repo.com/3355543/?kishu=all
2026-09-16,パチンコタイガー松森店,Lパチスロ革命機ヴァルヴレイヴ2,703,0,0,,https://min-repo.com/3355543/?kishu=all
2026-09-16,パチンコタイガー松森店,Lパチスロ革命機ヴァルヴレイヴ2,702,0,0,,https://min-repo.com/3355543/?kishu=all
2026-09-16,パチンコタイガー松森店,Lパチスロ革命機ヴァルヴレイヴ2,701,0,0,,https://min-repo.com/3355543/?kishu=all
2026-09-16,パチンコタイガー松森店,Lパチスロ革命機ヴァルヴレイヴ2,700,0,0,,https://min-repo.com/3355543/?kishu=all
2026-09-16,パチンコタイガー松森店,Lパチスロ革命機ヴァルヴレイヴ2,699,0,0,,https://min-repo.com/3355543/?kishu=all
2026-09-16,パチンコタイガー松森店,Lパチスロ革命機ヴァルヴレイヴ2,698,2723,1969,146.1,https://min-repo.com/3355543/?kishu=all
2026-09-16,パチンコタイガー松森店,Lパチスロ炎炎ノ消防隊2,610,,381,,https://min-repo.com/3355543/?kishu=all
2026-09-16,パチンコタイガー松森店,Lパチスロ炎炎ノ消防隊2,609,1084,1299,127.8,https://min-repo.com/3355543/?kishu=all
2026-09-16,パチンコタイガー松森店,Lパチスロ炎炎ノ消防隊2,608,,1537,,https://min-repo.com/3355543/?kishu=all
2026-09-16,パチンコタイガー松森店,Lパチスロ炎炎ノ消防隊,637,0,0,,https://min-repo.com/3355543/?kishu=all
2026-09-16,パチンコタイガー松森店,Lパチスロ炎炎ノ消防隊,636,0,0,,https://min-repo.com/3355543/?kishu=all
2026-09-16,パチンコタイガー松森店,Lパチスロ炎炎ノ消防隊,635,0,0,,https://min-repo.com/3355543/?kishu=all
2026-09-16,パチンコタイガー松森店,Lパチスロ彼女、お借りします,458,,2059,,https://min-repo.com/3355543/?kishu=all
2026-09-16,パチンコタイガー松森店,Lパチスロ彼女、お借りします,457,735,466,152.6,https://min-repo.com/3355543/?kishu=all
2026-09-16,パチンコタイガー松森店,Lパチスロ彼女、お借りします,456,,2343,,https://min-repo.com/3355543/?kishu=all
2026-09-16,パチンコタイガー松森店,Lパチスロ彼女、お借りします,455,276,1705,105.4,https://min-repo.com/3355543/?kishu=all
2026-09-16,パチンコタイガー松森店,Lパチスロ彼女、お借りします,454,,553,,https://min-repo.com/3355543/?kishu=all
2026-09-16,パチンコタイガー松森店,Lパチスロ彼女、お借りします,453,,689,,https://min-repo.com/3355543/?kishu=all
2026-09-16,パチンコタイガー松森店,Lパチスロ彼女、お借りします,452,,388,,https://min-repo.com/3355543/?kishu=all
2026-09-16,パチンコタイガー松森店,Lパチスロ彼女、お借りします,451,,579,,https://min-repo.com/3355543/?kishu=all
2026-09-16,パチンコタイガー松森店,Lパチスロ彼女、お借りします,450,,705,,https://min-repo.com/3355543/?kishu=all
2026-09-16,パチンコタイガー松森店,Lパチスロからくりサーカス2,711,644,1007,121.3,https://min-repo.com/3355543/?kishu=all
2026-09-16,パチンコタイガー松森店,Lパチスロからくりサーカス2,710,0,0,,https://min-repo.com/3355543/?kishu=all
2026-09-16,パチンコタイガー松森店,Lパチスロからくりサーカス2,709,0,0,,https://min-repo.com/3355543/?kishu=all
2026-09-16,パチンコタイガー松森店,Lパチスロからくりサーカス2,708,,62,,https://min-repo.com/3355543/?kishu=all
2026-09-16,パチンコタイガー松森店,Lパチスロからくりサーカス,713,,4,,https://min-repo.com/3355543/?kishu=all
2026-09-16,パチンコタイガー松森店,Lパチスロからくりサーカス,712,,69,,https://min-repo.com/3355543/?kishu=all
2026-09-16,パチンコタイガー松森店,Lパチスロ 機動戦士ガンダムユニコーン 覚醒DRIVE,707,0,0,,https://min-repo.com/3355543/?kishu=all
2026-09-16,パチンコタイガー松森店,Lパチスロ 機動戦士ガンダムユニコーン 覚醒DRIVE,706,,79,,https://min-repo.com/3355543/?kishu=all
2026-09-16,パチンコタイガー松森店,Lパチスロ かぐや様は告らせたい,717,0,0,,https://min-repo.com/3355543/?kishu=all
2026-09-16,パチンコタイガー松森店,Lパチスロ かぐや様は告らせたい,716,0,0,,https://min-repo.com/3355543/?kishu=all
2026-09-16,パチンコタイガー松森店,Lパチスロ かぐや様は告らせたい,715,0,0,,https://min-repo.com/3355543/?kishu=all
2026-09-16,パチンコタイガー松森店,Lパチスロ かぐや様は告らせたい,714,0,0,,https://min-repo.com/3355543/?kishu=all
2026-09-16,パチンコタイガー松森店,Lスマスロ北斗の拳,647,5677,7650,124.7,https://min-repo.com/3355543/?kishu=all
2026-09-16,パチンコタイガー松森店,Lスマスロ北斗の拳,646,,152,,https://min-repo.com/3355543/?kishu=all
2026-09-16,パチンコタイガー松森店,Lスマスロ北斗の拳,645,,249,,https://min-repo.com/3355543/?kishu=all
2026-09-16,パチンコタイガー松森店,Lスマスロ北斗の拳,644,956,6080,105.2,https://min-repo.com/3355543/?kishu=all
2026-09-16,パチンコタイガー松森店,Lスマスロ北斗の拳,643,,235,,https://min-repo.com/3355543/?kishu=all
2026-09-16,パチンコタイガー松森店,Lスマスロ北斗の拳,642,,452,,https://min-repo.com/3355543/?kishu=all
2026-09-16,パチンコタイガー松森店,Lスマスロ北斗の拳,641,,3403,,https://min-repo.com/3355543/?kishu=all
2026-09-16,パチンコタイガー松森店,Lスマスロ北斗の拳,640,573,609,131.4,https://min-repo.com/3355543/?kishu=all
2026-09-16,パチンコタイガー松森店,Lスマスロ北斗の拳,639,,846,,https://min-repo.com/3355543/?kishu=all
2026-09-16,パチンコタイガー松森店,Lスマスロ北斗の拳,638,446,835,117.8,https://min-repo.com/3355543/?kishu=all
2026-09-16,パチンコタイガー松森店,Lゴジラ対エヴァンゲリオン,705,141,526,108.9,https://min-repo.com/3355543/?kishu=all
2026-09-16,パチンコタイガー松森店,Lゴジラ対エヴァンゲリオン,704,0,0,,https://min-repo.com/3355543/?kishu=all
2026-09-16,パチンコタイガー松森店,Lアクダマドライブ,719,0,0,,https://min-repo.com/3355543/?kishu=all
2026-09-16,パチンコタイガー松森店,LBパチスロ ヱヴァンゲリヲン～約束の扉～,734,0,0,,https://min-repo.com/3355543/?kishu=all
2026-09-16,パチンコタイガー松森店,LBパチスロ ヱヴァンゲリヲン～約束の扉～,733,,542,,https://min-repo.com/3355543/?kishu=all
2026-09-16,パチンコタイガー松森店,L ULTRAMAN 最終決戦,721,,349,,https://min-repo.com/3355543/?kishu=all
2026-09-16,パチンコタイガー松森店,A-SLOT+異世界かるてっとBT,729,0,0,,https://min-repo.com/3355543/?kishu=all
2026-09-16,パチンコ22大和店,Ｒｅ：ゼロから始める異世界生活,1052,0,0,,https://min-repo.com/3355359/?kishu=all
2026-09-16,パチンコ22大和店,沖ドキ！DUO,1062,,1200,,https://min-repo.com/3355359/?kishu=all
2026-09-16,パチンコ22大和店,新ハナビ,1028,,540,,https://min-repo.com/3355359/?kishu=all
2026-09-16,パチンコ22大和店,押忍！番長ＺＥＲＯ,1037,0,0,,https://min-repo.com/3355359/?kishu=all
2026-09-16,パチンコ22大和店,押忍！番長ＺＥＲＯ,1036,,109,,https://min-repo.com/3355359/?kishu=all
2026-09-16,パチンコ22大和店,回胴式遊技機グランベルム,1031,0,0,,https://min-repo.com/3355359/?kishu=all
2026-09-16,パチンコ22大和店,交響詩篇エウレカセブン HI-EVOLUTION ZERO TYPE-ART,1058,,1126,,https://min-repo.com/3355359/?kishu=all
2026-09-16,パチンコ22大和店,交響詩篇エウレカセブン HI-EVOLUTION ZERO TYPE-ART,1057,,88,,https://min-repo.com/3355359/?kishu=all
2026-09-16,パチンコ22大和店,マイジャグラーV,870,436,2708,105.4,https://min-repo.com/3355359/?kishu=all
2026-09-16,パチンコ22大和店,マイジャグラーV,868,,2535,,https://min-repo.com/3355359/?kishu=all
2026-09-16,パチンコ22大和店,マイジャグラーV,867,193,1564,104.1,https://min-repo.com/3355359/?kishu=all
2026-09-16,パチンコ22大和店,マイジャグラーV,866,1338,2712,116.4,https://min-repo.com/3355359/?kishu=all
2026-09-16,パチンコ22大和店,マイジャグラーV,865,,1518,,https://min-repo.com/3355359/?kishu=all
2026-09-16,パチンコ22大和店,マイジャグラーV,863,,241,,https://min-repo.com/3355359/?kishu=all
2026-09-16,パチンコ22大和店,マイジャグラーV,862,2099,7116,109.8,https://min-repo.com/3355359/?kishu=all
2026-09-16,パチンコ22大和店,マイジャグラーV,828,,560,,https://min-repo.com/3355359/?kishu=all
2026-09-16,パチンコ22大和店,マイジャグラーV,827,232,2918,102.7,https://min-repo.com/3355359/?kishu=all
2026-09-16,パチンコ22大和店,マイジャグラーV,826,,2001,,https://min-repo.com/3355359/?kishu=all
2026-09-16,パチンコ22大和店,マイジャグラーV,825,805,1501,117.9,https://min-repo.com/3355359/?kishu=all
2026-09-16,パチンコ22大和店,マイジャグラーV,823,535,1921,109.3,https://min-repo.com/3355359/?kishu=all
2026-09-16,パチンコ22大和店,マイジャグラーV,822,,595,,https://min-repo.com/3355359/?kishu=all
2026-09-16,パチンコ22大和店,マイジャグラーV,821,394,5774,102.3,https://min-repo.com/3355359/?kishu=all
2026-09-16,パチンコ22大和店,ファンキージャグラー２ＫＴ,861,,118,,https://min-repo.com/3355359/?kishu=all
2026-09-16,パチンコ22大和店,ファンキージャグラー２ＫＴ,860,,1115,,https://min-repo.com/3355359/?kishu=all
2026-09-16,パチンコ22大和店,ファンキージャグラー２ＫＴ,858,,881,,https://min-repo.com/3355359/?kishu=all
2026-09-16,パチンコ22大和店,ファンキージャグラー２ＫＴ,832,18,152,103.9,https://min-repo.com/3355359/?kishu=all
2026-09-16,パチンコ22大和店,ファンキージャグラー２ＫＴ,831,,954,,https://min-repo.com/3355359/?kishu=all
2026-09-16,パチンコ22大和店,ファンキージャグラー２ＫＴ,830,,425,,https://min-repo.com/3355359/?kishu=all
2026-09-16,パチンコ22大和店,パチスロ頭文字Ｄ,1070,,214,,https://min-repo.com/3355359/?kishu=all
2026-09-16,パチンコ22大和店,パチスロ炎炎ノ消防隊,1055,,615,,https://min-repo.com/3355359/?kishu=all
2026-09-16,パチンコ22大和店,パチスロ炎炎ノ消防隊,1053,0,0,,https://min-repo.com/3355359/?kishu=all
2026-09-16,パチンコ22大和店,パチスロひぐらしのなく頃に祭２,1051,1658,1689,132.7,https://min-repo.com/3355359/?kishu=all
2026-09-16,パチンコ22大和店,パチスロ　甲鉄城のカバネリ,1065,0,0,,https://min-repo.com/3355359/?kishu=all
2026-09-16,パチンコ22大和店,パチスロ　甲鉄城のカバネリ,1063,0,0,,https://min-repo.com/3355359/?kishu=all
2026-09-16,パチンコ22大和店,パチスロ　新鬼武者２,1068,0,0,,https://min-repo.com/3355359/?kishu=all
2026-09-16,パチンコ22大和店,パチスロ　バイオハザード　ＲＥ：２,1025,0,0,,https://min-repo.com/3355359/?kishu=all
2026-09-16,パチンコ22大和店,パチスロ　バイオハザード　ＲＥ：２,1023,,134,,https://min-repo.com/3355359/?kishu=all
2026-09-16,パチンコ22大和店,パチスロ　バイオハザード　ＲＥ：２,1022,0,0,,https://min-repo.com/3355359/?kishu=all
2026-09-16,パチンコ22大和店,パチスロ　バイオハザード　ＲＥ：２,1021,0,0,,https://min-repo.com/3355359/?kishu=all
2026-09-16,パチンコ22大和店,パチスロ　バイオハザード7　レジデント　イービル,1066,0,0,,https://min-repo.com/3355359/?kishu=all
2026-09-16,パチンコ22大和店,パチスロ　デビル　メイ　クライ５,1067,0,0,,https://min-repo.com/3355359/?kishu=all
2026-09-16,パチンコ22大和店,パチスロ　ディスクアップ２,1061,,1264,,https://min-repo.com/3355359/?kishu=all
2026-09-16,パチンコ22大和店,パチスロ　ディスクアップ２,1060,268,1515,105.9,https://min-repo.com/3355359/?kishu=all
2026-09-16,パチンコ22大和店,バーサスリヴァイズ,1033,,144,,https://min-repo.com/3355359/?kishu=all
2026-09-16,パチンコ22大和店,ハッピージャグラーＶＩＩＩ,850,,3202,,https://min-repo.com/3355359/?kishu=all
2026-09-16,パチンコ22大和店,ハッピージャグラーＶＩＩＩ,838,,2025,,https://min-repo.com/3355359/?kishu=all
2026-09-16,パチンコ22大和店,ハッピージャグラーＶＩＩＩ,837,,1642,,https://min-repo.com/3355359/?kishu=all
2026-09-16,パチンコ22大和店,ネオアイムジャグラーEX,857,908,1892,116.0,https://min-repo.com/3355359/?kishu=all
2026-09-16,パチンコ22大和店,ネオアイムジャグラーEX,856,,425,,https://min-repo.com/3355359/?kishu=all
2026-09-16,パチンコ22大和店,ネオアイムジャグラーEX,855,,737,,https://min-repo.com/3355359/?kishu=all
2026-09-16,パチンコ22大和店,ネオアイムジャグラーEX,836,,886,,https://min-repo.com/3355359/?kishu=all
2026-09-16,パチンコ22大和店,ネオアイムジャグラーEX,835,,1686,,https://min-repo.com/3355359/?kishu=all
2026-09-16,パチンコ22大和店,ネオアイムジャグラーEX,833,718,2351,110.2,https://min-repo.com/3355359/?kishu=all
2026-09-16,パチンコ22大和店,ニューパルサーSP4 with 太鼓の達人,1032,171,604,109.4,https://min-repo.com/3355359/?kishu=all
2026-09-16,パチンコ22大和店,ニューゲッターマウス,1035,876,2801,110.4,https://min-repo.com/3355359/?kishu=all
2026-09-16,パチンコ22大和店,サンダーＶライトニング,1030,,1118,,https://min-repo.com/3355359/?kishu=all
2026-09-16,パチンコ22大和店,ゴーゴージャグラー３,853,572,5382,103.5,https://min-repo.com/3355359/?kishu=all
2026-09-16,パチンコ22大和店,ゴーゴージャグラー３,852,406,820,116.5,https://min-repo.com/3355359/?kishu=all
2026-09-16,パチンコ22大和店,ゴーゴージャグラー３,851,,2690,,https://min-repo.com/3355359/?kishu=all
2026-09-16,パチンコ22大和店,コードギアス反逆のルルーシュ３ C.C.&Kallen ver.,1056,,77,,https://min-repo.com/3355359/?kishu=all
2026-09-16,パチンコ22大和店,クランキークレスト,1027,0,0,,https://min-repo.com/3355359/?kishu=all
2026-09-16,パチンコ22大和店,クランキークレスト,1026,2098,2481,128.2,https://min-repo.com/3355359/?kishu=all
2026-09-16,パチンコ22大和店,アナザーゴッドハーデス-解き放たれし槍撃ver.-,1050,0,0,,https://min-repo.com/3355359/?kishu=all
2026-09-16,パチンコ22大和店,アナザーゴッドハーデス-解き放たれし槍撃ver.-,1038,,325,,https://min-repo.com/3355359/?kishu=all
2026-09-16,ハードロック仙台一番町店,沖ドキ！ＧＯＬＤ-30,372,,106,,https://min-repo.com/3355440/?kishu=all
2026-09-16,ハードロック仙台一番町店,沖ドキ！ＧＯＬＤ-30,371,260,237,136.6,https://min-repo.com/3355440/?kishu=all
2026-09-16,ハードロック仙台一番町店,沖ドキ！ＧＯＬＤ-30,370,,63,,https://min-repo.com/3355440/?kishu=all
2026-09-16,ハードロック仙台一番町店,沖ドキ！ＧＯＬＤ-30,368,,62,,https://min-repo.com/3355440/?kishu=all
2026-09-16,ハードロック仙台一番町店,沖ドキ！ＧＯＬＤ-30,367,,64,,https://min-repo.com/3355440/?kishu=all
2026-09-16,ハードロック仙台一番町店,沖ドキ！ＧＯＬＤ-30,366,,63,,https://min-repo.com/3355440/?kishu=all
2026-09-16,ハードロック仙台一番町店,沖ドキ！ＧＯＬＤ-30,365,,65,,https://min-repo.com/3355440/?kishu=all
2026-09-16,ハードロック仙台一番町店,沖ドキ！BLACK,376,,182,,https://min-repo.com/3355440/?kishu=all
2026-09-16,ハードロック仙台一番町店,沖ドキ！BLACK,375,,170,,https://min-repo.com/3355440/?kishu=all
2026-09-16,ハードロック仙台一番町店,沖ドキ！BLACK,373,510,710,123.9,https://min-repo.com/3355440/?kishu=all
2026-09-16,ハードロック仙台一番町店,新ハナビ,501,440,997,114.7,https://min-repo.com/3355440/?kishu=all
2026-09-16,ハードロック仙台一番町店,新ハナビ,500,0,0,,https://min-repo.com/3355440/?kishu=all
2026-09-16,ハードロック仙台一番町店,押忍！番長ＺＥＲＯ,380,,2713,,https://min-repo.com/3355440/?kishu=all
2026-09-16,ハードロック仙台一番町店,戦国コレクション6,352,,1189,,https://min-repo.com/3355440/?kishu=all
2026-09-16,ハードロック仙台一番町店,ヤバチバ,236,0,0,,https://min-repo.com/3355440/?kishu=all
2026-09-16,ハードロック仙台一番町店,ヤバチバ,235,,27,,https://min-repo.com/3355440/?kishu=all
2026-09-16,ハードロック仙台一番町店,マイジャグラーV,318,,669,,https://min-repo.com/3355440/?kishu=all
2026-09-16,ハードロック仙台一番町店,マイジャグラーV,317,,774,,https://min-repo.com/3355440/?kishu=all
2026-09-16,ハードロック仙台一番町店,マイジャグラーV,316,,1152,,https://min-repo.com/3355440/?kishu=all
2026-09-16,ハードロック仙台一番町店,マイジャグラーV,315,,1532,,https://min-repo.com/3355440/?kishu=all
2026-09-16,ハードロック仙台一番町店,マイジャグラーV,313,,742,,https://min-repo.com/3355440/?kishu=all
2026-09-16,ハードロック仙台一番町店,マイジャグラーV,312,440,2031,107.2,https://min-repo.com/3355440/?kishu=all
2026-09-16,ハードロック仙台一番町店,マイジャグラーV,311,,1669,,https://min-repo.com/3355440/?kishu=all
2026-09-16,ハードロック仙台一番町店,マイジャグラーV,310,,6275,,https://min-repo.com/3355440/?kishu=all
2026-09-16,ハードロック仙台一番町店,マイジャグラーV,308,,489,,https://min-repo.com/3355440/?kishu=all
2026-09-16,ハードロック仙台一番町店,マイジャグラーV,307,850,5013,105.7,https://min-repo.com/3355440/?kishu=all
2026-09-16,ハードロック仙台一番町店,マイジャグラーV,306,,316,,https://min-repo.com/3355440/?kishu=all
2026-09-16,ハードロック仙台一番町店,マイジャグラーV,305,2220,6198,111.9,https://min-repo.com/3355440/?kishu=all
2026-09-16,ハードロック仙台一番町店,ファンキージャグラー２ＫＴ,300,,2300,,https://min-repo.com/3355440/?kishu=all
2026-09-16,ハードロック仙台一番町店,ファンキージャグラー２ＫＴ,288,590,3201,106.1,https://min-repo.com/3355440/?kishu=all
2026-09-16,ハードロック仙台一番町店,ファンキージャグラー２ＫＴ,287,,3065,,https://min-repo.com/3355440/?kishu=all
2026-09-16,ハードロック仙台一番町店,ファンキージャグラー２ＫＴ,286,,658,,https://min-repo.com/3355440/?kishu=all
2026-09-16,ハードロック仙台一番町店,ファンキージャグラー２ＫＴ,285,190,3437,101.8,https://min-repo.com/3355440/?kishu=all
2026-09-16,ハードロック仙台一番町店,ファンキージャグラー２ＫＴ,283,1170,5319,107.3,https://min-repo.com/3355440/?kishu=all
2026-09-16,ハードロック仙台一番町店,ファンキージャグラー２ＫＴ,282,,1548,,https://min-repo.com/3355440/?kishu=all
2026-09-16,ハードロック仙台一番町店,ファンキージャグラー２ＫＴ,281,,1893,,https://min-repo.com/3355440/?kishu=all
2026-09-16,ハードロック仙台一番町店,ファミスタ回胴版！！,357,230,476,116.1,https://min-repo.com/3355440/?kishu=all
2026-09-16,ハードロック仙台一番町店,パチスロ炎炎ノ消防隊,381,,137,,https://min-repo.com/3355440/?kishu=all
2026-09-16,ハードロック仙台一番町店,パチスロひぐらしのなく頃に祭２,358,,1641,,https://min-repo.com/3355440/?kishu=all
2026-09-16,ハードロック仙台一番町店,パチスロ　甲鉄城のカバネリ,356,0,0,,https://min-repo.com/3355440/?kishu=all
2026-09-16,ハードロック仙台一番町店,パチスロ　甲鉄城のカバネリ,355,0,0,,https://min-repo.com/3355440/?kishu=all
2026-09-16,ハードロック仙台一番町店,パチスロ　甲鉄城のカバネリ,353,,1668,,https://min-repo.com/3355440/?kishu=all
2026-09-16,ハードロック仙台一番町店,パチスロ　バイオハザード　ＲＥ：２,378,0,0,,https://min-repo.com/3355440/?kishu=all
2026-09-16,ハードロック仙台一番町店,バーサスリヴァイズ,388,0,0,,https://min-repo.com/3355440/?kishu=all
2026-09-16,ハードロック仙台一番町店,バーサスリヴァイズ,387,,1574,,https://min-repo.com/3355440/?kishu=all
2026-09-16,ハードロック仙台一番町店,ハナハナホウオウ～天翔～-30,363,,249,,https://min-repo.com/3355440/?kishu=all
2026-09-16,ハードロック仙台一番町店,ハナハナホウオウ～天翔～-30,362,2020,5460,112.3,https://min-repo.com/3355440/?kishu=all
2026-09-16,ハードロック仙台一番町店,ハナハナホウオウ～天翔～-30,361,,341,,https://min-repo.com/3355440/?kishu=all
2026-09-16,ハードロック仙台一番町店,ハナハナホウオウ～天翔～-30,360,270,1418,106.3,https://min-repo.com/3355440/?kishu=all
2026-09-16,ハードロック仙台一番町店,ハッピージャグラーＶＩＩＩ,303,,963,,https://min-repo.com/3355440/?kishu=all
2026-09-16,ハードロック仙台一番町店,ハッピージャグラーＶＩＩＩ,302,30,3564,100.3,https://min-repo.com/3355440/?kishu=all
2026-09-16,ハードロック仙台一番町店,ハッピージャグラーＶＩＩＩ,301,190,491,112.9,https://min-repo.com/3355440/?kishu=all
2026-09-16,ハードロック仙台一番町店,ニューパルサーSP4 with 太鼓の達人,383,,192,,https://min-repo.com/3355440/?kishu=all
2026-09-16,ハードロック仙台一番町店,ニューゲッターマウス,385,,269,,https://min-repo.com/3355440/?kishu=all
2026-09-16,ハードロック仙台一番町店,スマスロ新鬼武者3,507,0,0,,https://min-repo.com/3355440/?kishu=all
2026-09-16,ハードロック仙台一番町店,スマスロ北斗の拳 転生の章2,513,1850,1840,133.5,https://min-repo.com/3355440/?kishu=all
2026-09-16,ハードロック仙台一番町店,スマスロ化物語,527,,182,,https://min-repo.com/3355440/?kishu=all
2026-09-16,ハードロック仙台一番町店,スマスロ化物語,526,,160,,https://min-repo.com/3355440/?kishu=all
2026-09-16,ハードロック仙台一番町店,スマスロモンキーターンV,272,,2328,,https://min-repo.com/3355440/?kishu=all
2026-09-16,ハードロック仙台一番町店,スマスロモンキーターンV,271,,525,,https://min-repo.com/3355440/?kishu=all
2026-09-16,ハードロック仙台一番町店,スマスロモンキーターンV,270,870,656,144.2,https://min-repo.com/3355440/?kishu=all
2026-09-16,ハードロック仙台一番町店,スマスロモンキーターンV,268,,892,,https://min-repo.com/3355440/?kishu=all
2026-09-16,ハードロック仙台一番町店,スマスロBIRDIE WING-Golf Girls’ Story-,350,,131,,https://min-repo.com/3355440/?kishu=all
2026-09-16,ハードロック仙台一番町店,スマスロ 甲鉄城のカバネリ 海門決戦,258,,5228,,https://min-repo.com/3355440/?kishu=all
2026-09-16,ハードロック仙台一番町店,スマスロ 甲鉄城のカバネリ 海門決戦,257,,2630,,https://min-repo.com/3355440/?kishu=all
2026-09-16,ハードロック仙台一番町店,スマスロ 甲鉄城のカバネリ 海門決戦,256,,3145,,https://min-repo.com/3355440/?kishu=all
2026-09-16,ハードロック仙台一番町店,スマスロ 東京リベンジャーズ,512,0,0,,https://min-repo.com/3355440/?kishu=all
2026-09-16,ハードロック仙台一番町店,スマスロ 攻殻機動隊,510,,465,,https://min-repo.com/3355440/?kishu=all
2026-09-16,ハードロック仙台一番町店,スマスロ リコリス・リコイル,263,,1482,,https://min-repo.com/3355440/?kishu=all
2026-09-16,ハードロック仙台一番町店,スマスロ リコリス・リコイル,262,160,3363,101.6,https://min-repo.com/3355440/?kishu=all
2026-09-16,ハードロック仙台一番町店,スマスロ リコリス・リコイル,261,,2718,,https://min-repo.com/3355440/?kishu=all
2026-09-16,ハードロック仙台一番町店,スマスロ リコリス・リコイル,260,,4910,,https://min-repo.com/3355440/?kishu=all
2026-09-16,ハードロック仙台一番町店,スマスロ ミリオンゴッド-神々の軌跡-,280,,1471,,https://min-repo.com/3355440/?kishu=all
2026-09-16,ハードロック仙台一番町店,スマスロ ミリオンゴッド-神々の軌跡-,278,0,0,,https://min-repo.com/3355440/?kishu=all
2026-09-16,ハードロック仙台一番町店,スマスロ ミリオンゴッド-神々の軌跡-,277,,2412,,https://min-repo.com/3355440/?kishu=all
2026-09-16,ハードロック仙台一番町店,スマスロ マギアレコード 魔法少女まどか☆マギカ外伝,276,,3888,,https://min-repo.com/3355440/?kishu=all
2026-09-16,ハードロック仙台一番町店,スマスロ マギアレコード 魔法少女まどか☆マギカ外伝,275,,755,,https://min-repo.com/3355440/?kishu=all
2026-09-16,ハードロック仙台一番町店,スマスロ マギアレコード 魔法少女まどか☆マギカ外伝,273,,1508,,https://min-repo.com/3355440/?kishu=all
2026-09-16,ハードロック仙台一番町店,スマスロ バイオハザードRE:3,508,0,0,,https://min-repo.com/3355440/?kishu=all
2026-09-16,ハードロック仙台一番町店,スマスロ ハナビ,330,270,842,110.7,https://min-repo.com/3355440/?kishu=all
2026-09-16,ハードロック仙台一番町店,スマスロ タコスロ,502,1840,5454,111.2,https://min-repo.com/3355440/?kishu=all
2026-09-16,ハードロック仙台一番町店,スマスロ スーパーリオエース2,525,,1929,,https://min-repo.com/3355440/?kishu=all
2026-09-16,ハードロック仙台一番町店,スマスロ スーパーリオエース2,523,0,0,,https://min-repo.com/3355440/?kishu=all
2026-09-16,ハードロック仙台一番町店,スマスロ ゴッドイーター リザレクション,238,100,437,107.6,https://min-repo.com/3355440/?kishu=all
2026-09-16,ハードロック仙台一番町店,スマスロ ゴッドイーター リザレクション,237,0,0,,https://min-repo.com/3355440/?kishu=all
2026-09-16,ハードロック仙台一番町店,スマスロ やじきた道中記参る！,505,0,0,,https://min-repo.com/3355440/?kishu=all
2026-09-16,ハードロック仙台一番町店,ジャグラーガールズSS,328,,940,,https://min-repo.com/3355440/?kishu=all
2026-09-16,ハードロック仙台一番町店,ジャグラーガールズSS,327,,531,,https://min-repo.com/3355440/?kishu=all
2026-09-16,ハードロック仙台一番町店,ジャグラーガールズSS,326,80,334,108.0,https://min-repo.com/3355440/?kishu=all
2026-09-16,ハードロック仙台一番町店,ジャグラーガールズSS,325,220,1449,105.1,https://min-repo.com/3355440/?kishu=all
2026-09-16,ハードロック仙台一番町店,サンダーＶライトニング,386,,272,,https://min-repo.com/3355440/?kishu=all
2026-09-16,ハードロック仙台一番町店,ゴーゴージャグラー３,323,460,5160,103.0,https://min-repo.com/3355440/?kishu=all
2026-09-16,ハードロック仙台一番町店,ゴーゴージャグラー３,322,,379,,https://min-repo.com/3355440/?kishu=all
2026-09-16,ハードロック仙台一番町店,ゴーゴージャグラー３,321,1170,6312,106.2,https://min-repo.com/3355440/?kishu=all
2026-09-16,ハードロック仙台一番町店,ゴーゴージャグラー３,320,370,1425,108.7,https://min-repo.com/3355440/?kishu=all
2026-09-16,ハードロック仙台一番町店,コードギアス反逆のルルーシュ３ C.C.&Kallen ver.,382,,703,,https://min-repo.com/3355440/?kishu=all
2026-09-16,ハードロック仙台一番町店,クレアの秘宝伝～はじまりの扉と太陽の石～ボーナストリガーver.,333,,515,,https://min-repo.com/3355440/?kishu=all
2026-09-16,ハードロック仙台一番町店,アレックス ブライト,332,,2377,,https://min-repo.com/3355440/?kishu=all
2026-09-16,ハードロック仙台一番町店,この素晴らしい世界に祝福を！,377,,631,,https://min-repo.com/3355440/?kishu=all
2026-09-16,ハードロック仙台一番町店,いざ！番長,511,0,0,,https://min-repo.com/3355440/?kishu=all
2026-09-16,ハードロック仙台一番町店,L麻雀格闘倶楽部　覚醒,515,,292,,https://min-repo.com/3355440/?kishu=all
2026-09-16,ハードロック仙台一番町店,L真・一騎当千,506,,400,,https://min-repo.com/3355440/?kishu=all
2026-09-16,ハードロック仙台一番町店,L無職転生～異世界行ったら本気だす～,250,,940,,https://min-repo.com/3355440/?kishu=all
2026-09-16,ハードロック仙台一番町店,L東京喰種,255,,652,,https://min-repo.com/3355440/?kishu=all
2026-09-16,ハードロック仙台一番町店,L東京喰種,253,,2475,,https://min-repo.com/3355440/?kishu=all
2026-09-16,ハードロック仙台一番町店,L東京喰種,252,,571,,https://min-repo.com/3355440/?kishu=all
2026-09-16,ハードロック仙台一番町店,L東京喰種,251,250,2090,104.0,https://min-repo.com/3355440/?kishu=all
2026-09-16,ハードロック仙台一番町店,L戦国乙女４　戦乱に閃く炯眼の軍師,338,110,912,104.0,https://min-repo.com/3355440/?kishu=all
2026-09-16,ハードロック仙台一番町店,L戦国乙女5 業火を穿つ宿焔の双刃,267,1300,3102,114.0,https://min-repo.com/3355440/?kishu=all
2026-09-16,ハードロック仙台一番町店,L戦国乙女5 業火を穿つ宿焔の双刃,266,,4529,,https://min-repo.com/3355440/?kishu=all
2026-09-16,ハードロック仙台一番町店,L戦国乙女5 業火を穿つ宿焔の双刃,265,1380,3254,114.1,https://min-repo.com/3355440/?kishu=all
2026-09-16,ハードロック仙台一番町店,Lラブ嬢3～Wご指名はいかがですか?～,516,100,1010,103.3,https://min-repo.com/3355440/?kishu=all
2026-09-16,ハードロック仙台一番町店,Lパチスロ革命機ヴァルヴレイヴ2,520,0,0,,https://min-repo.com/3355440/?kishu=all
2026-09-16,ハードロック仙台一番町店,Lパチスロ革命機ヴァルヴレイヴ2,518,0,0,,https://min-repo.com/3355440/?kishu=all
2026-09-16,ハードロック仙台一番町店,Lパチスロ喰霊-零-Re,503,,2197,,https://min-repo.com/3355440/?kishu=all
2026-09-16,ハードロック仙台一番町店,Lパチスロガールズ＆パンツァー 最終章,337,0,0,,https://min-repo.com/3355440/?kishu=all
2026-09-16,ハードロック仙台一番町店,Lパチスロからくりサーカス2,517,,509,,https://min-repo.com/3355440/?kishu=all
2026-09-16,ハードロック仙台一番町店,Lパチスロ かぐや様は告らせたい,522,0,0,,https://min-repo.com/3355440/?kishu=all
2026-09-16,ハードロック仙台一番町店,Lパチスロ かぐや様は告らせたい,521,0,0,,https://min-repo.com/3355440/?kishu=all
2026-09-16,ハードロック仙台一番町店,Lソードアート・オンライン,351,,94,,https://min-repo.com/3355440/?kishu=all
2026-09-16,ハードロック仙台一番町店,LBパチスロ ヱヴァンゲリヲン～約束の扉～,335,,454,,https://min-repo.com/3355440/?kishu=all
2026-09-16,ハードロック仙台一番町店,LBトリプルクラウン,336,,317,,https://min-repo.com/3355440/?kishu=all
2026-09-16,ハードロック仙台一番町店,A-SLOT+ ディスクアップ ULTRAREMIX,331,,463,,https://min-repo.com/3355440/?kishu=all
2026-09-16,ひまわり宮城岩沼店,真打 吉宗,497,,440,,https://min-repo.com/3354494/?kishu=all
2026-09-16,ひまわり宮城岩沼店,真打 吉宗,496,,1303,,https://min-repo.com/3354494/?kishu=all
2026-09-16,ひまわり宮城岩沼店,真打 吉宗,495,,2441,,https://min-repo.com/3354494/?kishu=all
2026-09-16,ひまわり宮城岩沼店,真打 吉宗,494,,2657,,https://min-repo.com/3354494/?kishu=all
2026-09-16,ひまわり宮城岩沼店,真打 吉宗,493,,2119,,https://min-repo.com/3354494/?kishu=all
2026-09-16,ひまわり宮城岩沼店,沖ドキ!ゴージャス 25Φ,554,170,985,105.8,https://min-repo.com/3354494/?kishu=all
2026-09-16,ひまわり宮城岩沼店,沖ドキ!ゴージャス 25Φ,553,1090,526,169.1,https://min-repo.com/3354494/?kishu=all
2026-09-16,ひまわり宮城岩沼店,沖ドキ!ゴージャス 25Φ,552,2090,2420,128.8,https://min-repo.com/3354494/?kishu=all
2026-09-16,ひまわり宮城岩沼店,沖ドキ!ゴージャス 25Φ,551,520,3974,104.4,https://min-repo.com/3354494/?kishu=all
2026-09-16,ひまわり宮城岩沼店,沖ドキ!ゴージャス 25Φ,550,3020,3387,129.7,https://min-repo.com/3354494/?kishu=all
2026-09-16,ひまわり宮城岩沼店,沖ドキ!ゴージャス 25Φ,549,,619,,https://min-repo.com/3354494/?kishu=all
2026-09-16,ひまわり宮城岩沼店,沖ドキ!ゴージャス 25Φ,548,,4527,,https://min-repo.com/3354494/?kishu=all
2026-09-16,ひまわり宮城岩沼店,沖ドキ!ゴージャス 25Φ,547,2230,1002,174.2,https://min-repo.com/3354494/?kishu=all
2026-09-16,ひまわり宮城岩沼店,沖ドキ!ゴージャス 25Φ,546,,921,,https://min-repo.com/3354494/?kishu=all
2026-09-16,ひまわり宮城岩沼店,沖ドキ!ゴージャス 25Φ,545,,922,,https://min-repo.com/3354494/?kishu=all
2026-09-16,ひまわり宮城岩沼店,沖ドキ!ゴージャス 25Φ,544,,1637,,https://min-repo.com/3354494/?kishu=all
2026-09-16,ひまわり宮城岩沼店,沖ドキ!ゴージャス 25Φ,543,,559,,https://min-repo.com/3354494/?kishu=all
2026-09-16,ひまわり宮城岩沼店,沖ドキ!ゴージャス 25Φ,542,,4044,,https://min-repo.com/3354494/?kishu=all
2026-09-16,ひまわり宮城岩沼店,沖ドキ!ゴージャス 25Φ,541,,3430,,https://min-repo.com/3354494/?kishu=all
2026-09-16,ひまわり宮城岩沼店,沖ドキ!ゴージャス 25Φ,540,,3319,,https://min-repo.com/3354494/?kishu=all
2026-09-16,ひまわり宮城岩沼店,沖ドキ!ゴージャス 25Φ,539,,1658,,https://min-repo.com/3354494/?kishu=all
2026-09-16,ひまわり宮城岩沼店,沖ドキ!ゴージャス 25Φ,538,,4931,,https://min-repo.com/3354494/?kishu=all
2026-09-16,ひまわり宮城岩沼店,沖ドキ!ゴージャス 25Φ,537,320,476,122.4,https://min-repo.com/3354494/?kishu=all
2026-09-16,ひまわり宮城岩沼店,沖ドキ!ゴージャス 25Φ,536,410,1499,109.1,https://min-repo.com/3354494/?kishu=all
2026-09-16,ひまわり宮城岩沼店,沖ドキ!ゴージャス 25Φ,535,,5754,,https://min-repo.com/3354494/?kishu=all
2026-09-16,ひまわり宮城岩沼店,沖ドキ!ゴージャス 25Φ,534,380,442,128.7,https://min-repo.com/3354494/?kishu=all
2026-09-16,ひまわり宮城岩沼店,沖ドキ!ゴージャス 25Φ,533,,3134,,https://min-repo.com/3354494/?kishu=all
2026-09-16,ひまわり宮城岩沼店,沖ドキ!ゴージャス 25Φ,532,,215,,https://min-repo.com/3354494/?kishu=all
2026-09-16,ひまわり宮城岩沼店,沖ドキ!ゴージャス 25Φ,531,,678,,https://min-repo.com/3354494/?kishu=all
2026-09-16,ひまわり宮城岩沼店,沖ドキ!ゴージャス 25Φ,530,1790,3542,116.8,https://min-repo.com/3354494/?kishu=all
2026-09-16,ひまわり宮城岩沼店,沖ドキ!ゴージャス 25Φ,529,,208,,https://min-repo.com/3354494/?kishu=all
2026-09-16,ひまわり宮城岩沼店,戦国コレクション6,571,2450,2835,128.8,https://min-repo.com/3354494/?kishu=all
2026-09-16,ひまわり宮城岩沼店,戦国コレクション6,570,6120,4312,147.3,https://min-repo.com/3354494/?kishu=all
2026-09-16,ひまわり宮城岩沼店,戦国コレクション6,569,,2331,,https://min-repo.com/3354494/?kishu=all
2026-09-16,ひまわり宮城岩沼店,戦国コレクション6,568,,1363,,https://min-repo.com/3354494/?kishu=all
2026-09-16,ひまわり宮城岩沼店,戦国コレクション6,567,,1873,,https://min-repo.com/3354494/?kishu=all
2026-09-16,ひまわり宮城岩沼店,吉宗,393,,2963,,https://min-repo.com/3354494/?kishu=all
2026-09-16,ひまわり宮城岩沼店,ミスタージャグラー,661,,2171,,https://min-repo.com/3354494/?kishu=all
2026-09-16,ひまわり宮城岩沼店,ミスタージャグラー,660,,2915,,https://min-repo.com/3354494/?kishu=all
2026-09-16,ひまわり宮城岩沼店,ミスタージャグラー,659,,2054,,https://min-repo.com/3354494/?kishu=all
2026-09-16,ひまわり宮城岩沼店,ミスタージャグラー,658,,2093,,https://min-repo.com/3354494/?kishu=all
2026-09-16,ひまわり宮城岩沼店,ミスタージャグラー,657,,1601,,https://min-repo.com/3354494/?kishu=all
2026-09-16,ひまわり宮城岩沼店,ミスタージャグラー,586,,1390,,https://min-repo.com/3354494/?kishu=all
2026-09-16,ひまわり宮城岩沼店,ミスタージャグラー,585,340,1714,106.6,https://min-repo.com/3354494/?kishu=all
2026-09-16,ひまわり宮城岩沼店,ミスタージャグラー,584,,852,,https://min-repo.com/3354494/?kishu=all
2026-09-16,ひまわり宮城岩沼店,ミスタージャグラー,583,820,5089,105.4,https://min-repo.com/3354494/?kishu=all
2026-09-16,ひまわり宮城岩沼店,ミスタージャグラー,582,,1083,,https://min-repo.com/3354494/?kishu=all
2026-09-16,ひまわり宮城岩沼店,マイジャグラーV,651,,8077,,https://min-repo.com/3354494/?kishu=all
2026-09-16,ひまわり宮城岩沼店,マイジャグラーV,650,2070,5572,112.4,https://min-repo.com/3354494/?kishu=all
2026-09-16,ひまわり宮城岩沼店,マイジャグラーV,649,530,8979,102.0,https://min-repo.com/3354494/?kishu=all
2026-09-16,ひまわり宮城岩沼店,マイジャグラーV,648,,4879,,https://min-repo.com/3354494/?kishu=all
2026-09-16,ひまわり宮城岩沼店,マイジャグラーV,647,280,4836,101.9,https://min-repo.com/3354494/?kishu=all
2026-09-16,ひまわり宮城岩沼店,マイジャグラーV,646,,6448,,https://min-repo.com/3354494/?kishu=all
2026-09-16,ひまわり宮城岩沼店,マイジャグラーV,645,300,6438,101.6,https://min-repo.com/3354494/?kishu=all
2026-09-16,ひまわり宮城岩沼店,マイジャグラーV,644,,4183,,https://min-repo.com/3354494/?kishu=all
2026-09-16,ひまわり宮城岩沼店,マイジャグラーV,643,,3344,,https://min-repo.com/3354494/?kishu=all
2026-09-16,ひまわり宮城岩沼店,マイジャグラーV,642,,4447,,https://min-repo.com/3354494/?kishu=all
2026-09-16,ひまわり宮城岩沼店,マイジャグラーV,601,,4650,,https://min-repo.com/3354494/?kishu=all
2026-09-16,ひまわり宮城岩沼店,マイジャグラーV,600,5480,10206,117.9,https://min-repo.com/3354494/?kishu=all
2026-09-16,ひまわり宮城岩沼店,マイジャグラーV,599,,1596,,https://min-repo.com/3354494/?kishu=all
2026-09-16,ひまわり宮城岩沼店,マイジャグラーV,598,,1699,,https://min-repo.com/3354494/?kishu=all
2026-09-16,ひまわり宮城岩沼店,マイジャグラーV,597,190,2773,102.3,https://min-repo.com/3354494/?kishu=all
2026-09-16,ひまわり宮城岩沼店,マイジャグラーV,596,,4202,,https://min-repo.com/3354494/?kishu=all
2026-09-16,ひまわり宮城岩沼店,マイジャグラーV,595,,5442,,https://min-repo.com/3354494/?kishu=all
2026-09-16,ひまわり宮城岩沼店,マイジャグラーV,594,,2655,,https://min-repo.com/3354494/?kishu=all
2026-09-16,ひまわり宮城岩沼店,マイジャグラーV,593,,2422,,https://min-repo.com/3354494/?kishu=all
2026-09-16,ひまわり宮城岩沼店,マイジャグラーV,592,710,5811,104.1,https://min-repo.com/3354494/?kishu=all
2026-09-16,ひまわり宮城岩沼店,ネオアイムジャグラーEX,641,,3584,,https://min-repo.com/3354494/?kishu=all
2026-09-16,ひまわり宮城岩沼店,ネオアイムジャグラーEX,640,,1932,,https://min-repo.com/3354494/?kishu=all
2026-09-16,ひまわり宮城岩沼店,ネオアイムジャグラーEX,639,,1588,,https://min-repo.com/3354494/?kishu=all
2026-09-16,ひまわり宮城岩沼店,ネオアイムジャグラーEX,638,,5420,,https://min-repo.com/3354494/?kishu=all
2026-09-16,ひまわり宮城岩沼店,ネオアイムジャグラーEX,637,280,1953,104.8,https://min-repo.com/3354494/?kishu=all
2026-09-16,ひまわり宮城岩沼店,ネオアイムジャグラーEX,636,720,5829,104.1,https://min-repo.com/3354494/?kishu=all
2026-09-16,ひまわり宮城岩沼店,ネオアイムジャグラーEX,635,,1463,,https://min-repo.com/3354494/?kishu=all
2026-09-16,ひまわり宮城岩沼店,ネオアイムジャグラーEX,634,,1798,,https://min-repo.com/3354494/?kishu=all
2026-09-16,ひまわり宮城岩沼店,ネオアイムジャグラーEX,633,,5960,,https://min-repo.com/3354494/?kishu=all
2026-09-16,ひまわり宮城岩沼店,ネオアイムジャグラーEX,632,,2346,,https://min-repo.com/3354494/?kishu=all
2026-09-16,ひまわり宮城岩沼店,ネオアイムジャグラーEX,631,,1895,,https://min-repo.com/3354494/?kishu=all
2026-09-16,ひまわり宮城岩沼店,ネオアイムジャグラーEX,630,220,1270,105.8,https://min-repo.com/3354494/?kishu=all
2026-09-16,ひまわり宮城岩沼店,ネオアイムジャグラーEX,629,180,5163,101.2,https://min-repo.com/3354494/?kishu=all
2026-09-16,ひまわり宮城岩沼店,ネオアイムジャグラーEX,628,,186,,https://min-repo.com/3354494/?kishu=all
2026-09-16,ひまわり宮城岩沼店,ネオアイムジャグラーEX,627,2710,6894,113.1,https://min-repo.com/3354494/?kishu=all
2026-09-16,ひまわり宮城岩沼店,ネオアイムジャグラーEX,626,70,605,103.9,https://min-repo.com/3354494/?kishu=all
2026-09-16,ひまわり宮城岩沼店,ネオアイムジャグラーEX,625,130,3095,101.4,https://min-repo.com/3354494/?kishu=all
2026-09-16,ひまわり宮城岩沼店,ネオアイムジャグラーEX,624,230,2490,103.1,https://min-repo.com/3354494/?kishu=all
2026-09-16,ひまわり宮城岩沼店,ネオアイムジャグラーEX,623,,1822,,https://min-repo.com/3354494/?kishu=all
2026-09-16,ひまわり宮城岩沼店,ネオアイムジャグラーEX,622,1600,5873,109.1,https://min-repo.com/3354494/?kishu=all
2026-09-16,ひまわり宮城岩沼店,ネオアイムジャグラーEX,621,,2083,,https://min-repo.com/3354494/?kishu=all
2026-09-16,ひまわり宮城岩沼店,ネオアイムジャグラーEX,620,,2408,,https://min-repo.com/3354494/?kishu=all
2026-09-16,ひまわり宮城岩沼店,ネオアイムジャグラーEX,619,420,2937,104.8,https://min-repo.com/3354494/?kishu=all
2026-09-16,ひまわり宮城岩沼店,ネオアイムジャグラーEX,618,,1695,,https://min-repo.com/3354494/?kishu=all
2026-09-16,ひまわり宮城岩沼店,ネオアイムジャグラーEX,617,720,1768,113.6,https://min-repo.com/3354494/?kishu=all
2026-09-16,ひまわり宮城岩沼店,ネオアイムジャグラーEX,616,,2808,,https://min-repo.com/3354494/?kishu=all
2026-09-16,ひまわり宮城岩沼店,ネオアイムジャグラーEX,615,,3533,,https://min-repo.com/3354494/?kishu=all
2026-09-16,ひまわり宮城岩沼店,ネオアイムジャグラーEX,614,,3478,,https://min-repo.com/3354494/?kishu=all
2026-09-16,ひまわり宮城岩沼店,ネオアイムジャグラーEX,613,,482,,https://min-repo.com/3354494/?kishu=all
2026-09-16,ひまわり宮城岩沼店,ネオアイムジャグラーEX,612,,6784,,https://min-repo.com/3354494/?kishu=all
2026-09-16,ひまわり宮城岩沼店,ネオアイムジャグラーEX,611,,445,,https://min-repo.com/3354494/?kishu=all
2026-09-16,ひまわり宮城岩沼店,ネオアイムジャグラーEX,610,,1152,,https://min-repo.com/3354494/?kishu=all
2026-09-16,ひまわり宮城岩沼店,ネオアイムジャグラーEX,609,630,6183,103.4,https://min-repo.com/3354494/?kishu=all
2026-09-16,ひまわり宮城岩沼店,ネオアイムジャグラーEX,608,,838,,https://min-repo.com/3354494/?kishu=all
2026-09-16,ひまわり宮城岩沼店,ネオアイムジャグラーEX,607,,4107,,https://min-repo.com/3354494/?kishu=all
2026-09-16,ひまわり宮城岩沼店,ネオアイムジャグラーEX,606,,3161,,https://min-repo.com/3354494/?kishu=all
2026-09-16,ひまわり宮城岩沼店,ネオアイムジャグラーEX,605,,2019,,https://min-repo.com/3354494/?kishu=all
2026-09-16,ひまわり宮城岩沼店,ネオアイムジャグラーEX,604,,2043,,https://min-repo.com/3354494/?kishu=all
2026-09-16,ひまわり宮城岩沼店,ネオアイムジャグラーEX,603,,2962,,https://min-repo.com/3354494/?kishu=all
2026-09-16,ひまわり宮城岩沼店,ネオアイムジャグラーEX,602,100,2908,101.1,https://min-repo.com/3354494/?kishu=all
2026-09-16,ひまわり宮城岩沼店,スロット ワールドダイスター,376,,1381,,https://min-repo.com/3354494/?kishu=all
2026-09-16,ひまわり宮城岩沼店,スロット ワールドダイスター,371,,2758,,https://min-repo.com/3354494/?kishu=all
2026-09-16,ひまわり宮城岩沼店,スロット ソードアート・オンラインⅡ,461,,9246,,https://min-repo.com/3354494/?kishu=all
2026-09-16,ひまわり宮城岩沼店,スロット ソードアート・オンラインⅡ,460,,9284,,https://min-repo.com/3354494/?kishu=all
2026-09-16,ひまわり宮城岩沼店,スロット ソードアート・オンラインⅡ,459,1930,9412,106.8,https://min-repo.com/3354494/?kishu=all
2026-09-16,ひまわり宮城岩沼店,スロット ソードアート・オンラインⅡ,458,,9182,,https://min-repo.com/3354494/?kishu=all
2026-09-16,ひまわり宮城岩沼店,スロット ソードアート・オンラインⅡ,457,12270,8591,147.6,https://min-repo.com/3354494/?kishu=all
2026-09-16,ひまわり宮城岩沼店,スマスロ新鬼武者3,392,,6162,,https://min-repo.com/3354494/?kishu=all
2026-09-16,ひまわり宮城岩沼店,スマスロ北斗の拳 転生の章2,492,,1288,,https://min-repo.com/3354494/?kishu=all
2026-09-16,ひまわり宮城岩沼店,スマスロ北斗の拳 転生の章2,491,400,7900,101.7,https://min-repo.com/3354494/?kishu=all
2026-09-16,ひまわり宮城岩沼店,スマスロ北斗の拳 転生の章2,490,1080,572,162.9,https://min-repo.com/3354494/?kishu=all
2026-09-16,ひまわり宮城岩沼店,スマスロ化物語,452,0,0,,https://min-repo.com/3354494/?kishu=all
2026-09-16,ひまわり宮城岩沼店,スマスロ化物語,451,1540,5562,109.2,https://min-repo.com/3354494/?kishu=all
2026-09-16,ひまわり宮城岩沼店,スマスロ化物語,450,,1750,,https://min-repo.com/3354494/?kishu=all
2026-09-16,ひまわり宮城岩沼店,スマスロモンキーターンV,576,,360,,https://min-repo.com/3354494/?kishu=all
2026-09-16,ひまわり宮城岩沼店,スマスロモンキーターンV,575,630,1377,115.3,https://min-repo.com/3354494/?kishu=all
2026-09-16,ひまわり宮城岩沼店,スマスロモンキーターンV,574,1170,4241,109.2,https://min-repo.com/3354494/?kishu=all
2026-09-16,ひまわり宮城岩沼店,スマスロモンキーターンV,573,,820,,https://min-repo.com/3354494/?kishu=all
2026-09-16,ひまわり宮城岩沼店,スマスロモンキーターンV,572,,1261,,https://min-repo.com/3354494/?kishu=all
2026-09-16,ひまわり宮城岩沼店,スマスロモンキーターンV,511,,990,,https://min-repo.com/3354494/?kishu=all
2026-09-16,ひまわり宮城岩沼店,スマスロモンキーターンV,510,,2067,,https://min-repo.com/3354494/?kishu=all
2026-09-16,ひまわり宮城岩沼店,スマスロモンキーターンV,509,,704,,https://min-repo.com/3354494/?kishu=all
2026-09-16,ひまわり宮城岩沼店,スマスロモンキーターンV,508,,580,,https://min-repo.com/3354494/?kishu=all
2026-09-16,ひまわり宮城岩沼店,スマスロモンキーターンV,507,,2846,,https://min-repo.com/3354494/?kishu=all
2026-09-16,ひまわり宮城岩沼店,スマスロケロット5BT,387,1670,3033,118.4,https://min-repo.com/3354494/?kishu=all
2026-09-16,ひまわり宮城岩沼店,スマスロ 甲鉄城のカバネリ 海門決戦,481,,2466,,https://min-repo.com/3354494/?kishu=all
2026-09-16,ひまわり宮城岩沼店,スマスロ 甲鉄城のカバネリ 海門決戦,480,50,2280,100.7,https://min-repo.com/3354494/?kishu=all
2026-09-16,ひまわり宮城岩沼店,スマスロ 甲鉄城のカバネリ 海門決戦,479,200,1334,105.0,https://min-repo.com/3354494/?kishu=all
2026-09-16,ひまわり宮城岩沼店,スマスロ 甲鉄城のカバネリ 海門決戦,478,,777,,https://min-repo.com/3354494/?kishu=all
2026-09-16,ひまわり宮城岩沼店,スマスロ 甲鉄城のカバネリ 海門決戦,477,,790,,https://min-repo.com/3354494/?kishu=all
2026-09-16,ひまわり宮城岩沼店,スマスロ 甲鉄城のカバネリ 海門決戦,476,,2801,,https://min-repo.com/3354494/?kishu=all
2026-09-16,ひまわり宮城岩沼店,スマスロ 甲鉄城のカバネリ 海門決戦,475,,548,,https://min-repo.com/3354494/?kishu=all
2026-09-16,ひまわり宮城岩沼店,スマスロ 甲鉄城のカバネリ 海門決戦,474,90,508,105.9,https://min-repo.com/3354494/?kishu=all
2026-09-16,ひまわり宮城岩沼店,スマスロ 甲鉄城のカバネリ 海門決戦,449,,1144,,https://min-repo.com/3354494/?kishu=all
2026-09-16,ひまわり宮城岩沼店,スマスロ 甲鉄城のカバネリ 海門決戦,448,,1381,,https://min-repo.com/3354494/?kishu=all
2026-09-16,ひまわり宮城岩沼店,スマスロ 甲鉄城のカバネリ 海門決戦,447,,1116,,https://min-repo.com/3354494/?kishu=all
2026-09-16,ひまわり宮城岩沼店,スマスロ 甲鉄城のカバネリ 海門決戦,446,,2724,,https://min-repo.com/3354494/?kishu=all
2026-09-16,ひまわり宮城岩沼店,スマスロ 甲鉄城のカバネリ 海門決戦,445,,1830,,https://min-repo.com/3354494/?kishu=all
2026-09-16,ひまわり宮城岩沼店,スマスロ 甲鉄城のカバネリ 海門決戦,444,1080,883,140.8,https://min-repo.com/3354494/?kishu=all
2026-09-16,ひまわり宮城岩沼店,スマスロ 甲鉄城のカバネリ 海門決戦,443,660,464,147.4,https://min-repo.com/3354494/?kishu=all
2026-09-16,ひまわり宮城岩沼店,スマスロ 甲鉄城のカバネリ 海門決戦,442,,900,,https://min-repo.com/3354494/?kishu=all
2026-09-16,ひまわり宮城岩沼店,スマスロ 攻殻機動隊,370,,4551,,https://min-repo.com/3354494/?kishu=all
2026-09-16,ひまわり宮城岩沼店,スマスロ リコリス・リコイル,581,,7486,,https://min-repo.com/3354494/?kishu=all
2026-09-16,ひまわり宮城岩沼店,スマスロ リコリス・リコイル,580,,4227,,https://min-repo.com/3354494/?kishu=all
2026-09-16,ひまわり宮城岩沼店,スマスロ リコリス・リコイル,579,,3187,,https://min-repo.com/3354494/?kishu=all
2026-09-16,ひまわり宮城岩沼店,スマスロ リコリス・リコイル,578,,6318,,https://min-repo.com/3354494/?kishu=all
2026-09-16,ひまわり宮城岩沼店,スマスロ リコリス・リコイル,577,,6458,,https://min-repo.com/3354494/?kishu=all
2026-09-16,ひまわり宮城岩沼店,スマスロ リコリス・リコイル,506,,3401,,https://min-repo.com/3354494/?kishu=all
2026-09-16,ひまわり宮城岩沼店,スマスロ リコリス・リコイル,505,2040,9330,107.3,https://min-repo.com/3354494/?kishu=all
2026-09-16,ひまわり宮城岩沼店,スマスロ リコリス・リコイル,504,4750,8791,118.0,https://min-repo.com/3354494/?kishu=all
2026-09-16,ひまわり宮城岩沼店,スマスロ リコリス・リコイル,503,,6873,,https://min-repo.com/3354494/?kishu=all
2026-09-16,ひまわり宮城岩沼店,スマスロ リコリス・リコイル,502,920,6542,104.7,https://min-repo.com/3354494/?kishu=all
2026-09-16,ひまわり宮城岩沼店,スマスロ モンスターハンターライズ,433,,1717,,https://min-repo.com/3354494/?kishu=all
2026-09-16,ひまわり宮城岩沼店,スマスロ モンスターハンターライズ,432,230,1562,104.9,https://min-repo.com/3354494/?kishu=all
2026-09-16,ひまわり宮城岩沼店,スマスロ モンスターハンターライズ,431,,42,,https://min-repo.com/3354494/?kishu=all
2026-09-16,ひまわり宮城岩沼店,スマスロ ミリオンゴッド-神々の軌跡-,401,,1987,,https://min-repo.com/3354494/?kishu=all
2026-09-16,ひまわり宮城岩沼店,スマスロ ミリオンゴッド-神々の軌跡-,400,,1289,,https://min-repo.com/3354494/?kishu=all
2026-09-16,ひまわり宮城岩沼店,スマスロ ミリオンゴッド-神々の軌跡-,399,,4278,,https://min-repo.com/3354494/?kishu=all
2026-09-16,ひまわり宮城岩沼店,スマスロ ミリオンゴッド-神々の軌跡-,398,350,1068,110.9,https://min-repo.com/3354494/?kishu=all
2026-09-16,ひまわり宮城岩沼店,スマスロ ミリオンゴッド-神々の軌跡-,397,11030,2898,226.9,https://min-repo.com/3354494/?kishu=all
2026-09-16,ひまわり宮城岩沼店,スマスロ ミリオンゴッド-神々の軌跡-,396,,315,,https://min-repo.com/3354494/?kishu=all
2026-09-16,ひまわり宮城岩沼店,スマスロ ミリオンゴッド-神々の軌跡-,367,,73,,https://min-repo.com/3354494/?kishu=all
2026-09-16,ひまわり宮城岩沼店,スマスロ ミリオンゴッド-神々の軌跡-,366,,3130,,https://min-repo.com/3354494/?kishu=all
2026-09-16,ひまわり宮城岩沼店,スマスロ ミリオンゴッド-神々の軌跡-,365,,2085,,https://min-repo.com/3354494/?kishu=all
2026-09-16,ひまわり宮城岩沼店,スマスロ ミリオンゴッド-神々の軌跡-,364,2740,454,301.2,https://min-repo.com/3354494/?kishu=all
2026-09-16,ひまわり宮城岩沼店,スマスロ ミリオンゴッド-神々の軌跡-,363,,3815,,https://min-repo.com/3354494/?kishu=all
2026-09-16,ひまわり宮城岩沼店,スマスロ ミリオンゴッド-神々の軌跡-,362,,2967,,https://min-repo.com/3354494/?kishu=all
2026-09-16,ひまわり宮城岩沼店,スマスロ マギアレコード 魔法少女まどか☆マギカ外伝,375,,929,,https://min-repo.com/3354494/?kishu=all
2026-09-16,ひまわり宮城岩沼店,スマスロ ハナビ,385,,531,,https://min-repo.com/3354494/?kishu=all
2026-09-16,ひまわり宮城岩沼店,スマスロ ハナビ,384,30,598,101.7,https://min-repo.com/3354494/?kishu=all
2026-09-16,ひまわり宮城岩沼店,スマスロ ハナビ,383,,273,,https://min-repo.com/3354494/?kishu=all
2026-09-16,ひまわり宮城岩沼店,スマスロ ハナビ,382,,1906,,https://min-repo.com/3354494/?kishu=all
2026-09-16,ひまわり宮城岩沼店,スマスロ タコスロ,390,540,2588,107.0,https://min-repo.com/3354494/?kishu=all
2026-09-16,ひまわり宮城岩沼店,スマスロ タコスロ,386,,3408,,https://min-repo.com/3354494/?kishu=all
2026-09-16,ひまわり宮城岩沼店,スマスロ スーパーリオエース2,369,0,0,,https://min-repo.com/3354494/?kishu=all
2026-09-16,ひまわり宮城岩沼店,スマスロ ストリートファイター6,394,,1337,,https://min-repo.com/3354494/?kishu=all
2026-09-16,ひまわり宮城岩沼店,スマスロ ストリートファイター6,391,,2348,,https://min-repo.com/3354494/?kishu=all
2026-09-16,ひまわり宮城岩沼店,スマスロ サンダーV,389,,1007,,https://min-repo.com/3354494/?kishu=all
2026-09-16,ひまわり宮城岩沼店,スマスロ やじきた道中記参る！,473,0,0,,https://min-repo.com/3354494/?kishu=all
2026-09-16,ひまわり宮城岩沼店,スマスロ やじきた道中記参る！,472,710,550,143.0,https://min-repo.com/3354494/?kishu=all
2026-09-16,ひまわり宮城岩沼店,スマスロ やじきた道中記参る！,471,,442,,https://min-repo.com/3354494/?kishu=all
2026-09-16,ひまわり宮城岩沼店,スマスロ やじきた道中記参る！,470,,2737,,https://min-repo.com/3354494/?kishu=all
2026-09-16,ひまわり宮城岩沼店,スマスロ とある魔術の禁書目録2,566,,2851,,https://min-repo.com/3354494/?kishu=all
2026-09-16,ひまわり宮城岩沼店,スマスロ とある魔術の禁書目録2,565,,1815,,https://min-repo.com/3354494/?kishu=all
2026-09-16,ひまわり宮城岩沼店,スマスロ とある魔術の禁書目録2,564,630,5950,103.5,https://min-repo.com/3354494/?kishu=all
2026-09-16,ひまわり宮城岩沼店,スマスロ とある魔術の禁書目録2,563,,3182,,https://min-repo.com/3354494/?kishu=all
2026-09-16,ひまわり宮城岩沼店,スマスロ とある魔術の禁書目録2,562,5770,3310,158.1,https://min-repo.com/3354494/?kishu=all
2026-09-16,ひまわり宮城岩沼店,ジャグラーガールズSS,591,10,1590,100.2,https://min-repo.com/3354494/?kishu=all
2026-09-16,ひまわり宮城岩沼店,ジャグラーガールズSS,590,,2465,,https://min-repo.com/3354494/?kishu=all
2026-09-16,ひまわり宮城岩沼店,ジャグラーガールズSS,589,0,2212,100.0,https://min-repo.com/3354494/?kishu=all
2026-09-16,ひまわり宮城岩沼店,ジャグラーガールズSS,588,,1826,,https://min-repo.com/3354494/?kishu=all
2026-09-16,ひまわり宮城岩沼店,ジャグラーガールズSS,587,,3380,,https://min-repo.com/3354494/?kishu=all
2026-09-16,ひまわり宮城岩沼店,ゴーゴージャグラー３,561,70,2337,101.0,https://min-repo.com/3354494/?kishu=all
2026-09-16,ひまわり宮城岩沼店,ゴーゴージャグラー３,560,,1560,,https://min-repo.com/3354494/?kishu=all
2026-09-16,ひまわり宮城岩沼店,ゴーゴージャグラー３,559,,4425,,https://min-repo.com/3354494/?kishu=all
2026-09-16,ひまわり宮城岩沼店,ゴーゴージャグラー３,558,,946,,https://min-repo.com/3354494/?kishu=all
2026-09-16,ひまわり宮城岩沼店,ゴーゴージャグラー３,557,,2246,,https://min-repo.com/3354494/?kishu=all
2026-09-16,ひまわり宮城岩沼店,ゴーゴージャグラー３,556,,3371,,https://min-repo.com/3354494/?kishu=all
2026-09-16,ひまわり宮城岩沼店,ゴーゴージャグラー３,555,,2300,,https://min-repo.com/3354494/?kishu=all
2026-09-16,ひまわり宮城岩沼店,ゴーゴージャグラー３,528,,3835,,https://min-repo.com/3354494/?kishu=all
2026-09-16,ひまわり宮城岩沼店,ゴーゴージャグラー３,527,1600,6224,108.6,https://min-repo.com/3354494/?kishu=all
2026-09-16,ひまわり宮城岩沼店,ゴーゴージャグラー３,526,,881,,https://min-repo.com/3354494/?kishu=all
2026-09-16,ひまわり宮城岩沼店,ゴーゴージャグラー３,525,,1610,,https://min-repo.com/3354494/?kishu=all
2026-09-16,ひまわり宮城岩沼店,ゴーゴージャグラー３,524,500,4550,103.7,https://min-repo.com/3354494/?kishu=all
2026-09-16,ひまわり宮城岩沼店,ゴーゴージャグラー３,523,,4152,,https://min-repo.com/3354494/?kishu=all
2026-09-16,ひまわり宮城岩沼店,ゴーゴージャグラー３,522,,2365,,https://min-repo.com/3354494/?kishu=all
2026-09-16,ひまわり宮城岩沼店,ウルトラミラクルジャグラー,656,,5878,,https://min-repo.com/3354494/?kishu=all
2026-09-16,ひまわり宮城岩沼店,ウルトラミラクルジャグラー,655,,2242,,https://min-repo.com/3354494/?kishu=all
2026-09-16,ひまわり宮城岩沼店,ウルトラミラクルジャグラー,654,210,5784,101.2,https://min-repo.com/3354494/?kishu=all
2026-09-16,ひまわり宮城岩沼店,ウルトラミラクルジャグラー,653,550,3614,105.1,https://min-repo.com/3354494/?kishu=all
2026-09-16,ひまわり宮城岩沼店,ウルトラミラクルジャグラー,652,,1885,,https://min-repo.com/3354494/?kishu=all
2026-09-16,ひまわり宮城岩沼店,アレックス ブライト,388,20,678,101.0,https://min-repo.com/3354494/?kishu=all
2026-09-16,ひまわり宮城岩沼店,SHAKE BONUS TRIGGER,380,,1849,,https://min-repo.com/3354494/?kishu=all
2026-09-16,ひまわり宮城岩沼店,L青春ブタ野郎はバニーガール先輩の夢を見ない,456,,1261,,https://min-repo.com/3354494/?kishu=all
2026-09-16,ひまわり宮城岩沼店,L青春ブタ野郎はバニーガール先輩の夢を見ない,455,11660,9753,139.9,https://min-repo.com/3354494/?kishu=all
2026-09-16,ひまわり宮城岩沼店,L青春ブタ野郎はバニーガール先輩の夢を見ない,454,,2501,,https://min-repo.com/3354494/?kishu=all
2026-09-16,ひまわり宮城岩沼店,L青春ブタ野郎はバニーガール先輩の夢を見ない,453,,8087,,https://min-repo.com/3354494/?kishu=all
2026-09-16,ひまわり宮城岩沼店,L邪神ちゃんドロップキック,378,,658,,https://min-repo.com/3354494/?kishu=all
2026-09-16,ひまわり宮城岩沼店,L邪神ちゃんドロップキック,373,870,6320,104.6,https://min-repo.com/3354494/?kishu=all
2026-09-16,ひまわり宮城岩沼店,L東京喰種,489,,2103,,https://min-repo.com/3354494/?kishu=all
2026-09-16,ひまわり宮城岩沼店,L東京喰種,488,3570,2064,157.7,https://min-repo.com/3354494/?kishu=all
2026-09-16,ひまわり宮城岩沼店,L東京喰種,487,2640,6399,113.8,https://min-repo.com/3354494/?kishu=all
2026-09-16,ひまわり宮城岩沼店,L東京喰種,486,,418,,https://min-repo.com/3354494/?kishu=all
2026-09-16,ひまわり宮城岩沼店,L東京喰種,485,,5511,,https://min-repo.com/3354494/?kishu=all
2026-09-16,ひまわり宮城岩沼店,L東京喰種,484,10,196,101.7,https://min-repo.com/3354494/?kishu=all
2026-09-16,ひまわり宮城岩沼店,L東京喰種,483,,1512,,https://min-repo.com/3354494/?kishu=all
2026-09-16,ひまわり宮城岩沼店,L東京喰種,482,,6231,,https://min-repo.com/3354494/?kishu=all
2026-09-16,ひまわり宮城岩沼店,L東京喰種,441,,326,,https://min-repo.com/3354494/?kishu=all
2026-09-16,ひまわり宮城岩沼店,L東京喰種,440,3200,2997,135.6,https://min-repo.com/3354494/?kishu=all
2026-09-16,ひまわり宮城岩沼店,L東京喰種,439,,1965,,https://min-repo.com/3354494/?kishu=all
2026-09-16,ひまわり宮城岩沼店,L東京喰種,438,,5896,,https://min-repo.com/3354494/?kishu=all
2026-09-16,ひまわり宮城岩沼店,L東京喰種,437,210,1218,105.7,https://min-repo.com/3354494/?kishu=all
2026-09-16,ひまわり宮城岩沼店,L東京喰種,436,,1408,,https://min-repo.com/3354494/?kishu=all
2026-09-16,ひまわり宮城岩沼店,L東京喰種,435,,2615,,https://min-repo.com/3354494/?kishu=all
2026-09-16,ひまわり宮城岩沼店,L東京喰種,434,,3370,,https://min-repo.com/3354494/?kishu=all
2026-09-16,ひまわり宮城岩沼店,L戦国乙女5 業火を穿つ宿焔の双刃,521,,8923,,https://min-repo.com/3354494/?kishu=all
2026-09-16,ひまわり宮城岩沼店,L戦国乙女5 業火を穿つ宿焔の双刃,520,,1727,,https://min-repo.com/3354494/?kishu=all
2026-09-16,ひまわり宮城岩沼店,L戦国乙女5 業火を穿つ宿焔の双刃,519,7610,7115,135.7,https://min-repo.com/3354494/?kishu=all
2026-09-16,ひまわり宮城岩沼店,L戦国乙女5 業火を穿つ宿焔の双刃,518,250,3198,102.6,https://min-repo.com/3354494/?kishu=all
2026-09-16,ひまわり宮城岩沼店,L戦国乙女5 業火を穿つ宿焔の双刃,517,900,2747,110.9,https://min-repo.com/3354494/?kishu=all
2026-09-16,ひまわり宮城岩沼店,L戦国乙女5 業火を穿つ宿焔の双刃,516,5250,8199,121.3,https://min-repo.com/3354494/?kishu=all
2026-09-16,ひまわり宮城岩沼店,L南国育ち SPECIAL,469,0,0,,https://min-repo.com/3354494/?kishu=all
2026-09-16,ひまわり宮城岩沼店,L南国育ち SPECIAL,468,0,0,,https://min-repo.com/3354494/?kishu=all
2026-09-16,ひまわり宮城岩沼店,L南国育ち SPECIAL,467,510,1416,112.0,https://min-repo.com/3354494/?kishu=all
2026-09-16,ひまわり宮城岩沼店,L南国育ち SPECIAL,466,,24,,https://min-repo.com/3354494/?kishu=all
2026-09-16,ひまわり宮城岩沼店,Lパチスロ革命機ヴァルヴレイヴ2,501,,3902,,https://min-repo.com/3354494/?kishu=all
2026-09-16,ひまわり宮城岩沼店,Lパチスロ革命機ヴァルヴレイヴ2,500,80,445,106.0,https://min-repo.com/3354494/?kishu=all
2026-09-16,ひまわり宮城岩沼店,Lパチスロ革命機ヴァルヴレイヴ2,499,,840,,https://min-repo.com/3354494/?kishu=all
2026-09-16,ひまわり宮城岩沼店,Lパチスロ革命機ヴァルヴレイヴ2,498,,2083,,https://min-repo.com/3354494/?kishu=all
2026-09-16,ひまわり宮城岩沼店,Lパチスロ炎炎ノ消防隊2,465,,729,,https://min-repo.com/3354494/?kishu=all
2026-09-16,ひまわり宮城岩沼店,Lパチスロ炎炎ノ消防隊2,464,,2859,,https://min-repo.com/3354494/?kishu=all
2026-09-16,ひまわり宮城岩沼店,Lパチスロ炎炎ノ消防隊2,463,,3575,,https://min-repo.com/3354494/?kishu=all
2026-09-16,ひまわり宮城岩沼店,Lパチスロ炎炎ノ消防隊2,462,,2905,,https://min-repo.com/3354494/?kishu=all
2026-09-16,ひまわり宮城岩沼店,Lパチスロ彼女、お借りします,515,,1512,,https://min-repo.com/3354494/?kishu=all
2026-09-16,ひまわり宮城岩沼店,Lパチスロ彼女、お借りします,514,,2546,,https://min-repo.com/3354494/?kishu=all
2026-09-16,ひまわり宮城岩沼店,Lパチスロ彼女、お借りします,513,2620,4360,120.0,https://min-repo.com/3354494/?kishu=all
2026-09-16,ひまわり宮城岩沼店,Lパチスロ彼女、お借りします,512,,5917,,https://min-repo.com/3354494/?kishu=all
2026-09-16,ひまわり宮城岩沼店,Lパチスロ喰霊-零-Re,379,,5839,,https://min-repo.com/3354494/?kishu=all
2026-09-16,ひまわり宮城岩沼店,Lパチスロからくりサーカス2,425,290,555,117.4,https://min-repo.com/3354494/?kishu=all
2026-09-16,ひまわり宮城岩沼店,Lパチスロからくりサーカス2,424,,720,,https://min-repo.com/3354494/?kishu=all
2026-09-16,ひまわり宮城岩沼店,Lパチスロからくりサーカス2,423,3070,1386,173.8,https://min-repo.com/3354494/?kishu=all
2026-09-16,ひまわり宮城岩沼店,Lパチスロからくりサーカス2,422,,1510,,https://min-repo.com/3354494/?kishu=all
2026-09-16,ひまわり宮城岩沼店,Lパチスロ かぐや様は告らせたい,377,1790,3482,117.1,https://min-repo.com/3354494/?kishu=all
2026-09-16,ひまわり宮城岩沼店,Lタクトオーパス デスティニー,374,,372,,https://min-repo.com/3354494/?kishu=all
2026-09-16,ひまわり宮城岩沼店,Lスマスロ北斗の拳,430,850,2632,110.8,https://min-repo.com/3354494/?kishu=all
2026-09-16,ひまわり宮城岩沼店,Lスマスロ北斗の拳,429,,597,,https://min-repo.com/3354494/?kishu=all
2026-09-16,ひまわり宮城岩沼店,Lスマスロ北斗の拳,428,,3217,,https://min-repo.com/3354494/?kishu=all
2026-09-16,ひまわり宮城岩沼店,Lスマスロ北斗の拳,427,,786,,https://min-repo.com/3354494/?kishu=all
2026-09-16,ひまわり宮城岩沼店,Lスマスロ北斗の拳,426,,1132,,https://min-repo.com/3354494/?kishu=all
2026-09-16,ひまわり宮城岩沼店,Lアズールレーン THE ANIMATION,372,10,49,,https://min-repo.com/3354494/?kishu=all
2026-09-16,ひまわり宮城岩沼店,Lアクダマドライブ,368,,2358,,https://min-repo.com/3354494/?kishu=all
2026-09-16,ひまわり宮城岩沼店,L ULTRAMAN 最終決戦,395,,1852,,https://min-repo.com/3354494/?kishu=all
2026-09-16,ひまわり宮城岩沼店,A-SLOT+異世界かるてっとBT,381,970,1081,129.9,https://min-repo.com/3354494/?kishu=all
2026-09-16,SS ZAP 多賀城店,真打 吉宗,330,1,3488,100.0,https://min-repo.com/3354561/?kishu=all
2026-09-16,SS ZAP 多賀城店,真打 吉宗,308,1,4105,100.0,https://min-repo.com/3354561/?kishu=all
2026-09-16,SS ZAP 多賀城店,沖ドキ！ＧＯＬＤ,79,,2728,,https://min-repo.com/3354561/?kishu=all
2026-09-16,SS ZAP 多賀城店,沖ドキ！ＧＯＬＤ,78,,260,,https://min-repo.com/3354561/?kishu=all
2026-09-16,SS ZAP 多賀城店,沖ドキ！ＧＯＬＤ,77,1,3613,100.0,https://min-repo.com/3354561/?kishu=all
2026-09-16,SS ZAP 多賀城店,沖ドキ！ＧＯＬＤ,76,,226,,https://min-repo.com/3354561/?kishu=all
2026-09-16,SS ZAP 多賀城店,沖ドキ！ＧＯＬＤ,75,1,2351,100.0,https://min-repo.com/3354561/?kishu=all
2026-09-16,SS ZAP 多賀城店,沖ドキ！ＧＯＬＤ,74,1,882,100.0,https://min-repo.com/3354561/?kishu=all
2026-09-16,SS ZAP 多賀城店,沖ドキ！ＧＯＬＤ,73,,985,,https://min-repo.com/3354561/?kishu=all
2026-09-16,SS ZAP 多賀城店,沖ドキ！ＧＯＬＤ,72,1,311,100.1,https://min-repo.com/3354561/?kishu=all
2026-09-16,SS ZAP 多賀城店,沖ドキ！ＧＯＬＤ,71,1,1116,100.0,https://min-repo.com/3354561/?kishu=all
2026-09-16,SS ZAP 多賀城店,沖ドキ！ＧＯＬＤ,70,,168,,https://min-repo.com/3354561/?kishu=all
2026-09-16,SS ZAP 多賀城店,沖ドキ！ＧＯＬＤ,69,,3733,,https://min-repo.com/3354561/?kishu=all
2026-09-16,SS ZAP 多賀城店,沖ドキ！ＧＯＬＤ,68,,1464,,https://min-repo.com/3354561/?kishu=all
2026-09-16,SS ZAP 多賀城店,戦国コレクション6,327,,434,,https://min-repo.com/3354561/?kishu=all
2026-09-16,SS ZAP 多賀城店,回胴黙示録カイジ 狂宴,323,,1439,,https://min-repo.com/3354561/?kishu=all
2026-09-16,SS ZAP 多賀城店,吉宗,223,1,977,100.0,https://min-repo.com/3354561/?kishu=all
2026-09-16,SS ZAP 多賀城店,吉宗,222,1,322,100.1,https://min-repo.com/3354561/?kishu=all
2026-09-16,SS ZAP 多賀城店,吉宗,221,,211,,https://min-repo.com/3354561/?kishu=all
2026-09-16,SS ZAP 多賀城店,吉宗,220,1,2202,100.0,https://min-repo.com/3354561/?kishu=all
2026-09-16,SS ZAP 多賀城店,吉宗,219,,1234,,https://min-repo.com/3354561/?kishu=all
2026-09-16,SS ZAP 多賀城店,吉宗,218,,1416,,https://min-repo.com/3354561/?kishu=all
2026-09-16,SS ZAP 多賀城店,交響詩篇エウレカセブン HI-EVOLUTION ZERO TYPE-ART,83,,3942,,https://min-repo.com/3354561/?kishu=all
2026-09-16,SS ZAP 多賀城店,ローティス,253,1,1476,100.0,https://min-repo.com/3354561/?kishu=all
2026-09-16,SS ZAP 多賀城店,マタドールⅢ,257,,2019,,https://min-repo.com/3354561/?kishu=all
2026-09-16,SS ZAP 多賀城店,マジカルハロウィン ボーナストリガー,250,1,378,100.1,https://min-repo.com/3354561/?kishu=all
2026-09-16,SS ZAP 多賀城店,マイジャグラーV,61,,3353,,https://min-repo.com/3354561/?kishu=all
2026-09-16,SS ZAP 多賀城店,マイジャグラーV,60,1,4580,100.0,https://min-repo.com/3354561/?kishu=all
2026-09-16,SS ZAP 多賀城店,マイジャグラーV,59,1,7368,100.0,https://min-repo.com/3354561/?kishu=all
2026-09-16,SS ZAP 多賀城店,マイジャグラーV,58,,1759,,https://min-repo.com/3354561/?kishu=all
2026-09-16,SS ZAP 多賀城店,マイジャグラーV,57,1,2582,100.0,https://min-repo.com/3354561/?kishu=all
2026-09-16,SS ZAP 多賀城店,マイジャグラーV,56,1,8925,100.0,https://min-repo.com/3354561/?kishu=all
2026-09-16,SS ZAP 多賀城店,マイジャグラーV,55,,2542,,https://min-repo.com/3354561/?kishu=all
2026-09-16,SS ZAP 多賀城店,マイジャグラーV,54,,2596,,https://min-repo.com/3354561/?kishu=all
2026-09-16,SS ZAP 多賀城店,マイジャグラーV,53,,7802,,https://min-repo.com/3354561/?kishu=all
2026-09-16,SS ZAP 多賀城店,マイジャグラーV,52,1,2390,100.0,https://min-repo.com/3354561/?kishu=all
2026-09-16,SS ZAP 多賀城店,マイジャグラーV,51,,2074,,https://min-repo.com/3354561/?kishu=all
2026-09-16,SS ZAP 多賀城店,マイジャグラーV,50,,8535,,https://min-repo.com/3354561/?kishu=all
2026-09-16,SS ZAP 多賀城店,マイジャグラーV,49,1,4027,100.0,https://min-repo.com/3354561/?kishu=all
2026-09-16,SS ZAP 多賀城店,マイジャグラーV,48,1,5421,100.0,https://min-repo.com/3354561/?kishu=all
2026-09-16,SS ZAP 多賀城店,マイジャグラーV,47,1,6223,100.0,https://min-repo.com/3354561/?kishu=all
2026-09-16,SS ZAP 多賀城店,マイジャグラーV,46,,6570,,https://min-repo.com/3354561/?kishu=all
2026-09-16,SS ZAP 多賀城店,マイジャグラーV,45,1,7803,100.0,https://min-repo.com/3354561/?kishu=all
2026-09-16,SS ZAP 多賀城店,マイジャグラーV,44,1,3920,100.0,https://min-repo.com/3354561/?kishu=all
2026-09-16,SS ZAP 多賀城店,マイジャグラーV,43,1,10021,100.0,https://min-repo.com/3354561/?kishu=all
2026-09-16,SS ZAP 多賀城店,マイジャグラーV,42,1,2835,100.0,https://min-repo.com/3354561/?kishu=all
2026-09-16,SS ZAP 多賀城店,マイジャグラーV,41,,2471,,https://min-repo.com/3354561/?kishu=all
2026-09-16,SS ZAP 多賀城店,マイジャグラーV,40,,3569,,https://min-repo.com/3354561/?kishu=all
2026-09-16,SS ZAP 多賀城店,マイジャグラーV,39,,4068,,https://min-repo.com/3354561/?kishu=all
2026-09-16,SS ZAP 多賀城店,マイジャグラーV,38,,4741,,https://min-repo.com/3354561/?kishu=all
2026-09-16,SS ZAP 多賀城店,マイジャグラーV,37,,7167,,https://min-repo.com/3354561/?kishu=all
2026-09-16,SS ZAP 多賀城店,マイジャグラーV,36,,4234,,https://min-repo.com/3354561/?kishu=all
2026-09-16,SS ZAP 多賀城店,マイジャグラーV,35,1,7420,100.0,https://min-repo.com/3354561/?kishu=all
2026-09-16,SS ZAP 多賀城店,マイジャグラーV,34,,2715,,https://min-repo.com/3354561/?kishu=all
2026-09-16,SS ZAP 多賀城店,マイジャグラーV,33,,1241,,https://min-repo.com/3354561/?kishu=all
2026-09-16,SS ZAP 多賀城店,マイジャグラーV,32,1,8657,100.0,https://min-repo.com/3354561/?kishu=all
2026-09-16,SS ZAP 多賀城店,ファンキージャグラー２ＫＴ,103,,3307,,https://min-repo.com/3354561/?kishu=all
2026-09-16,SS ZAP 多賀城店,ファンキージャグラー２ＫＴ,102,1,5808,100.0,https://min-repo.com/3354561/?kishu=all
2026-09-16,SS ZAP 多賀城店,ファンキージャグラー２ＫＴ,101,1,6206,100.0,https://min-repo.com/3354561/?kishu=all
2026-09-16,SS ZAP 多賀城店,ファンキージャグラー２ＫＴ,100,,4289,,https://min-repo.com/3354561/?kishu=all
2026-09-16,SS ZAP 多賀城店,ファミスタ回胴版！！,88,1,604,100.1,https://min-repo.com/3354561/?kishu=all
2026-09-16,SS ZAP 多賀城店,パチスロハイパーラッシュ,86,,1986,,https://min-repo.com/3354561/?kishu=all
2026-09-16,SS ZAP 多賀城店,パチスロ　甲鉄城のカバネリ,84,,659,,https://min-repo.com/3354561/?kishu=all
2026-09-16,SS ZAP 多賀城店,パチスロ　甲鉄城のカバネリ,82,1,240,100.1,https://min-repo.com/3354561/?kishu=all
2026-09-16,SS ZAP 多賀城店,パチスロ　新鬼武者２,80,,195,,https://min-repo.com/3354561/?kishu=all
2026-09-16,SS ZAP 多賀城店,パチスロ 転生したら剣でした,318,1,2000,100.0,https://min-repo.com/3354561/?kishu=all
2026-09-16,SS ZAP 多賀城店,バーニングエクスプレス,286,,514,,https://min-repo.com/3354561/?kishu=all
2026-09-16,SS ZAP 多賀城店,ハナハナホウオウ～天翔～,87,,1015,,https://min-repo.com/3354561/?kishu=all
2026-09-16,SS ZAP 多賀城店,ハッピージャグラーＶＩＩＩ,67,,5377,,https://min-repo.com/3354561/?kishu=all
2026-09-16,SS ZAP 多賀城店,ハッピージャグラーＶＩＩＩ,66,,8448,,https://min-repo.com/3354561/?kishu=all
2026-09-16,SS ZAP 多賀城店,ハッピージャグラーＶＩＩＩ,65,,2265,,https://min-repo.com/3354561/?kishu=all
2026-09-16,SS ZAP 多賀城店,ハッピージャグラーＶＩＩＩ,64,1,7038,100.0,https://min-repo.com/3354561/?kishu=all
2026-09-16,SS ZAP 多賀城店,ハッピージャグラーＶＩＩＩ,63,,2779,,https://min-repo.com/3354561/?kishu=all
2026-09-16,SS ZAP 多賀城店,ハッピージャグラーＶＩＩＩ,62,,4335,,https://min-repo.com/3354561/?kishu=all
2026-09-16,SS ZAP 多賀城店,ニューパルサーＤＸ３,85,1,2380,100.0,https://min-repo.com/3354561/?kishu=all
2026-09-16,SS ZAP 多賀城店,ドンちゃん２,91,,583,,https://min-repo.com/3354561/?kishu=all
2026-09-16,SS ZAP 多賀城店,スロット ワールドダイスター,325,,8236,,https://min-repo.com/3354561/?kishu=all
2026-09-16,SS ZAP 多賀城店,スロット ゾンビランドサガ,293,1,399,100.1,https://min-repo.com/3354561/?kishu=all
2026-09-16,SS ZAP 多賀城店,スロット Re:ゼロから始める異世界生活 season2,312,,1460,,https://min-repo.com/3354561/?kishu=all
2026-09-16,SS ZAP 多賀城店,スマスロ頭文字D 2nd,320,1,2918,100.0,https://min-repo.com/3354561/?kishu=all
2026-09-16,SS ZAP 多賀城店,スマスロ鉄拳6,170,1,203,100.2,https://min-repo.com/3354561/?kishu=all
2026-09-16,SS ZAP 多賀城店,スマスロ鉄拳6,169,,1512,,https://min-repo.com/3354561/?kishu=all
2026-09-16,SS ZAP 多賀城店,スマスロ鉄拳6,168,,1386,,https://min-repo.com/3354561/?kishu=all
2026-09-16,SS ZAP 多賀城店,スマスロ鉄拳6,167,,438,,https://min-repo.com/3354561/?kishu=all
2026-09-16,SS ZAP 多賀城店,スマスロ秘宝伝,205,,1802,,https://min-repo.com/3354561/?kishu=all
2026-09-16,SS ZAP 多賀城店,スマスロ秘宝伝,204,,951,,https://min-repo.com/3354561/?kishu=all
2026-09-16,SS ZAP 多賀城店,スマスロ秘宝伝,203,,4053,,https://min-repo.com/3354561/?kishu=all
2026-09-16,SS ZAP 多賀城店,スマスロ痛いのは嫌なので防御力に極振りしたいと思います。,306,,3644,,https://min-repo.com/3354561/?kishu=all
2026-09-16,SS ZAP 多賀城店,スマスロ新鬼武者3,211,1,2130,100.0,https://min-repo.com/3354561/?kishu=all
2026-09-16,SS ZAP 多賀城店,スマスロ新鬼武者3,210,1,890,100.0,https://min-repo.com/3354561/?kishu=all
2026-09-16,SS ZAP 多賀城店,スマスロ新鬼武者3,209,,1252,,https://min-repo.com/3354561/?kishu=all
2026-09-16,SS ZAP 多賀城店,スマスロ北斗の拳 転生の章2,139,,7589,,https://min-repo.com/3354561/?kishu=all
2026-09-16,SS ZAP 多賀城店,スマスロ北斗の拳 転生の章2,138,,7894,,https://min-repo.com/3354561/?kishu=all
2026-09-16,SS ZAP 多賀城店,スマスロ北斗の拳 転生の章2,137,,7854,,https://min-repo.com/3354561/?kishu=all
2026-09-16,SS ZAP 多賀城店,スマスロ北斗の拳 転生の章2,136,,1054,,https://min-repo.com/3354561/?kishu=all
2026-09-16,SS ZAP 多賀城店,スマスロ北斗の拳 転生の章2,135,1,4681,100.0,https://min-repo.com/3354561/?kishu=all
2026-09-16,SS ZAP 多賀城店,スマスロ北斗の拳 転生の章2,134,1,6078,100.0,https://min-repo.com/3354561/?kishu=all
2026-09-16,SS ZAP 多賀城店,スマスロ化物語,191,,1187,,https://min-repo.com/3354561/?kishu=all
2026-09-16,SS ZAP 多賀城店,スマスロ化物語,190,1,1044,100.0,https://min-repo.com/3354561/?kishu=all
2026-09-16,SS ZAP 多賀城店,スマスロ化物語,189,,706,,https://min-repo.com/3354561/?kishu=all
2026-09-16,SS ZAP 多賀城店,スマスロ化物語,188,1,1315,100.0,https://min-repo.com/3354561/?kishu=all
2026-09-16,SS ZAP 多賀城店,スマスロヨルムンガンド,297,0,0,,https://min-repo.com/3354561/?kishu=all
2026-09-16,SS ZAP 多賀城店,スマスロモンキーターンV,147,,581,,https://min-repo.com/3354561/?kishu=all
2026-09-16,SS ZAP 多賀城店,スマスロモンキーターンV,146,,5034,,https://min-repo.com/3354561/?kishu=all
2026-09-16,SS ZAP 多賀城店,スマスロモンキーターンV,145,,1608,,https://min-repo.com/3354561/?kishu=all
2026-09-16,SS ZAP 多賀城店,スマスロモンキーターンV,144,,388,,https://min-repo.com/3354561/?kishu=all
2026-09-16,SS ZAP 多賀城店,スマスロモンキーターンV,111,,623,,https://min-repo.com/3354561/?kishu=all
2026-09-16,SS ZAP 多賀城店,スマスロモンキーターンV,110,1,1150,100.0,https://min-repo.com/3354561/?kishu=all
2026-09-16,SS ZAP 多賀城店,スマスロモンキーターンV,109,,5562,,https://min-repo.com/3354561/?kishu=all
2026-09-16,SS ZAP 多賀城店,スマスロモンキーターンV,108,,419,,https://min-repo.com/3354561/?kishu=all
2026-09-16,SS ZAP 多賀城店,スマスロバジリスク～甲賀忍法帖～絆2 天膳 BLACK EDITION,301,,2961,,https://min-repo.com/3354561/?kishu=all
2026-09-16,SS ZAP 多賀城店,スマスロネオプラネット,287,0,686,100.0,https://min-repo.com/3354561/?kishu=all
2026-09-16,SS ZAP 多賀城店,スマスロケロット5BT,255,,1004,,https://min-repo.com/3354561/?kishu=all
2026-09-16,SS ZAP 多賀城店,スマスロキングパルサー,288,1,1173,100.0,https://min-repo.com/3354561/?kishu=all
2026-09-16,SS ZAP 多賀城店,スマスロとある科学の超電磁砲2,322,1,848,100.0,https://min-repo.com/3354561/?kishu=all
2026-09-16,SS ZAP 多賀城店,スマスロ 甲鉄城のカバネリ 海門決戦,143,1,4694,100.0,https://min-repo.com/3354561/?kishu=all
2026-09-16,SS ZAP 多賀城店,スマスロ 甲鉄城のカバネリ 海門決戦,142,1,5679,100.0,https://min-repo.com/3354561/?kishu=all
2026-09-16,SS ZAP 多賀城店,スマスロ 甲鉄城のカバネリ 海門決戦,141,,5598,,https://min-repo.com/3354561/?kishu=all
2026-09-16,SS ZAP 多賀城店,スマスロ 甲鉄城のカバネリ 海門決戦,140,,6900,,https://min-repo.com/3354561/?kishu=all
2026-09-16,SS ZAP 多賀城店,スマスロ 甲鉄城のカバネリ 海門決戦,115,1,4639,100.0,https://min-repo.com/3354561/?kishu=all
2026-09-16,SS ZAP 多賀城店,スマスロ 甲鉄城のカバネリ 海門決戦,114,,3808,,https://min-repo.com/3354561/?kishu=all
2026-09-16,SS ZAP 多賀城店,スマスロ 甲鉄城のカバネリ 海門決戦,113,,4618,,https://min-repo.com/3354561/?kishu=all
2026-09-16,SS ZAP 多賀城店,スマスロ 甲鉄城のカバネリ 海門決戦,112,,5242,,https://min-repo.com/3354561/?kishu=all
2026-09-16,SS ZAP 多賀城店,スマスロ 東京リベンジャーズ,238,1,3782,100.0,https://min-repo.com/3354561/?kishu=all
2026-09-16,SS ZAP 多賀城店,スマスロ 東京リベンジャーズ,237,,528,,https://min-repo.com/3354561/?kishu=all
2026-09-16,SS ZAP 多賀城店,スマスロ 東京リベンジャーズ,236,,3265,,https://min-repo.com/3354561/?kishu=all
2026-09-16,SS ZAP 多賀城店,スマスロ 攻殻機動隊,313,1,1290,100.0,https://min-repo.com/3354561/?kishu=all
2026-09-16,SS ZAP 多賀城店,スマスロ 攻殻機動隊,299,,1247,,https://min-repo.com/3354561/?kishu=all
2026-09-16,SS ZAP 多賀城店,スマスロ 七つの魔剣が支配する,310,0,0,,https://min-repo.com/3354561/?kishu=all
2026-09-16,SS ZAP 多賀城店,スマスロ リコリス・リコイル,163,1,8799,100.0,https://min-repo.com/3354561/?kishu=all
2026-09-16,SS ZAP 多賀城店,スマスロ リコリス・リコイル,162,,3905,,https://min-repo.com/3354561/?kishu=all
2026-09-16,SS ZAP 多賀城店,スマスロ リコリス・リコイル,161,1,9960,100.0,https://min-repo.com/3354561/?kishu=all
2026-09-16,SS ZAP 多賀城店,スマスロ リコリス・リコイル,160,1,10494,100.0,https://min-repo.com/3354561/?kishu=all
2026-09-16,SS ZAP 多賀城店,スマスロ リコリス・リコイル,159,,6440,,https://min-repo.com/3354561/?kishu=all
2026-09-16,SS ZAP 多賀城店,スマスロ リコリス・リコイル,158,1,10171,100.0,https://min-repo.com/3354561/?kishu=all
2026-09-16,SS ZAP 多賀城店,スマスロ モンスターハンターライズ,208,,2840,,https://min-repo.com/3354561/?kishu=all
2026-09-16,SS ZAP 多賀城店,スマスロ モンスターハンターライズ,207,,1390,,https://min-repo.com/3354561/?kishu=all
2026-09-16,SS ZAP 多賀城店,スマスロ モンスターハンターライズ,206,1,2248,100.0,https://min-repo.com/3354561/?kishu=all
2026-09-16,SS ZAP 多賀城店,スマスロ ミリオンゴッド-神々の軌跡-,214,,4263,,https://min-repo.com/3354561/?kishu=all
2026-09-16,SS ZAP 多賀城店,スマスロ ミリオンゴッド-神々の軌跡-,213,1,3074,100.0,https://min-repo.com/3354561/?kishu=all
2026-09-16,SS ZAP 多賀城店,スマスロ ミリオンゴッド-神々の軌跡-,212,,6224,,https://min-repo.com/3354561/?kishu=all
2026-09-16,SS ZAP 多賀城店,スマスロ ビッグドリーム THE GOLDEN PUSHER,217,0,0,,https://min-repo.com/3354561/?kishu=all
2026-09-16,SS ZAP 多賀城店,スマスロ ビッグドリーム THE GOLDEN PUSHER,216,,865,,https://min-repo.com/3354561/?kishu=all
2026-09-16,SS ZAP 多賀城店,スマスロ ビッグドリーム THE GOLDEN PUSHER,215,,384,,https://min-repo.com/3354561/?kishu=all
2026-09-16,SS ZAP 多賀城店,スマスロ バイオハザードRE:3,235,1,515,100.1,https://min-repo.com/3354561/?kishu=all
2026-09-16,SS ZAP 多賀城店,スマスロ バイオハザードRE:3,234,,2982,,https://min-repo.com/3354561/?kishu=all
2026-09-16,SS ZAP 多賀城店,スマスロ バイオハザードRE:3,233,,1445,,https://min-repo.com/3354561/?kishu=all
2026-09-16,SS ZAP 多賀城店,スマスロ バイオハザードRE:3,232,1,800,100.0,https://min-repo.com/3354561/?kishu=all
2026-09-16,SS ZAP 多賀城店,スマスロ バイオハザード5,241,,436,,https://min-repo.com/3354561/?kishu=all
2026-09-16,SS ZAP 多賀城店,スマスロ バイオハザード5,240,1,1547,100.0,https://min-repo.com/3354561/?kishu=all
2026-09-16,SS ZAP 多賀城店,スマスロ バイオハザード5,239,1,925,100.0,https://min-repo.com/3354561/?kishu=all
2026-09-16,SS ZAP 多賀城店,スマスロ ハナビ,256,1,8335,100.0,https://min-repo.com/3354561/?kishu=all
2026-09-16,SS ZAP 多賀城店,スマスロ デビルメイクライ5 スタイリッシュトライブ,324,,1707,,https://min-repo.com/3354561/?kishu=all
2026-09-16,SS ZAP 多賀城店,スマスロ タコスロ,259,1,6378,100.0,https://min-repo.com/3354561/?kishu=all
2026-09-16,SS ZAP 多賀城店,スマスロ スーパーリオエース2,317,1,2037,100.0,https://min-repo.com/3354561/?kishu=all
2026-09-16,SS ZAP 多賀城店,スマスロ スーパーリオエース2,296,1,2205,100.0,https://min-repo.com/3354561/?kishu=all
2026-09-16,SS ZAP 多賀城店,スマスロ スーパーブラックジャック,199,,24,,https://min-repo.com/3354561/?kishu=all
2026-09-16,SS ZAP 多賀城店,スマスロ スーパーブラックジャック,198,0,0,,https://min-repo.com/3354561/?kishu=all
2026-09-16,SS ZAP 多賀城店,スマスロ スーパーブラックジャック,197,,213,,https://min-repo.com/3354561/?kishu=all
2026-09-16,SS ZAP 多賀城店,スマスロ スーパーブラックジャック,196,1,4651,100.0,https://min-repo.com/3354561/?kishu=all
2026-09-16,SS ZAP 多賀城店,スマスロ ストリートファイター6,302,,3818,,https://min-repo.com/3354561/?kishu=all
2026-09-16,SS ZAP 多賀城店,スマスロ サンダーV,258,,3483,,https://min-repo.com/3354561/?kishu=all
2026-09-16,SS ZAP 多賀城店,スマスロ サンダーV,254,1,2884,100.0,https://min-repo.com/3354561/?kishu=all
2026-09-16,SS ZAP 多賀城店,スマスロ ゴッドイーター リザレクション,175,1,2850,100.0,https://min-repo.com/3354561/?kishu=all
2026-09-16,SS ZAP 多賀城店,スマスロ ゴッドイーター リザレクション,174,,770,,https://min-repo.com/3354561/?kishu=all
2026-09-16,SS ZAP 多賀城店,スマスロ ゴッドイーター リザレクション,173,1,588,100.1,https://min-repo.com/3354561/?kishu=all
2026-09-16,SS ZAP 多賀城店,スマスロ ゴッドイーター リザレクション,172,,1426,,https://min-repo.com/3354561/?kishu=all
2026-09-16,SS ZAP 多賀城店,スマスロ ゴッドイーター リザレクション,171,,537,,https://min-repo.com/3354561/?kishu=all
2026-09-16,SS ZAP 多賀城店,スマスロ ギルティクラウン2,295,1,33,,https://min-repo.com/3354561/?kishu=all
2026-09-16,SS ZAP 多賀城店,スマスロ アイドルマスター ミリオンライブ！ネクストプロローグ,328,0,0,,https://min-repo.com/3354561/?kishu=all
2026-09-16,SS ZAP 多賀城店,スマスロ やじきた道中記参る！,166,1,2277,100.0,https://min-repo.com/3354561/?kishu=all
2026-09-16,SS ZAP 多賀城店,スマスロ やじきた道中記参る！,165,1,2218,100.0,https://min-repo.com/3354561/?kishu=all
2026-09-16,SS ZAP 多賀城店,スマスロ やじきた道中記参る！,164,,1853,,https://min-repo.com/3354561/?kishu=all
2026-09-16,SS ZAP 多賀城店,スマスロ とある魔術の禁書目録2,311,1,4728,100.0,https://min-repo.com/3354561/?kishu=all
2026-09-16,SS ZAP 多賀城店,スマスロ とある魔術の禁書目録2,298,,6449,,https://min-repo.com/3354561/?kishu=all
2026-09-16,SS ZAP 多賀城店,ジャグラーガールズSS,99,1,2384,100.0,https://min-repo.com/3354561/?kishu=all
2026-09-16,SS ZAP 多賀城店,ジャグラーガールズSS,98,,3096,,https://min-repo.com/3354561/?kishu=all
2026-09-16,SS ZAP 多賀城店,ジャグラーガールズSS,97,,1598,,https://min-repo.com/3354561/?kishu=all
2026-09-16,SS ZAP 多賀城店,ジャグラーガールズSS,96,1,8979,100.0,https://min-repo.com/3354561/?kishu=all
2026-09-16,SS ZAP 多賀城店,ジャグラーガールズSS,95,1,3610,100.0,https://min-repo.com/3354561/?kishu=all
2026-09-16,SS ZAP 多賀城店,ジャグラーガールズSS,94,,1289,,https://min-repo.com/3354561/?kishu=all
2026-09-16,SS ZAP 多賀城店,ジャグラーガールズSS,93,,4595,,https://min-repo.com/3354561/?kishu=all
2026-09-16,SS ZAP 多賀城店,ジャグラーガールズSS,92,,3134,,https://min-repo.com/3354561/?kishu=all
2026-09-16,SS ZAP 多賀城店,サンダーＶライトニング,90,,693,,https://min-repo.com/3354561/?kishu=all
2026-09-16,SS ZAP 多賀城店,ゴーゴージャグラー３,31,,3302,,https://min-repo.com/3354561/?kishu=all
2026-09-16,SS ZAP 多賀城店,ゴーゴージャグラー３,30,,2263,,https://min-repo.com/3354561/?kishu=all
2026-09-16,SS ZAP 多賀城店,ゴーゴージャグラー３,29,1,3041,100.0,https://min-repo.com/3354561/?kishu=all
2026-09-16,SS ZAP 多賀城店,ゴーゴージャグラー３,28,,8112,,https://min-repo.com/3354561/?kishu=all
2026-09-16,SS ZAP 多賀城店,ゴーゴージャグラー３,27,,1601,,https://min-repo.com/3354561/?kishu=all
2026-09-16,SS ZAP 多賀城店,ゴーゴージャグラー３,26,,3932,,https://min-repo.com/3354561/?kishu=all
2026-09-16,SS ZAP 多賀城店,ゴーゴージャグラー３,25,,3572,,https://min-repo.com/3354561/?kishu=all
2026-09-16,SS ZAP 多賀城店,ゴーゴージャグラー３,24,,2555,,https://min-repo.com/3354561/?kishu=all
2026-09-16,SS ZAP 多賀城店,ゴーゴージャグラー３,23,1,3805,100.0,https://min-repo.com/3354561/?kishu=all
2026-09-16,SS ZAP 多賀城店,ゴーゴージャグラー３,22,,2021,,https://min-repo.com/3354561/?kishu=all
2026-09-16,SS ZAP 多賀城店,ゴーゴージャグラー３,21,1,5490,100.0,https://min-repo.com/3354561/?kishu=all
2026-09-16,SS ZAP 多賀城店,クレアの秘宝伝～はじまりの扉と太陽の石～ボーナストリガーver.,251,,1760,,https://min-repo.com/3354561/?kishu=all
2026-09-16,SS ZAP 多賀城店,クランキークレスト,89,,2544,,https://min-repo.com/3354561/?kishu=all
2026-09-16,SS ZAP 多賀城店,アニマルスロット ドッチ,289,,1025,,https://min-repo.com/3354561/?kishu=all
2026-09-16,SS ZAP 多賀城店,アニマルスロット ドッチ,285,,298,,https://min-repo.com/3354561/?kishu=all
2026-09-16,SS ZAP 多賀城店,この素晴らしい世界に祝福を！,81,1,437,100.1,https://min-repo.com/3354561/?kishu=all
2026-09-16,SS ZAP 多賀城店,いざ！番長,231,,988,,https://min-repo.com/3354561/?kishu=all
2026-09-16,SS ZAP 多賀城店,いざ！番長,230,,3398,,https://min-repo.com/3354561/?kishu=all
2026-09-16,SS ZAP 多賀城店,いざ！番長,229,,1223,,https://min-repo.com/3354561/?kishu=all
2026-09-16,SS ZAP 多賀城店,SアイムジャグラーＥＸ,9,,4238,,https://min-repo.com/3354561/?kishu=all
2026-09-16,SS ZAP 多賀城店,SアイムジャグラーＥＸ,8,,3024,,https://min-repo.com/3354561/?kishu=all
2026-09-16,SS ZAP 多賀城店,SアイムジャグラーＥＸ,7,1,1639,100.0,https://min-repo.com/3354561/?kishu=all
2026-09-16,SS ZAP 多賀城店,SアイムジャグラーＥＸ,6,,8427,,https://min-repo.com/3354561/?kishu=all
2026-09-16,SS ZAP 多賀城店,SアイムジャグラーＥＸ,5,,1932,,https://min-repo.com/3354561/?kishu=all
2026-09-16,SS ZAP 多賀城店,SアイムジャグラーＥＸ,4,,2872,,https://min-repo.com/3354561/?kishu=all
2026-09-16,SS ZAP 多賀城店,SアイムジャグラーＥＸ,3,,1900,,https://min-repo.com/3354561/?kishu=all
2026-09-16,SS ZAP 多賀城店,SアイムジャグラーＥＸ,20,1,5944,100.0,https://min-repo.com/3354561/?kishu=all
2026-09-16,SS ZAP 多賀城店,SアイムジャグラーＥＸ,2,,5065,,https://min-repo.com/3354561/?kishu=all
2026-09-16,SS ZAP 多賀城店,SアイムジャグラーＥＸ,19,,5894,,https://min-repo.com/3354561/?kishu=all
2026-09-16,SS ZAP 多賀城店,SアイムジャグラーＥＸ,18,,3533,,https://min-repo.com/3354561/?kishu=all
2026-09-16,SS ZAP 多賀城店,SアイムジャグラーＥＸ,17,,1157,,https://min-repo.com/3354561/?kishu=all
2026-09-16,SS ZAP 多賀城店,SアイムジャグラーＥＸ,16,1,7981,100.0,https://min-repo.com/3354561/?kishu=all
2026-09-16,SS ZAP 多賀城店,SアイムジャグラーＥＸ,15,1,10161,100.0,https://min-repo.com/3354561/?kishu=all
2026-09-16,SS ZAP 多賀城店,SアイムジャグラーＥＸ,14,1,2778,100.0,https://min-repo.com/3354561/?kishu=all
2026-09-16,SS ZAP 多賀城店,SアイムジャグラーＥＸ,13,,1379,,https://min-repo.com/3354561/?kishu=all
2026-09-16,SS ZAP 多賀城店,SアイムジャグラーＥＸ,12,1,2601,100.0,https://min-repo.com/3354561/?kishu=all
2026-09-16,SS ZAP 多賀城店,SアイムジャグラーＥＸ,11,1,4311,100.0,https://min-repo.com/3354561/?kishu=all
2026-09-16,SS ZAP 多賀城店,SアイムジャグラーＥＸ,10,,2227,,https://min-repo.com/3354561/?kishu=all
2026-09-16,SS ZAP 多賀城店,SアイムジャグラーＥＸ,1,,1870,,https://min-repo.com/3354561/?kishu=all
2026-09-16,SS ZAP 多賀城店,Sister Quest,300,0,0,,https://min-repo.com/3354561/?kishu=all
2026-09-16,SS ZAP 多賀城店,L麻雀物語,304,1,918,100.0,https://min-repo.com/3354561/?kishu=all
2026-09-16,SS ZAP 多賀城店,L青春ブタ野郎はバニーガール先輩の夢を見ない,187,1,7065,100.0,https://min-repo.com/3354561/?kishu=all
2026-09-16,SS ZAP 多賀城店,L青春ブタ野郎はバニーガール先輩の夢を見ない,186,,9789,,https://min-repo.com/3354561/?kishu=all
2026-09-16,SS ZAP 多賀城店,L青春ブタ野郎はバニーガール先輩の夢を見ない,185,1,7638,100.0,https://min-repo.com/3354561/?kishu=all
2026-09-16,SS ZAP 多賀城店,L範馬刃牙,326,1,1056,100.0,https://min-repo.com/3354561/?kishu=all
2026-09-16,SS ZAP 多賀城店,L真・一騎当千,244,,811,,https://min-repo.com/3354561/?kishu=all
2026-09-16,SS ZAP 多賀城店,L真・一騎当千,243,,409,,https://min-repo.com/3354561/?kishu=all
2026-09-16,SS ZAP 多賀城店,L真・一騎当千,242,1,746,100.0,https://min-repo.com/3354561/?kishu=all
2026-09-16,SS ZAP 多賀城店,L無職転生～異世界行ったら本気だす～,309,,1605,,https://min-repo.com/3354561/?kishu=all
2026-09-16,SS ZAP 多賀城店,L東京喰種,127,1,2175,100.0,https://min-repo.com/3354561/?kishu=all
2026-09-16,SS ZAP 多賀城店,L東京喰種,126,,2205,,https://min-repo.com/3354561/?kishu=all
2026-09-16,SS ZAP 多賀城店,L東京喰種,125,,3187,,https://min-repo.com/3354561/?kishu=all
2026-09-16,SS ZAP 多賀城店,L東京喰種,124,,6611,,https://min-repo.com/3354561/?kishu=all
2026-09-16,SS ZAP 多賀城店,L東京喰種,123,,338,,https://min-repo.com/3354561/?kishu=all
2026-09-16,SS ZAP 多賀城店,L東京喰種,122,,363,,https://min-repo.com/3354561/?kishu=all
2026-09-16,SS ZAP 多賀城店,L東京喰種,121,1,4850,100.0,https://min-repo.com/3354561/?kishu=all
2026-09-16,SS ZAP 多賀城店,L東京喰種,120,,1197,,https://min-repo.com/3354561/?kishu=all
2026-09-16,SS ZAP 多賀城店,L東京喰種,119,,1796,,https://min-repo.com/3354561/?kishu=all
2026-09-16,SS ZAP 多賀城店,L東京喰種,118,,231,,https://min-repo.com/3354561/?kishu=all
2026-09-16,SS ZAP 多賀城店,L東京喰種,117,,4138,,https://min-repo.com/3354561/?kishu=all
2026-09-16,SS ZAP 多賀城店,L東京喰種,116,,5081,,https://min-repo.com/3354561/?kishu=all
2026-09-16,SS ZAP 多賀城店,L戦国乙女４　戦乱に閃く炯眼の軍師,202,0,0,,https://min-repo.com/3354561/?kishu=all
2026-09-16,SS ZAP 多賀城店,L戦国乙女４　戦乱に閃く炯眼の軍師,201,1,2380,100.0,https://min-repo.com/3354561/?kishu=all
2026-09-16,SS ZAP 多賀城店,L戦国乙女４　戦乱に閃く炯眼の軍師,200,0,0,,https://min-repo.com/3354561/?kishu=all
2026-09-16,SS ZAP 多賀城店,L戦国乙女5 業火を穿つ宿焔の双刃,157,,3268,,https://min-repo.com/3354561/?kishu=all
2026-09-16,SS ZAP 多賀城店,L戦国乙女5 業火を穿つ宿焔の双刃,156,1,4952,100.0,https://min-repo.com/3354561/?kishu=all
2026-09-16,SS ZAP 多賀城店,L戦国乙女5 業火を穿つ宿焔の双刃,155,,980,,https://min-repo.com/3354561/?kishu=all
2026-09-16,SS ZAP 多賀城店,L戦国乙女5 業火を穿つ宿焔の双刃,154,,3322,,https://min-repo.com/3354561/?kishu=all
2026-09-16,SS ZAP 多賀城店,L戦国乙女5 業火を穿つ宿焔の双刃,153,1,4917,100.0,https://min-repo.com/3354561/?kishu=all
2026-09-16,SS ZAP 多賀城店,L戦国乙女5 業火を穿つ宿焔の双刃,152,,3268,,https://min-repo.com/3354561/?kishu=all
2026-09-16,SS ZAP 多賀城店,L少女☆歌劇 レヴュースタァライト -The SLOT-,294,,10036,,https://min-repo.com/3354561/?kishu=all
2026-09-16,SS ZAP 多賀城店,L主役は銭形5,314,1,1116,100.0,https://min-repo.com/3354561/?kishu=all
2026-09-16,SS ZAP 多賀城店,L不二子BT,248,1,4117,100.0,https://min-repo.com/3354561/?kishu=all
2026-09-16,SS ZAP 多賀城店,Lルパン三世 大航海者の秘宝,303,0,0,,https://min-repo.com/3354561/?kishu=all
2026-09-16,SS ZAP 多賀城店,Lラブ嬢3～Wご指名はいかがですか?～,321,,902,,https://min-repo.com/3354561/?kishu=all
2026-09-16,SS ZAP 多賀城店,Lマジカルハロウィン8,247,,1280,,https://min-repo.com/3354561/?kishu=all
2026-09-16,SS ZAP 多賀城店,Lマジカルハロウィン8,246,,1156,,https://min-repo.com/3354561/?kishu=all
2026-09-16,SS ZAP 多賀城店,Lマジカルハロウィン8,245,,870,,https://min-repo.com/3354561/?kishu=all
2026-09-16,SS ZAP 多賀城店,Lパチスロ革命機ヴァルヴレイヴ2,133,0,0,,https://min-repo.com/3354561/?kishu=all
2026-09-16,SS ZAP 多賀城店,Lパチスロ革命機ヴァルヴレイヴ2,132,,3542,,https://min-repo.com/3354561/?kishu=all
2026-09-16,SS ZAP 多賀城店,Lパチスロ革命機ヴァルヴレイヴ2,131,1,2090,100.0,https://min-repo.com/3354561/?kishu=all
2026-09-16,SS ZAP 多賀城店,Lパチスロ革命機ヴァルヴレイヴ2,130,,2437,,https://min-repo.com/3354561/?kishu=all
2026-09-16,SS ZAP 多賀城店,Lパチスロ革命機ヴァルヴレイヴ2,129,1,4554,100.0,https://min-repo.com/3354561/?kishu=all
2026-09-16,SS ZAP 多賀城店,Lパチスロ革命機ヴァルヴレイヴ2,128,1,5766,100.0,https://min-repo.com/3354561/?kishu=all
2026-09-16,SS ZAP 多賀城店,Lパチスロ炎炎ノ消防隊2,195,1,1405,100.0,https://min-repo.com/3354561/?kishu=all
2026-09-16,SS ZAP 多賀城店,Lパチスロ炎炎ノ消防隊2,194,,2637,,https://min-repo.com/3354561/?kishu=all
2026-09-16,SS ZAP 多賀城店,Lパチスロ炎炎ノ消防隊2,193,,221,,https://min-repo.com/3354561/?kishu=all
2026-09-16,SS ZAP 多賀城店,Lパチスロ炎炎ノ消防隊2,192,,2961,,https://min-repo.com/3354561/?kishu=all
2026-09-16,SS ZAP 多賀城店,Lパチスロ炎炎ノ消防隊,292,,465,,https://min-repo.com/3354561/?kishu=all
2026-09-16,SS ZAP 多賀城店,Lパチスロ彼女、お借りします,290,,5829,,https://min-repo.com/3354561/?kishu=all
2026-09-16,SS ZAP 多賀城店,Lパチスロ喰霊-零-Re,316,1,7608,100.0,https://min-repo.com/3354561/?kishu=all
2026-09-16,SS ZAP 多賀城店,Lパチスロからくりサーカス,228,1,1273,100.0,https://min-repo.com/3354561/?kishu=all
2026-09-16,SS ZAP 多賀城店,Lパチスロからくりサーカス,227,1,231,100.1,https://min-repo.com/3354561/?kishu=all
2026-09-16,SS ZAP 多賀城店,Lパチスロからくりサーカス,226,1,1732,100.0,https://min-repo.com/3354561/?kishu=all
2026-09-16,SS ZAP 多賀城店,Lパチスロからくりサーカス,225,1,388,100.1,https://min-repo.com/3354561/?kishu=all
2026-09-16,SS ZAP 多賀城店,Lパチスロからくりサーカス,224,1,1719,100.0,https://min-repo.com/3354561/?kishu=all
2026-09-16,SS ZAP 多賀城店,Lパチスロ かぐや様は告らせたい,180,1,2282,100.0,https://min-repo.com/3354561/?kishu=all
2026-09-16,SS ZAP 多賀城店,Lパチスロ かぐや様は告らせたい,179,0,0,,https://min-repo.com/3354561/?kishu=all
2026-09-16,SS ZAP 多賀城店,Lパチスロ かぐや様は告らせたい,178,,1547,,https://min-repo.com/3354561/?kishu=all
2026-09-16,SS ZAP 多賀城店,Lパチスロ かぐや様は告らせたい,177,0,0,,https://min-repo.com/3354561/?kishu=all
2026-09-16,SS ZAP 多賀城店,Lパチスロ かぐや様は告らせたい,176,1,6411,100.0,https://min-repo.com/3354561/?kishu=all
2026-09-16,SS ZAP 多賀城店,Lダーリン・イン・ザ・フランキス,291,,1357,,https://min-repo.com/3354561/?kishu=all
2026-09-16,SS ZAP 多賀城店,Lタクトオーパス デスティニー,329,,1164,,https://min-repo.com/3354561/?kishu=all
2026-09-16,SS ZAP 多賀城店,Lスマスロ北斗の拳,151,,1998,,https://min-repo.com/3354561/?kishu=all
2026-09-16,SS ZAP 多賀城店,Lスマスロ北斗の拳,150,,2381,,https://min-repo.com/3354561/?kishu=all
2026-09-16,SS ZAP 多賀城店,Lスマスロ北斗の拳,149,,2114,,https://min-repo.com/3354561/?kishu=all
2026-09-16,SS ZAP 多賀城店,Lスマスロ北斗の拳,148,1,2675,100.0,https://min-repo.com/3354561/?kishu=all
2026-09-16,SS ZAP 多賀城店,Lスマスロ北斗の拳,107,,2069,,https://min-repo.com/3354561/?kishu=all
2026-09-16,SS ZAP 多賀城店,Lスマスロ北斗の拳,106,,7275,,https://min-repo.com/3354561/?kishu=all
2026-09-16,SS ZAP 多賀城店,Lスマスロ北斗の拳,105,,1116,,https://min-repo.com/3354561/?kishu=all
2026-09-16,SS ZAP 多賀城店,Lスマスロ北斗の拳,104,1,2827,100.0,https://min-repo.com/3354561/?kishu=all
2026-09-16,SS ZAP 多賀城店,Lゴジラ対エヴァンゲリオン,305,,2591,,https://min-repo.com/3354561/?kishu=all
2026-09-16,SS ZAP 多賀城店,Lアズールレーン THE ANIMATION,319,,1877,,https://min-repo.com/3354561/?kishu=all
2026-09-16,SS ZAP 多賀城店,LBパチスロ ヱヴァンゲリヲン～約束の扉～,252,1,4038,100.0,https://min-repo.com/3354561/?kishu=all
2026-09-16,SS ZAP 多賀城店,LBパチスロ ヱヴァンゲリヲン～約束の扉～,249,,1323,,https://min-repo.com/3354561/?kishu=all
2026-09-16,SS ZAP 多賀城店,L ULTRAMAN 最終決戦,315,,1276,,https://min-repo.com/3354561/?kishu=all
2026-09-16,SS ZAP 多賀城店,L ToLOVEるダークネス,184,,1025,,https://min-repo.com/3354561/?kishu=all
2026-09-16,SS ZAP 多賀城店,L ToLOVEるダークネス,183,1,2441,100.0,https://min-repo.com/3354561/?kishu=all
2026-09-16,SS ZAP 多賀城店,L ToLOVEるダークネス,182,,1525,,https://min-repo.com/3354561/?kishu=all
2026-09-16,SS ZAP 多賀城店,L ToLOVEるダークネス,181,,1122,,https://min-repo.com/3354561/?kishu=all
2026-09-16,SS ZAP 多賀城店,GI優駿倶楽部黄金,307,,443,,https://min-repo.com/3354561/?kishu=all
2026-09-16,P-STATION&IIスロット館,真打 吉宗,1155,1,2448,100.0,https://min-repo.com/3355314/?kishu=all
2026-09-16,P-STATION&IIスロット館,真打 吉宗,1153,,2490,,https://min-repo.com/3355314/?kishu=all
2026-09-16,P-STATION&IIスロット館,真打 吉宗,1132,1,783,100.0,https://min-repo.com/3355314/?kishu=all
2026-09-16,P-STATION&IIスロット館,真打 吉宗,1131,,1055,,https://min-repo.com/3355314/?kishu=all
2026-09-16,P-STATION&IIスロット館,沖ドキ！ＧＯＬＤ-30,1028,0,0,,https://min-repo.com/3355314/?kishu=all
2026-09-16,P-STATION&IIスロット館,沖ドキ！ＧＯＬＤ-30,1027,1,742,100.0,https://min-repo.com/3355314/?kishu=all
2026-09-16,P-STATION&IIスロット館,沖ドキ！ＧＯＬＤ-30,1026,,642,,https://min-repo.com/3355314/?kishu=all
2026-09-16,P-STATION&IIスロット館,沖ドキ！ＧＯＬＤ-30,1025,1,401,100.1,https://min-repo.com/3355314/?kishu=all
2026-09-16,P-STATION&IIスロット館,沖ドキ！ＧＯＬＤ-30,1023,,813,,https://min-repo.com/3355314/?kishu=all
2026-09-16,P-STATION&IIスロット館,沖ドキ！ＧＯＬＤ-30,1022,1,532,100.1,https://min-repo.com/3355314/?kishu=all
2026-09-16,P-STATION&IIスロット館,沖ドキ！ＧＯＬＤ-30,1021,1,1150,100.0,https://min-repo.com/3355314/?kishu=all
2026-09-16,P-STATION&IIスロット館,沖ドキ！ＧＯＬＤ-30,1020,1,375,100.1,https://min-repo.com/3355314/?kishu=all
2026-09-16,P-STATION&IIスロット館,沖ドキ！ＧＯＬＤ-30,1018,,793,,https://min-repo.com/3355314/?kishu=all
2026-09-16,P-STATION&IIスロット館,沖ドキ！BLACK,1033,1,432,100.1,https://min-repo.com/3355314/?kishu=all
2026-09-16,P-STATION&IIスロット館,沖ドキ！BLACK,1032,,2578,,https://min-repo.com/3355314/?kishu=all
2026-09-16,P-STATION&IIスロット館,沖ドキ！BLACK,1031,1,1036,100.0,https://min-repo.com/3355314/?kishu=all
2026-09-16,P-STATION&IIスロット館,沖ドキ！BLACK,1030,1,168,100.2,https://min-repo.com/3355314/?kishu=all
2026-09-16,P-STATION&IIスロット館,戦国コレクション6,1507,,5256,,https://min-repo.com/3355314/?kishu=all
2026-09-16,P-STATION&IIスロット館,戦国コレクション6,1506,1,861,100.0,https://min-repo.com/3355314/?kishu=all
2026-09-16,P-STATION&IIスロット館,戦国コレクション6,1505,,1603,,https://min-repo.com/3355314/?kishu=all
2026-09-16,P-STATION&IIスロット館,交響詩篇エウレカセブン HI-EVOLUTION ZERO TYPE-ART,1066,1,4372,100.0,https://min-repo.com/3355314/?kishu=all
2026-09-16,P-STATION&IIスロット館,ミスタージャグラー,1367,,1051,,https://min-repo.com/3355314/?kishu=all
2026-09-16,P-STATION&IIスロット館,ミスタージャグラー,1366,,1153,,https://min-repo.com/3355314/?kishu=all
2026-09-16,P-STATION&IIスロット館,ミスタージャグラー,1365,1,3034,100.0,https://min-repo.com/3355314/?kishu=all
2026-09-16,P-STATION&IIスロット館,ミスタージャグラー,1363,,2352,,https://min-repo.com/3355314/?kishu=all
2026-09-16,P-STATION&IIスロット館,ミスタージャグラー,1362,,3739,,https://min-repo.com/3355314/?kishu=all
2026-09-16,P-STATION&IIスロット館,ミスタージャグラー,1361,,2136,,https://min-repo.com/3355314/?kishu=all
2026-09-16,P-STATION&IIスロット館,マイジャグラーV,1360,1,6572,100.0,https://min-repo.com/3355314/?kishu=all
2026-09-16,P-STATION&IIスロット館,マイジャグラーV,1358,,2832,,https://min-repo.com/3355314/?kishu=all
2026-09-16,P-STATION&IIスロット館,マイジャグラーV,1357,,2454,,https://min-repo.com/3355314/?kishu=all
2026-09-16,P-STATION&IIスロット館,マイジャグラーV,1356,,1953,,https://min-repo.com/3355314/?kishu=all
2026-09-16,P-STATION&IIスロット館,マイジャグラーV,1355,1,2793,100.0,https://min-repo.com/3355314/?kishu=all
2026-09-16,P-STATION&IIスロット館,マイジャグラーV,1330,,936,,https://min-repo.com/3355314/?kishu=all
2026-09-16,P-STATION&IIスロット館,マイジャグラーV,1328,,7672,,https://min-repo.com/3355314/?kishu=all
2026-09-16,P-STATION&IIスロット館,マイジャグラーV,1327,1,6283,100.0,https://min-repo.com/3355314/?kishu=all
2026-09-16,P-STATION&IIスロット館,マイジャグラーV,1326,,3524,,https://min-repo.com/3355314/?kishu=all
2026-09-16,P-STATION&IIスロット館,マイジャグラーV,1325,,1127,,https://min-repo.com/3355314/?kishu=all
2026-09-16,P-STATION&IIスロット館,マイジャグラーV,1323,1,8149,100.0,https://min-repo.com/3355314/?kishu=all
2026-09-16,P-STATION&IIスロット館,マイジャグラーV,1263,1,7908,100.0,https://min-repo.com/3355314/?kishu=all
2026-09-16,P-STATION&IIスロット館,マイジャグラーV,1262,,1296,,https://min-repo.com/3355314/?kishu=all
2026-09-16,P-STATION&IIスロット館,マイジャグラーV,1261,,4968,,https://min-repo.com/3355314/?kishu=all
2026-09-16,P-STATION&IIスロット館,マイジャグラーV,1260,,4811,,https://min-repo.com/3355314/?kishu=all
2026-09-16,P-STATION&IIスロット館,マイジャグラーV,1258,,1956,,https://min-repo.com/3355314/?kishu=all
2026-09-16,P-STATION&IIスロット館,マイジャグラーV,1257,,6743,,https://min-repo.com/3355314/?kishu=all
2026-09-16,P-STATION&IIスロット館,マイジャグラーV,1256,,2871,,https://min-repo.com/3355314/?kishu=all
2026-09-16,P-STATION&IIスロット館,マイジャグラーV,1255,,2336,,https://min-repo.com/3355314/?kishu=all
2026-09-16,P-STATION&IIスロット館,マイジャグラーV,1253,1,4361,100.0,https://min-repo.com/3355314/?kishu=all
2026-09-16,P-STATION&IIスロット館,マイジャグラーV,1252,1,3765,100.0,https://min-repo.com/3355314/?kishu=all
2026-09-16,P-STATION&IIスロット館,マイジャグラーV,1251,,2372,,https://min-repo.com/3355314/?kishu=all
2026-09-16,P-STATION&IIスロット館,マイジャグラーV,1250,1,6849,100.0,https://min-repo.com/3355314/?kishu=all
2026-09-16,P-STATION&IIスロット館,マイジャグラーV,1238,,1504,,https://min-repo.com/3355314/?kishu=all
2026-09-16,P-STATION&IIスロット館,マイジャグラーV,1237,,2788,,https://min-repo.com/3355314/?kishu=all
2026-09-16,P-STATION&IIスロット館,マイジャグラーV,1236,1,1011,100.0,https://min-repo.com/3355314/?kishu=all
2026-09-16,P-STATION&IIスロット館,マイジャグラーV,1235,1,7978,100.0,https://min-repo.com/3355314/?kishu=all
2026-09-16,P-STATION&IIスロット館,マイジャグラーV,1233,,856,,https://min-repo.com/3355314/?kishu=all
2026-09-16,P-STATION&IIスロット館,マイジャグラーV,1232,,986,,https://min-repo.com/3355314/?kishu=all
2026-09-16,P-STATION&IIスロット館,マイジャグラーV,1231,1,8268,100.0,https://min-repo.com/3355314/?kishu=all
2026-09-16,P-STATION&IIスロット館,マイジャグラーV,1230,,1320,,https://min-repo.com/3355314/?kishu=all
2026-09-16,P-STATION&IIスロット館,マイジャグラーV,1228,,3205,,https://min-repo.com/3355314/?kishu=all
2026-09-16,P-STATION&IIスロット館,マイジャグラーV,1227,,6890,,https://min-repo.com/3355314/?kishu=all
2026-09-16,P-STATION&IIスロット館,ファンキージャグラー２ＫＴ,1351,,1473,,https://min-repo.com/3355314/?kishu=all
2026-09-16,P-STATION&IIスロット館,ファンキージャグラー２ＫＴ,1350,,989,,https://min-repo.com/3355314/?kishu=all
2026-09-16,P-STATION&IIスロット館,ファンキージャグラー２ＫＴ,1338,,1866,,https://min-repo.com/3355314/?kishu=all
2026-09-16,P-STATION&IIスロット館,ファンキージャグラー２ＫＴ,1337,1,5698,100.0,https://min-repo.com/3355314/?kishu=all
2026-09-16,P-STATION&IIスロット館,ファンキージャグラー２ＫＴ,1336,,3781,,https://min-repo.com/3355314/?kishu=all
2026-09-16,P-STATION&IIスロット館,ファンキージャグラー２ＫＴ,1335,,1093,,https://min-repo.com/3355314/?kishu=all
2026-09-16,P-STATION&IIスロット館,ファンキージャグラー２ＫＴ,1333,,1072,,https://min-repo.com/3355314/?kishu=all
2026-09-16,P-STATION&IIスロット館,ファンキージャグラー２ＫＴ,1332,1,7159,100.0,https://min-repo.com/3355314/?kishu=all
2026-09-16,P-STATION&IIスロット館,ファンキージャグラー２ＫＴ,1331,,2979,,https://min-repo.com/3355314/?kishu=all
2026-09-16,P-STATION&IIスロット館,パチスロ　ディスクアップ２,1062,1,3062,100.0,https://min-repo.com/3355314/?kishu=all
2026-09-16,P-STATION&IIスロット館,パチスロ　ディスクアップ２,1061,1,3154,100.0,https://min-repo.com/3355314/?kishu=all
2026-09-16,P-STATION&IIスロット館,バーサスリヴァイズ,1065,,1384,,https://min-repo.com/3355314/?kishu=all
2026-09-16,P-STATION&IIスロット館,バーサスリヴァイズ,1063,1,7685,100.0,https://min-repo.com/3355314/?kishu=all
2026-09-16,P-STATION&IIスロット館,ハナハナホウオウ～天翔～-30,1060,,428,,https://min-repo.com/3355314/?kishu=all
2026-09-16,P-STATION&IIスロット館,ハナハナホウオウ～天翔～-30,1058,1,4812,100.0,https://min-repo.com/3355314/?kishu=all
2026-09-16,P-STATION&IIスロット館,ハナハナホウオウ～天翔～-30,1057,1,2834,100.0,https://min-repo.com/3355314/?kishu=all
2026-09-16,P-STATION&IIスロット館,ハナハナホウオウ～天翔～-30,1056,,489,,https://min-repo.com/3355314/?kishu=all
2026-09-16,P-STATION&IIスロット館,ハナハナホウオウ～天翔～-30,1055,1,2374,100.0,https://min-repo.com/3355314/?kishu=all
2026-09-16,P-STATION&IIスロット館,ハナハナホウオウ～天翔～-30,1053,,534,,https://min-repo.com/3355314/?kishu=all
2026-09-16,P-STATION&IIスロット館,ハナハナホウオウ～天翔～-30,1052,1,2635,100.0,https://min-repo.com/3355314/?kishu=all
2026-09-16,P-STATION&IIスロット館,ハナハナホウオウ～天翔～-30,1051,,698,,https://min-repo.com/3355314/?kishu=all
2026-09-16,P-STATION&IIスロット館,ハナハナホウオウ～天翔～-30,1050,1,895,100.0,https://min-repo.com/3355314/?kishu=all
2026-09-16,P-STATION&IIスロット館,ハナハナホウオウ～天翔～-30,1038,0,0,,https://min-repo.com/3355314/?kishu=all
2026-09-16,P-STATION&IIスロット館,ハナハナホウオウ～天翔～-30,1037,1,4869,100.0,https://min-repo.com/3355314/?kishu=all
2026-09-16,P-STATION&IIスロット館,ハナハナホウオウ～天翔～-30,1036,,328,,https://min-repo.com/3355314/?kishu=all
2026-09-16,P-STATION&IIスロット館,ハッピージャグラーＶＩＩＩ,1373,1,5665,100.0,https://min-repo.com/3355314/?kishu=all
2026-09-16,P-STATION&IIスロット館,ハッピージャグラーＶＩＩＩ,1372,,644,,https://min-repo.com/3355314/?kishu=all
2026-09-16,P-STATION&IIスロット館,ハッピージャグラーＶＩＩＩ,1371,,1115,,https://min-repo.com/3355314/?kishu=all
2026-09-16,P-STATION&IIスロット館,ハッピージャグラーＶＩＩＩ,1370,1,2067,100.0,https://min-repo.com/3355314/?kishu=all
2026-09-16,P-STATION&IIスロット館,ハッピージャグラーＶＩＩＩ,1368,,463,,https://min-repo.com/3355314/?kishu=all
2026-09-16,P-STATION&IIスロット館,ネオアイムジャグラーEX,1285,1,7539,100.0,https://min-repo.com/3355314/?kishu=all
2026-09-16,P-STATION&IIスロット館,ネオアイムジャグラーEX,1283,1,8223,100.0,https://min-repo.com/3355314/?kishu=all
2026-09-16,P-STATION&IIスロット館,ネオアイムジャグラーEX,1282,,3543,,https://min-repo.com/3355314/?kishu=all
2026-09-16,P-STATION&IIスロット館,ネオアイムジャグラーEX,1281,,7451,,https://min-repo.com/3355314/?kishu=all
2026-09-16,P-STATION&IIスロット館,ネオアイムジャグラーEX,1280,1,3172,100.0,https://min-repo.com/3355314/?kishu=all
2026-09-16,P-STATION&IIスロット館,ネオアイムジャグラーEX,1278,,5257,,https://min-repo.com/3355314/?kishu=all
2026-09-16,P-STATION&IIスロット館,ネオアイムジャグラーEX,1277,,2711,,https://min-repo.com/3355314/?kishu=all
2026-09-16,P-STATION&IIスロット館,ネオアイムジャグラーEX,1276,1,6509,100.0,https://min-repo.com/3355314/?kishu=all
2026-09-16,P-STATION&IIスロット館,ネオアイムジャグラーEX,1275,,1261,,https://min-repo.com/3355314/?kishu=all
2026-09-16,P-STATION&IIスロット館,ネオアイムジャグラーEX,1273,1,6374,100.0,https://min-repo.com/3355314/?kishu=all
2026-09-16,P-STATION&IIスロット館,ネオアイムジャグラーEX,1272,,1989,,https://min-repo.com/3355314/?kishu=all
2026-09-16,P-STATION&IIスロット館,ネオアイムジャグラーEX,1271,1,7873,100.0,https://min-repo.com/3355314/?kishu=all
2026-09-16,P-STATION&IIスロット館,ネオアイムジャグラーEX,1270,1,3022,100.0,https://min-repo.com/3355314/?kishu=all
2026-09-16,P-STATION&IIスロット館,ネオアイムジャグラーEX,1268,1,3466,100.0,https://min-repo.com/3355314/?kishu=all
2026-09-16,P-STATION&IIスロット館,ネオアイムジャグラーEX,1267,1,5535,100.0,https://min-repo.com/3355314/?kishu=all
2026-09-16,P-STATION&IIスロット館,ネオアイムジャグラーEX,1266,,1306,,https://min-repo.com/3355314/?kishu=all
2026-09-16,P-STATION&IIスロット館,ネオアイムジャグラーEX,1265,,3640,,https://min-repo.com/3355314/?kishu=all
2026-09-16,P-STATION&IIスロット館,スロット ワールドダイスター,1221,,4103,,https://min-repo.com/3355314/?kishu=all
2026-09-16,P-STATION&IIスロット館,スロット ワールドダイスター,1215,,3503,,https://min-repo.com/3355314/?kishu=all
2026-09-16,P-STATION&IIスロット館,スロット ソードアート・オンラインⅡ,1130,1,4716,100.0,https://min-repo.com/3355314/?kishu=all
2026-09-16,P-STATION&IIスロット館,スロット ソードアート・オンラインⅡ,1128,,4413,,https://min-repo.com/3355314/?kishu=all
2026-09-16,P-STATION&IIスロット館,スロット ソードアート・オンラインⅡ,1127,1,5585,100.0,https://min-repo.com/3355314/?kishu=all
2026-09-16,P-STATION&IIスロット館,スロット ソードアート・オンラインⅡ,1126,,3705,,https://min-repo.com/3355314/?kishu=all
2026-09-16,P-STATION&IIスロット館,スロット ソードアート・オンラインⅡ,1125,,5925,,https://min-repo.com/3355314/?kishu=all
2026-09-16,P-STATION&IIスロット館,スマスロ鉄拳6,1200,1,296,100.1,https://min-repo.com/3355314/?kishu=all
2026-09-16,P-STATION&IIスロット館,スマスロ痛いのは嫌なので防御力に極振りしたいと思います。,1216,,1563,,https://min-repo.com/3355314/?kishu=all
2026-09-16,P-STATION&IIスロット館,スマスロ北斗の拳 転生の章2,1110,,870,,https://min-repo.com/3355314/?kishu=all
2026-09-16,P-STATION&IIスロット館,スマスロ北斗の拳 転生の章2,1108,1,2771,100.0,https://min-repo.com/3355314/?kishu=all
2026-09-16,P-STATION&IIスロット館,スマスロ北斗の拳 転生の章2,1107,,1243,,https://min-repo.com/3355314/?kishu=all
2026-09-16,P-STATION&IIスロット館,スマスロ北斗の拳 転生の章2,1106,,48,,https://min-repo.com/3355314/?kishu=all
2026-09-16,P-STATION&IIスロット館,スマスロ北斗の拳 転生の章2,1105,1,5088,100.0,https://min-repo.com/3355314/?kishu=all
2026-09-16,P-STATION&IIスロット館,スマスロ北斗の拳 転生の章2,1103,,45,,https://min-repo.com/3355314/?kishu=all
2026-09-16,P-STATION&IIスロット館,スマスロ北斗の拳 転生の章2,1102,1,3113,100.0,https://min-repo.com/3355314/?kishu=all
2026-09-16,P-STATION&IIスロット館,スマスロ化物語,1083,,396,,https://min-repo.com/3355314/?kishu=all
2026-09-16,P-STATION&IIスロット館,スマスロ化物語,1082,1,2165,100.0,https://min-repo.com/3355314/?kishu=all
2026-09-16,P-STATION&IIスロット館,スマスロ化物語,1081,,221,,https://min-repo.com/3355314/?kishu=all
2026-09-16,P-STATION&IIスロット館,スマスロモンキーターンV,1225,,839,,https://min-repo.com/3355314/?kishu=all
2026-09-16,P-STATION&IIスロット館,スマスロモンキーターンV,1206,,183,,https://min-repo.com/3355314/?kishu=all
2026-09-16,P-STATION&IIスロット館,スマスロモンキーターンV,1188,1,293,100.1,https://min-repo.com/3355314/?kishu=all
2026-09-16,P-STATION&IIスロット館,スマスロモンキーターンV,1187,1,2840,100.0,https://min-repo.com/3355314/?kishu=all
2026-09-16,P-STATION&IIスロット館,スマスロモンキーターンV,1186,,635,,https://min-repo.com/3355314/?kishu=all
2026-09-16,P-STATION&IIスロット館,スマスロモンキーターンV,1185,,292,,https://min-repo.com/3355314/?kishu=all
2026-09-16,P-STATION&IIスロット館,スマスロモンキーターンV,1166,,4242,,https://min-repo.com/3355314/?kishu=all
2026-09-16,P-STATION&IIスロット館,スマスロモンキーターンV,1165,1,3357,100.0,https://min-repo.com/3355314/?kishu=all
2026-09-16,P-STATION&IIスロット館,スマスロモンキーターンV,1163,,634,,https://min-repo.com/3355314/?kishu=all
2026-09-16,P-STATION&IIスロット館,スマスロモンキーターンV,1162,,1388,,https://min-repo.com/3355314/?kishu=all
2026-09-16,P-STATION&IIスロット館,スマスロケロット5BT,1208,,1112,,https://min-repo.com/3355314/?kishu=all
2026-09-16,P-STATION&IIスロット館,スマスロ 甲鉄城のカバネリ 海門決戦,1180,,328,,https://min-repo.com/3355314/?kishu=all
2026-09-16,P-STATION&IIスロット館,スマスロ 甲鉄城のカバネリ 海門決戦,1178,,1701,,https://min-repo.com/3355314/?kishu=all
2026-09-16,P-STATION&IIスロット館,スマスロ 甲鉄城のカバネリ 海門決戦,1177,,1448,,https://min-repo.com/3355314/?kishu=all
2026-09-16,P-STATION&IIスロット館,スマスロ 甲鉄城のカバネリ 海門決戦,1176,,1840,,https://min-repo.com/3355314/?kishu=all
2026-09-16,P-STATION&IIスロット館,スマスロ 甲鉄城のカバネリ 海門決戦,1175,,1962,,https://min-repo.com/3355314/?kishu=all
2026-09-16,P-STATION&IIスロット館,スマスロ 甲鉄城のカバネリ 海門決戦,1173,,1707,,https://min-repo.com/3355314/?kishu=all
2026-09-16,P-STATION&IIスロット館,スマスロ 甲鉄城のカバネリ 海門決戦,1172,1,1374,100.0,https://min-repo.com/3355314/?kishu=all
2026-09-16,P-STATION&IIスロット館,スマスロ 甲鉄城のカバネリ 海門決戦,1171,,795,,https://min-repo.com/3355314/?kishu=all
2026-09-16,P-STATION&IIスロット館,スマスロ 攻殻機動隊,1068,,1181,,https://min-repo.com/3355314/?kishu=all
2026-09-16,P-STATION&IIスロット館,スマスロ 攻殻機動隊,1067,,1246,,https://min-repo.com/3355314/?kishu=all
2026-09-16,P-STATION&IIスロット館,スマスロ リコリス・リコイル,1183,,7803,,https://min-repo.com/3355314/?kishu=all
2026-09-16,P-STATION&IIスロット館,スマスロ リコリス・リコイル,1182,,7707,,https://min-repo.com/3355314/?kishu=all
2026-09-16,P-STATION&IIスロット館,スマスロ リコリス・リコイル,1181,,7093,,https://min-repo.com/3355314/?kishu=all
2026-09-16,P-STATION&IIスロット館,スマスロ リコリス・リコイル,1170,1,7553,100.0,https://min-repo.com/3355314/?kishu=all
2026-09-16,P-STATION&IIスロット館,スマスロ リコリス・リコイル,1168,1,7124,100.0,https://min-repo.com/3355314/?kishu=all
2026-09-16,P-STATION&IIスロット館,スマスロ リコリス・リコイル,1167,,5828,,https://min-repo.com/3355314/?kishu=all
2026-09-16,P-STATION&IIスロット館,スマスロ モンスターハンターライズ,1080,,330,,https://min-repo.com/3355314/?kishu=all
2026-09-16,P-STATION&IIスロット館,スマスロ モンスターハンターライズ,1078,0,0,,https://min-repo.com/3355314/?kishu=all
2026-09-16,P-STATION&IIスロット館,スマスロ モンスターハンターライズ,1077,,685,,https://min-repo.com/3355314/?kishu=all
2026-09-16,P-STATION&IIスロット館,スマスロ ミリオンゴッド-神々の軌跡-,1152,,1208,,https://min-repo.com/3355314/?kishu=all
2026-09-16,P-STATION&IIスロット館,スマスロ ミリオンゴッド-神々の軌跡-,1151,1,903,100.0,https://min-repo.com/3355314/?kishu=all
2026-09-16,P-STATION&IIスロット館,スマスロ ミリオンゴッド-神々の軌跡-,1150,1,1208,100.0,https://min-repo.com/3355314/?kishu=all
2026-09-16,P-STATION&IIスロット館,スマスロ ミリオンゴッド-神々の軌跡-,1138,1,2483,100.0,https://min-repo.com/3355314/?kishu=all
2026-09-16,P-STATION&IIスロット館,スマスロ ミリオンゴッド-神々の軌跡-,1137,,3065,,https://min-repo.com/3355314/?kishu=all
2026-09-16,P-STATION&IIスロット館,スマスロ ミリオンゴッド-神々の軌跡-,1136,1,1184,100.0,https://min-repo.com/3355314/?kishu=all
2026-09-16,P-STATION&IIスロット館,スマスロ ミリオンゴッド-神々の軌跡-,1135,,4047,,https://min-repo.com/3355314/?kishu=all
2026-09-16,P-STATION&IIスロット館,スマスロ ミリオンゴッド-神々の軌跡-,1133,1,1252,100.0,https://min-repo.com/3355314/?kishu=all
2026-09-16,P-STATION&IIスロット館,スマスロ マギアレコード 魔法少女まどか☆マギカ外伝,1518,,1029,,https://min-repo.com/3355314/?kishu=all
2026-09-16,P-STATION&IIスロット館,スマスロ マギアレコード 魔法少女まどか☆マギカ外伝,1517,1,1089,100.0,https://min-repo.com/3355314/?kishu=all
2026-09-16,P-STATION&IIスロット館,スマスロ マギアレコード 魔法少女まどか☆マギカ外伝,1516,,309,,https://min-repo.com/3355314/?kishu=all
2026-09-16,P-STATION&IIスロット館,スマスロ マギアレコード 魔法少女まどか☆マギカ外伝,1220,,2117,,https://min-repo.com/3355314/?kishu=all
2026-09-16,P-STATION&IIスロット館,スマスロ ハナビ,1383,1,2397,100.0,https://min-repo.com/3355314/?kishu=all
2026-09-16,P-STATION&IIスロット館,スマスロ ハナビ,1382,,3076,,https://min-repo.com/3355314/?kishu=all
2026-09-16,P-STATION&IIスロット館,スマスロ ハナビ,1381,1,6939,100.0,https://min-repo.com/3355314/?kishu=all
2026-09-16,P-STATION&IIスロット館,スマスロ タコスロ,1377,,5607,,https://min-repo.com/3355314/?kishu=all
2026-09-16,P-STATION&IIスロット館,スマスロ タコスロ,1376,,5622,,https://min-repo.com/3355314/?kishu=all
2026-09-16,P-STATION&IIスロット館,スマスロ スーパーリオエース2,1213,1,2348,100.0,https://min-repo.com/3355314/?kishu=all
2026-09-16,P-STATION&IIスロット館,スマスロ スーパーブラックジャック,1226,,2779,,https://min-repo.com/3355314/?kishu=all
2026-09-16,P-STATION&IIスロット館,スマスロ ストリートファイター6,1123,1,2403,100.0,https://min-repo.com/3355314/?kishu=all
2026-09-16,P-STATION&IIスロット館,スマスロ ストリートファイター6,1122,,1530,,https://min-repo.com/3355314/?kishu=all
2026-09-16,P-STATION&IIスロット館,スマスロ ストリートファイター6,1121,0,0,,https://min-repo.com/3355314/?kishu=all
2026-09-16,P-STATION&IIスロット館,スマスロ サンダーV,1387,,1017,,https://min-repo.com/3355314/?kishu=all
2026-09-16,P-STATION&IIスロット館,スマスロ サンダーV,1386,,3686,,https://min-repo.com/3355314/?kishu=all
2026-09-16,P-STATION&IIスロット館,スマスロ サンダーV,1385,,1615,,https://min-repo.com/3355314/?kishu=all
2026-09-16,P-STATION&IIスロット館,スマスロ ゴッドイーター リザレクション,1076,1,900,100.0,https://min-repo.com/3355314/?kishu=all
2026-09-16,P-STATION&IIスロット館,スマスロ ゴッドイーター リザレクション,1075,,468,,https://min-repo.com/3355314/?kishu=all
2026-09-16,P-STATION&IIスロット館,スマスロ ゴッドイーター リザレクション,1073,1,1250,100.0,https://min-repo.com/3355314/?kishu=all
2026-09-16,P-STATION&IIスロット館,スマスロ やじきた道中記参る！,1115,,677,,https://min-repo.com/3355314/?kishu=all
2026-09-16,P-STATION&IIスロット館,スマスロ やじきた道中記参る！,1113,,234,,https://min-repo.com/3355314/?kishu=all
2026-09-16,P-STATION&IIスロット館,スマスロ やじきた道中記参る！,1112,1,695,100.0,https://min-repo.com/3355314/?kishu=all
2026-09-16,P-STATION&IIスロット館,スマスロ やじきた道中記参る！,1111,,322,,https://min-repo.com/3355314/?kishu=all
2026-09-16,P-STATION&IIスロット館,スマスロ とある魔術の禁書目録2,1515,,614,,https://min-repo.com/3355314/?kishu=all
2026-09-16,P-STATION&IIスロット館,スマスロ とある魔術の禁書目録2,1513,,4454,,https://min-repo.com/3355314/?kishu=all
2026-09-16,P-STATION&IIスロット館,スマスロ とある魔術の禁書目録2,1512,,2197,,https://min-repo.com/3355314/?kishu=all
2026-09-16,P-STATION&IIスロット館,ジャグラーガールズSS,1353,,4703,,https://min-repo.com/3355314/?kishu=all
2026-09-16,P-STATION&IIスロット館,ジャグラーガールズSS,1352,1,7546,100.0,https://min-repo.com/3355314/?kishu=all
2026-09-16,P-STATION&IIスロット館,ジャグラーガールズSS,1010,,555,,https://min-repo.com/3355314/?kishu=all
2026-09-16,P-STATION&IIスロット館,ジャグラーガールズSS,1008,1,8683,100.0,https://min-repo.com/3355314/?kishu=all
2026-09-16,P-STATION&IIスロット館,ジャグラーガールズSS,1007,,665,,https://min-repo.com/3355314/?kishu=all
2026-09-16,P-STATION&IIスロット館,ジャグラーガールズSS,1006,,2448,,https://min-repo.com/3355314/?kishu=all
2026-09-16,P-STATION&IIスロット館,ゴーゴージャグラー３,1576,1,5939,100.0,https://min-repo.com/3355314/?kishu=all
2026-09-16,P-STATION&IIスロット館,ゴーゴージャグラー３,1575,,3707,,https://min-repo.com/3355314/?kishu=all
2026-09-16,P-STATION&IIスロット館,ゴーゴージャグラー３,1573,,2299,,https://min-repo.com/3355314/?kishu=all
2026-09-16,P-STATION&IIスロット館,ゴーゴージャグラー３,1572,1,2753,100.0,https://min-repo.com/3355314/?kishu=all
2026-09-16,P-STATION&IIスロット館,ゴーゴージャグラー３,1571,1,8237,100.0,https://min-repo.com/3355314/?kishu=all
2026-09-16,P-STATION&IIスロット館,ゴーゴージャグラー３,1570,1,8332,100.0,https://min-repo.com/3355314/?kishu=all
2026-09-16,P-STATION&IIスロット館,ゴーゴージャグラー３,1568,1,6174,100.0,https://min-repo.com/3355314/?kishu=all
2026-09-16,P-STATION&IIスロット館,ゴーゴージャグラー３,1567,1,6074,100.0,https://min-repo.com/3355314/?kishu=all
2026-09-16,P-STATION&IIスロット館,ゴーゴージャグラー３,1566,,2941,,https://min-repo.com/3355314/?kishu=all
2026-09-16,P-STATION&IIスロット館,ゴーゴージャグラー３,1322,,6351,,https://min-repo.com/3355314/?kishu=all
2026-09-16,P-STATION&IIスロット館,ゴーゴージャグラー３,1321,,4215,,https://min-repo.com/3355314/?kishu=all
2026-09-16,P-STATION&IIスロット館,ゴーゴージャグラー３,1320,,4220,,https://min-repo.com/3355314/?kishu=all
2026-09-16,P-STATION&IIスロット館,ゴーゴージャグラー３,1318,,830,,https://min-repo.com/3355314/?kishu=all
2026-09-16,P-STATION&IIスロット館,ゴーゴージャグラー３,1317,1,9911,100.0,https://min-repo.com/3355314/?kishu=all
2026-09-16,P-STATION&IIスロット館,ゴーゴージャグラー３,1316,,1005,,https://min-repo.com/3355314/?kishu=all
2026-09-16,P-STATION&IIスロット館,ゴーゴージャグラー３,1315,,818,,https://min-repo.com/3355314/?kishu=all
2026-09-16,P-STATION&IIスロット館,ゴーゴージャグラー３,1313,,6849,,https://min-repo.com/3355314/?kishu=all
2026-09-16,P-STATION&IIスロット館,ゴーゴージャグラー３,1312,,733,,https://min-repo.com/3355314/?kishu=all
2026-09-16,P-STATION&IIスロット館,ゴーゴージャグラー３,1311,,3115,,https://min-repo.com/3355314/?kishu=all
2026-09-16,P-STATION&IIスロット館,ゴーゴージャグラー３,1310,1,7653,100.0,https://min-repo.com/3355314/?kishu=all
2026-09-16,P-STATION&IIスロット館,ゴーゴージャグラー３,1308,1,8082,100.0,https://min-repo.com/3355314/?kishu=all
2026-09-16,P-STATION&IIスロット館,ゴーゴージャグラー３,1307,,1279,,https://min-repo.com/3355314/?kishu=all
2026-09-16,P-STATION&IIスロット館,ゴーゴージャグラー３,1306,,1566,,https://min-repo.com/3355314/?kishu=all
2026-09-16,P-STATION&IIスロット館,ゴーゴージャグラー３,1305,,832,,https://min-repo.com/3355314/?kishu=all
2026-09-16,P-STATION&IIスロット館,ゴーゴージャグラー３,1303,1,4251,100.0,https://min-repo.com/3355314/?kishu=all
2026-09-16,P-STATION&IIスロット館,ゴーゴージャグラー３,1302,1,8998,100.0,https://min-repo.com/3355314/?kishu=all
2026-09-16,P-STATION&IIスロット館,ゴーゴージャグラー３,1301,,2432,,https://min-repo.com/3355314/?kishu=all
2026-09-16,P-STATION&IIスロット館,ゴーゴージャグラー３,1300,,4002,,https://min-repo.com/3355314/?kishu=all
2026-09-16,P-STATION&IIスロット館,ゴーゴージャグラー３,1288,1,3567,100.0,https://min-repo.com/3355314/?kishu=all
2026-09-16,P-STATION&IIスロット館,ゴーゴージャグラー３,1287,1,1824,100.0,https://min-repo.com/3355314/?kishu=all
2026-09-16,P-STATION&IIスロット館,ゴーゴージャグラー３,1286,1,3782,100.0,https://min-repo.com/3355314/?kishu=all
2026-09-16,P-STATION&IIスロット館,クレアの秘宝伝～はじまりの扉と太陽の石～ボーナストリガーver.,1210,,534,,https://min-repo.com/3355314/?kishu=all
2026-09-16,P-STATION&IIスロット館,ウルトラミラクルジャグラー,1005,1,3685,100.0,https://min-repo.com/3355314/?kishu=all
2026-09-16,P-STATION&IIスロット館,ウルトラミラクルジャグラー,1003,,2483,,https://min-repo.com/3355314/?kishu=all
2026-09-16,P-STATION&IIスロット館,ウルトラミラクルジャグラー,1002,,934,,https://min-repo.com/3355314/?kishu=all
2026-09-16,P-STATION&IIスロット館,ウルトラミラクルジャグラー,1001,,4559,,https://min-repo.com/3355314/?kishu=all
2026-09-16,P-STATION&IIスロット館,アレックス ブライト,1380,,1884,,https://min-repo.com/3355314/?kishu=all
2026-09-16,P-STATION&IIスロット館,アレックス ブライト,1378,,3857,,https://min-repo.com/3355314/?kishu=all
2026-09-16,P-STATION&IIスロット館,アニマルスロット ドッチ,1207,,1765,,https://min-repo.com/3355314/?kishu=all
2026-09-16,P-STATION&IIスロット館,いざ！番長,1072,,3164,,https://min-repo.com/3355314/?kishu=all
2026-09-16,P-STATION&IIスロット館,いざ！番長,1071,,92,,https://min-repo.com/3355314/?kishu=all
2026-09-16,P-STATION&IIスロット館,いざ！番長,1070,1,225,100.1,https://min-repo.com/3355314/?kishu=all
2026-09-16,P-STATION&IIスロット館,SHAKE BONUS TRIGGER,1223,,1061,,https://min-repo.com/3355314/?kishu=all
2026-09-16,P-STATION&IIスロット館,SHAKE BONUS TRIGGER,1222,,573,,https://min-repo.com/3355314/?kishu=all
2026-09-16,P-STATION&IIスロット館,L青春ブタ野郎はバニーガール先輩の夢を見ない,1120,,5999,,https://min-repo.com/3355314/?kishu=all
2026-09-16,P-STATION&IIスロット館,L青春ブタ野郎はバニーガール先輩の夢を見ない,1118,,3067,,https://min-repo.com/3355314/?kishu=all
2026-09-16,P-STATION&IIスロット館,L青春ブタ野郎はバニーガール先輩の夢を見ない,1117,,3456,,https://min-repo.com/3355314/?kishu=all
2026-09-16,P-STATION&IIスロット館,L青春ブタ野郎はバニーガール先輩の夢を見ない,1116,1,2797,100.0,https://min-repo.com/3355314/?kishu=all
2026-09-16,P-STATION&IIスロット館,L邪神ちゃんドロップキック,1217,,1545,,https://min-repo.com/3355314/?kishu=all
2026-09-16,P-STATION&IIスロット館,L東京喰種,1565,,2178,,https://min-repo.com/3355314/?kishu=all
2026-09-16,P-STATION&IIスロット館,L東京喰種,1563,1,3235,100.0,https://min-repo.com/3355314/?kishu=all
2026-09-16,P-STATION&IIスロット館,L東京喰種,1562,,763,,https://min-repo.com/3355314/?kishu=all
2026-09-16,P-STATION&IIスロット館,L東京喰種,1561,1,298,100.1,https://min-repo.com/3355314/?kishu=all
2026-09-16,P-STATION&IIスロット館,L東京喰種,1560,,1299,,https://min-repo.com/3355314/?kishu=all
2026-09-16,P-STATION&IIスロット館,L東京喰種,1558,,2037,,https://min-repo.com/3355314/?kishu=all
2026-09-16,P-STATION&IIスロット館,L東京喰種,1557,,1459,,https://min-repo.com/3355314/?kishu=all
2026-09-16,P-STATION&IIスロット館,L東京喰種,1556,,3816,,https://min-repo.com/3355314/?kishu=all
2026-09-16,P-STATION&IIスロット館,L東京喰種,1555,,209,,https://min-repo.com/3355314/?kishu=all
2026-09-16,P-STATION&IIスロット館,L東京喰種,1553,,5720,,https://min-repo.com/3355314/?kishu=all
2026-09-16,P-STATION&IIスロット館,L東京喰種,1552,1,4926,100.0,https://min-repo.com/3355314/?kishu=all
2026-09-16,P-STATION&IIスロット館,L東京喰種,1551,1,1636,100.0,https://min-repo.com/3355314/?kishu=all
2026-09-16,P-STATION&IIスロット館,L東京喰種,1550,1,3597,100.0,https://min-repo.com/3355314/?kishu=all
2026-09-16,P-STATION&IIスロット館,L東京喰種,1538,,232,,https://min-repo.com/3355314/?kishu=all
2026-09-16,P-STATION&IIスロット館,L東京喰種,1537,,3507,,https://min-repo.com/3355314/?kishu=all
2026-09-16,P-STATION&IIスロット館,L東京喰種,1536,,1672,,https://min-repo.com/3355314/?kishu=all
2026-09-16,P-STATION&IIスロット館,L東京喰種,1535,1,5646,100.0,https://min-repo.com/3355314/?kishu=all
2026-09-16,P-STATION&IIスロット館,L東京喰種,1533,,416,,https://min-repo.com/3355314/?kishu=all
2026-09-16,P-STATION&IIスロット館,L東京喰種,1532,,154,,https://min-repo.com/3355314/?kishu=all
2026-09-16,P-STATION&IIスロット館,L東京喰種,1531,,1307,,https://min-repo.com/3355314/?kishu=all
2026-09-16,P-STATION&IIスロット館,L東京喰種,1530,,2121,,https://min-repo.com/3355314/?kishu=all
2026-09-16,P-STATION&IIスロット館,L東京喰種,1528,,1111,,https://min-repo.com/3355314/?kishu=all
2026-09-16,P-STATION&IIスロット館,L東京喰種,1527,1,3969,100.0,https://min-repo.com/3355314/?kishu=all
2026-09-16,P-STATION&IIスロット館,L東京喰種,1526,,634,,https://min-repo.com/3355314/?kishu=all
2026-09-16,P-STATION&IIスロット館,L戦国乙女４　戦乱に閃く炯眼の軍師,1211,0,0,,https://min-repo.com/3355314/?kishu=all
2026-09-16,P-STATION&IIスロット館,L戦国乙女5 業火を穿つ宿焔の双刃,1525,1,3421,100.0,https://min-repo.com/3355314/?kishu=all
2026-09-16,P-STATION&IIスロット館,L戦国乙女5 業火を穿つ宿焔の双刃,1523,,291,,https://min-repo.com/3355314/?kishu=all
2026-09-16,P-STATION&IIスロット館,L戦国乙女5 業火を穿つ宿焔の双刃,1522,,698,,https://min-repo.com/3355314/?kishu=all
2026-09-16,P-STATION&IIスロット館,L戦国乙女5 業火を穿つ宿焔の双刃,1521,1,761,100.0,https://min-repo.com/3355314/?kishu=all
2026-09-16,P-STATION&IIスロット館,L戦国乙女5 業火を穿つ宿焔の双刃,1520,,3270,,https://min-repo.com/3355314/?kishu=all
2026-09-16,P-STATION&IIスロット館,L戦国乙女5 業火を穿つ宿焔の双刃,1503,,656,,https://min-repo.com/3355314/?kishu=all
2026-09-16,P-STATION&IIスロット館,L戦国乙女5 業火を穿つ宿焔の双刃,1502,1,1179,100.0,https://min-repo.com/3355314/?kishu=all
2026-09-16,P-STATION&IIスロット館,L戦国乙女5 業火を穿つ宿焔の双刃,1501,,2538,,https://min-repo.com/3355314/?kishu=all
2026-09-16,P-STATION&IIスロット館,L戦国乙女5 業火を穿つ宿焔の双刃,1500,,1462,,https://min-repo.com/3355314/?kishu=all
2026-09-16,P-STATION&IIスロット館,L戦国乙女5 業火を穿つ宿焔の双刃,1388,,1562,,https://min-repo.com/3355314/?kishu=all
2026-09-16,P-STATION&IIスロット館,L南国育ち SPECIAL,1201,,1431,,https://min-repo.com/3355314/?kishu=all
2026-09-16,P-STATION&IIスロット館,Lパチスロ革命機ヴァルヴレイヴ2,1013,,2551,,https://min-repo.com/3355314/?kishu=all
2026-09-16,P-STATION&IIスロット館,Lパチスロ革命機ヴァルヴレイヴ2,1012,1,251,100.1,https://min-repo.com/3355314/?kishu=all
2026-09-16,P-STATION&IIスロット館,Lパチスロ革命機ヴァルヴレイヴ2,1011,,1100,,https://min-repo.com/3355314/?kishu=all
2026-09-16,P-STATION&IIスロット館,Lパチスロ炎炎ノ消防隊2,1017,,2490,,https://min-repo.com/3355314/?kishu=all
2026-09-16,P-STATION&IIスロット館,Lパチスロ炎炎ノ消防隊2,1016,,1320,,https://min-repo.com/3355314/?kishu=all
2026-09-16,P-STATION&IIスロット館,Lパチスロ炎炎ノ消防隊2,1015,,1538,,https://min-repo.com/3355314/?kishu=all
2026-09-16,P-STATION&IIスロット館,Lパチスロ彼女、お借りします,1202,1,5619,100.0,https://min-repo.com/3355314/?kishu=all
2026-09-16,P-STATION&IIスロット館,Lパチスロ喰霊-零-Re,1511,,4282,,https://min-repo.com/3355314/?kishu=all
2026-09-16,P-STATION&IIスロット館,Lパチスロ喰霊-零-Re,1510,,1102,,https://min-repo.com/3355314/?kishu=all
2026-09-16,P-STATION&IIスロット館,Lパチスロ喰霊-零-Re,1508,,1548,,https://min-repo.com/3355314/?kishu=all
2026-09-16,P-STATION&IIスロット館,Lパチスロからくりサーカス2,1161,1,599,100.1,https://min-repo.com/3355314/?kishu=all
2026-09-16,P-STATION&IIスロット館,Lパチスロからくりサーカス2,1160,,1244,,https://min-repo.com/3355314/?kishu=all
2026-09-16,P-STATION&IIスロット館,Lパチスロからくりサーカス2,1158,,379,,https://min-repo.com/3355314/?kishu=all
2026-09-16,P-STATION&IIスロット館,Lパチスロからくりサーカス2,1157,,824,,https://min-repo.com/3355314/?kishu=all
2026-09-16,P-STATION&IIスロット館,Lパチスロからくりサーカス2,1156,,1204,,https://min-repo.com/3355314/?kishu=all
2026-09-16,P-STATION&IIスロット館,Lパチスロうみねこのなく頃に2,1375,1,1556,100.0,https://min-repo.com/3355314/?kishu=all
2026-09-16,P-STATION&IIスロット館,Lパチスロ かぐや様は告らせたい,1203,1,1326,100.0,https://min-repo.com/3355314/?kishu=all
2026-09-16,P-STATION&IIスロット館,Lスマスロ北斗の拳,1101,,1738,,https://min-repo.com/3355314/?kishu=all
2026-09-16,P-STATION&IIスロット館,Lスマスロ北斗の拳,1100,,364,,https://min-repo.com/3355314/?kishu=all
2026-09-16,P-STATION&IIスロット館,Lスマスロ北斗の拳,1088,1,854,100.0,https://min-repo.com/3355314/?kishu=all
2026-09-16,P-STATION&IIスロット館,Lスマスロ北斗の拳,1087,,1075,,https://min-repo.com/3355314/?kishu=all
2026-09-16,P-STATION&IIスロット館,Lスマスロ北斗の拳,1086,,1128,,https://min-repo.com/3355314/?kishu=all
2026-09-16,P-STATION&IIスロット館,Lスマスロ北斗の拳,1085,1,1876,100.0,https://min-repo.com/3355314/?kishu=all
2026-09-16,P-STATION&IIスロット館,Lアズールレーン THE ANIMATION,1218,0,297,100.0,https://min-repo.com/3355314/?kishu=all
2026-09-16,P-STATION&IIスロット館,LBパチスロ ヱヴァンゲリヲン～約束の扉～,1205,,688,,https://min-repo.com/3355314/?kishu=all
2026-09-16,P-STATION&IIスロット館,L ＨＥＹ！エリートサラリーマン鏡,1212,1,581,100.1,https://min-repo.com/3355314/?kishu=all
